This is pdfTeX, Version 3.141592653-2.6-1.40.26 (TeX Live 2024) (preloaded format=pdflatex 2025.2.23)  2 MAR 2025 00:28
entering extended mode
 restricted \write18 enabled.
 file:line:error style messages enabled.
 %&-line parsing enabled.
**/home/jonzoda/Documents/school/2024/MTH5103/notes/final_complex_variable/input/note03.tex
(/home/jonzoda/Documents/school/2024/MTH5103/notes/final_complex_variable/input/note03.tex
LaTeX2e <2024-11-01> patch level 2
L3 programming layer <2025-01-18>
/home/jonzoda/Documents/school/2024/MTH5103/notes/final_complex_variable/input/note03.tex:2: Undefined control sequence.
l.2 \section
            *{Week 3 Lecture 7}
The control sequence at the end of the top line
of your error message was never \def'ed. If you have
misspelled it (e.g., `\hobx'), type `I' and the correct
spelling (e.g., `I\hbox'). Otherwise just continue,
and I'll forget about whatever was undefined.


/home/jonzoda/Documents/school/2024/MTH5103/notes/final_complex_variable/input/note03.tex:2: LaTeX Error: Missing \begin{document}.

See the LaTeX manual or LaTeX Companion for explanation.
Type  H <return>  for immediate help.
 ...                                              
                                                  
l.2 \section*
             {Week 3 Lecture 7}
You're in trouble here.  Try typing  <return>  to proceed.
If that doesn't work, type  X <return>  to quit.

Missing character: There is no * in font nullfont!
Missing character: There is no W in font nullfont!
Missing character: There is no e in font nullfont!
Missing character: There is no e in font nullfont!
Missing character: There is no k in font nullfont!
Missing character: There is no 3 in font nullfont!
Missing character: There is no L in font nullfont!
Missing character: There is no e in font nullfont!
Missing character: There is no c in font nullfont!
Missing character: There is no t in font nullfont!
Missing character: There is no u in font nullfont!
Missing character: There is no r in font nullfont!
Missing character: There is no e in font nullfont!
Missing character: There is no 7 in font nullfont!
Missing character: There is no W in font nullfont!
Missing character: There is no e in font nullfont!
Missing character: There is no h in font nullfont!
Missing character: There is no a in font nullfont!
Missing character: There is no v in font nullfont!
Missing character: There is no e in font nullfont!
Missing character: There is no p in font nullfont!
Missing character: There is no r in font nullfont!
Missing character: There is no o in font nullfont!
Missing character: There is no v in font nullfont!
Missing character: There is no e in font nullfont!
Missing character: There is no d in font nullfont!
Missing character: There is no : in font nullfont!

Overfull \hbox (20.0pt too wide) in paragraph at lines 2--4
[]
 []

LaTeX Font Info:    External font `cmex10' loaded for size
(Font)              <7> on input line 4.
LaTeX Font Info:    External font `cmex10' loaded for size
(Font)              <5> on input line 4.
/home/jonzoda/Documents/school/2024/MTH5103/notes/final_complex_variable/input/note03.tex:4: Undefined control sequence.
l.4 ...m_{(x,y) \to (x_0, y_0)} u(x,y) = u_0 \text
                                                  { and } \lim_{(x,y) \to (x...
The control sequence at the end of the top line
of your error message was never \def'ed. If you have
misspelled it (e.g., `\hobx'), type `I' and the correct
spelling (e.g., `I\hbox'). Otherwise just continue,
and I'll forget about whatever was undefined.


Overfull \hbox (339.80663pt too wide) detected at line 4
[] \OML/cmm/m/it/10 f\OT1/cmr/m/n/10 (\OML/cmm/m/it/10 z\OT1/cmr/m/n/10 ) = \OML/cmm/m/it/10 u[] \OT1/cmr/m/n/10 + \OML/cmm/m/it/10 iv[]  \OMS/cmsy/m/n/10 ([])  [] \OML/cmm/m/it/10 u\OT1/cmr/m/n/10 (\OML/cmm/m/it/10 x; y\OT1/cmr/m/n/10 ) = \OML/cmm/m/it/10 u[][] [] v\OT1/cmr/m/n/10 (\OML/cmm/m/it/10 x; y\OT1/cmr/m/n/10 ) = \OML/cmm/m/it/10 v[]
 []


/home/jonzoda/Documents/school/2024/MTH5103/notes/final_complex_variable/input/note03.tex:6: LaTeX Error: Missing \begin{document}.

See the LaTeX manual or LaTeX Companion for explanation.
Type  H <return>  for immediate help.
 ...                                              
                                                  
l.6 \textbf{Cor 3.1.}
                      If $\lim_{z \to z_0} f(z) = w_0$, then $\lim_{z \to z_...
You're in trouble here.  Try typing  <return>  to proceed.
If that doesn't work, type  X <return>  to quit.

Missing character: There is no I in font nullfont!
Missing character: There is no f in font nullfont!
Missing character: There is no , in font nullfont!
Missing character: There is no t in font nullfont!
Missing character: There is no h in font nullfont!
Missing character: There is no e in font nullfont!
Missing character: There is no n in font nullfont!
Missing character: There is no . in font nullfont!
Missing character: There is no I in font nullfont!
Missing character: There is no n in font nullfont!
Missing character: There is no a in font nullfont!
Missing character: There is no d in font nullfont!
Missing character: There is no d in font nullfont!
Missing character: There is no i in font nullfont!
Missing character: There is no t in font nullfont!
Missing character: There is no i in font nullfont!
Missing character: There is no o in font nullfont!
Missing character: There is no n in font nullfont!
Missing character: There is no , in font nullfont!
Missing character: There is no i in font nullfont!
Missing character: There is no f in font nullfont!
Missing character: There is no a in font nullfont!
Missing character: There is no n in font nullfont!
Missing character: There is no d in font nullfont!
Missing character: There is no i in font nullfont!
Missing character: There is no s in font nullfont!
Missing character: There is no c in font nullfont!
Missing character: There is no h in font nullfont!
Missing character: There is no o in font nullfont!
Missing character: There is no s in font nullfont!
Missing character: There is no e in font nullfont!
Missing character: There is no n in font nullfont!
Missing character: There is no i in font nullfont!
Missing character: There is no n in font nullfont!
Missing character: There is no t in font nullfont!
Missing character: There is no h in font nullfont!
Missing character: There is no e in font nullfont!
Missing character: There is no i in font nullfont!
Missing character: There is no n in font nullfont!
Missing character: There is no t in font nullfont!
Missing character: There is no e in font nullfont!
Missing character: There is no r in font nullfont!
Missing character: There is no v in font nullfont!
Missing character: There is no a in font nullfont!
Missing character: There is no l in font nullfont!
Missing character: There is no , in font nullfont!
Missing character: There is no t in font nullfont!
Missing character: There is no h in font nullfont!
Missing character: There is no e in font nullfont!
Missing character: There is no n in font nullfont!
Missing character: There is no . in font nullfont!

Overfull \hbox (38.79158pt too wide) in paragraph at lines 6--7
[]\OT1/cmr/bx/n/10 Cor
 []


Overfull \hbox (17.8888pt too wide) in paragraph at lines 6--7
\OT1/cmr/bx/n/10 3.1.
 []


Overfull \hbox (65.25484pt too wide) in paragraph at lines 6--7
[][] \OML/cmm/m/it/10 f\OT1/cmr/m/n/10 (\OML/cmm/m/it/10 z\OT1/cmr/m/n/10 ) =
 []


Overfull \hbox (11.6453pt too wide) in paragraph at lines 6--7
\OML/cmm/m/it/10 w[]$
 []


Overfull \hbox (70.81041pt too wide) in paragraph at lines 6--7
[][] \OMS/cmsy/m/n/10 j\OML/cmm/m/it/10 f\OT1/cmr/m/n/10 (\OML/cmm/m/it/10 z\OT1/cmr/m/n/10 )\OMS/cmsy/m/n/10 j \OT1/cmr/m/n/10 =
 []


Overfull \hbox (17.20087pt too wide) in paragraph at lines 6--7
\OMS/cmsy/m/n/10 j\OML/cmm/m/it/10 w[]\OMS/cmsy/m/n/10 j$
 []


Overfull \hbox (22.2008pt too wide) in paragraph at lines 6--7
\OML/cmm/m/it/10 w[] \OMS/cmsy/m/n/10 6\OT1/cmr/m/n/10 =
 []


Overfull \hbox (5.00002pt too wide) in paragraph at lines 6--7
\OT1/cmr/m/n/10 0$
 []


Overfull \hbox (27.3675pt too wide) in paragraph at lines 6--7
[] \OML/cmm/m/it/10 w[]$
 []


Overfull \hbox (29.89589pt too wide) in paragraph at lines 6--7
\OT1/cmr/m/n/10 [\OMS/cmsy/m/n/10 ^^@\OML/cmm/m/it/10 ^^Y; ^^Y\OT1/cmr/m/n/10 ]$
 []


Overfull \hbox (80.97704pt too wide) in paragraph at lines 6--7
[][] [] \OML/cmm/m/it/10 f\OT1/cmr/m/n/10 (\OML/cmm/m/it/10 z\OT1/cmr/m/n/10 ) =
 []


Overfull \hbox (27.3675pt too wide) in paragraph at lines 6--7
[] \OML/cmm/m/it/10 w[]$ 
 []


/home/jonzoda/Documents/school/2024/MTH5103/notes/final_complex_variable/input/note03.tex:8: LaTeX Error: Missing \begin{document}.

See the LaTeX manual or LaTeX Companion for explanation.
Type  H <return>  for immediate help.
 ...                                              
                                                  
l.8 W
     e extend the definition of limit to include the point at $\infty$:
You're in trouble here.  Try typing  <return>  to proceed.
If that doesn't work, type  X <return>  to quit.

Missing character: There is no W in font nullfont!
Missing character: There is no e in font nullfont!
Missing character: There is no e in font nullfont!
Missing character: There is no x in font nullfont!
Missing character: There is no t in font nullfont!
Missing character: There is no e in font nullfont!
Missing character: There is no n in font nullfont!
Missing character: There is no d in font nullfont!
Missing character: There is no t in font nullfont!
Missing character: There is no h in font nullfont!
Missing character: There is no e in font nullfont!
Missing character: There is no d in font nullfont!
Missing character: There is no e in font nullfont!
Missing character: There is no f in font nullfont!
Missing character: There is no i in font nullfont!
Missing character: There is no n in font nullfont!
Missing character: There is no i in font nullfont!
Missing character: There is no t in font nullfont!
Missing character: There is no i in font nullfont!
Missing character: There is no o in font nullfont!
Missing character: There is no n in font nullfont!
Missing character: There is no o in font nullfont!
Missing character: There is no f in font nullfont!
Missing character: There is no l in font nullfont!
Missing character: There is no i in font nullfont!
Missing character: There is no m in font nullfont!
Missing character: There is no i in font nullfont!
Missing character: There is no t in font nullfont!
Missing character: There is no t in font nullfont!
Missing character: There is no o in font nullfont!
Missing character: There is no i in font nullfont!
Missing character: There is no n in font nullfont!
Missing character: There is no c in font nullfont!
Missing character: There is no l in font nullfont!
Missing character: There is no u in font nullfont!
Missing character: There is no d in font nullfont!
Missing character: There is no e in font nullfont!
Missing character: There is no t in font nullfont!
Missing character: There is no h in font nullfont!
Missing character: There is no e in font nullfont!
Missing character: There is no p in font nullfont!
Missing character: There is no o in font nullfont!
Missing character: There is no i in font nullfont!
Missing character: There is no n in font nullfont!
Missing character: There is no t in font nullfont!
Missing character: There is no a in font nullfont!
Missing character: There is no t in font nullfont!
Missing character: There is no : in font nullfont!

Overfull \hbox (20.0pt too wide) in paragraph at lines 8--9
[]
 []


Overfull \hbox (10.00002pt too wide) in paragraph at lines 8--9
\OMS/cmsy/m/n/10 1$ 
 []


/home/jonzoda/Documents/school/2024/MTH5103/notes/final_complex_variable/input/note03.tex:10: LaTeX Error: Missing \begin{document}.

See the LaTeX manual or LaTeX Companion for explanation.
Type  H <return>  for immediate help.
 ...                                              
                                                  
l.10 \textbf{Def 3.2:}
                       We say that $\lim_{z \to \infty} f(z) = w_0$ if for a...
You're in trouble here.  Try typing  <return>  to proceed.
If that doesn't work, type  X <return>  to quit.

Missing character: There is no W in font nullfont!
Missing character: There is no e in font nullfont!
Missing character: There is no s in font nullfont!
Missing character: There is no a in font nullfont!
Missing character: There is no y in font nullfont!
Missing character: There is no t in font nullfont!
Missing character: There is no h in font nullfont!
Missing character: There is no a in font nullfont!
Missing character: There is no t in font nullfont!
Missing character: There is no i in font nullfont!
Missing character: There is no f in font nullfont!
Missing character: There is no f in font nullfont!
Missing character: There is no o in font nullfont!
Missing character: There is no r in font nullfont!
Missing character: There is no a in font nullfont!
Missing character: There is no n in font nullfont!
Missing character: There is no y in font nullfont!
Missing character: There is no ( in font nullfont!
Missing character: There is no g in font nullfont!
Missing character: There is no i in font nullfont!
Missing character: There is no v in font nullfont!
Missing character: There is no e in font nullfont!
Missing character: There is no n in font nullfont!
Missing character: There is no ) in font nullfont!
Missing character: There is no t in font nullfont!
Missing character: There is no h in font nullfont!
Missing character: There is no e in font nullfont!
Missing character: There is no r in font nullfont!
Missing character: There is no e in font nullfont!
Missing character: There is no e in font nullfont!
Missing character: There is no x in font nullfont!
Missing character: There is no i in font nullfont!
Missing character: There is no s in font nullfont!
Missing character: There is no t in font nullfont!
Missing character: There is no s in font nullfont!
Missing character: There is no s in font nullfont!
Missing character: There is no u in font nullfont!
Missing character: There is no c in font nullfont!
Missing character: There is no h in font nullfont!
Missing character: There is no t in font nullfont!
Missing character: There is no h in font nullfont!
Missing character: There is no a in font nullfont!
Missing character: There is no t in font nullfont!
Missing character: There is no f in font nullfont!
Missing character: There is no o in font nullfont!
Missing character: There is no r in font nullfont!
Missing character: There is no a in font nullfont!
Missing character: There is no n in font nullfont!
Missing character: There is no y in font nullfont!
Missing character: There is no , in font nullfont!
Missing character: There is no . in font nullfont!

Overfull \hbox (37.60408pt too wide) in paragraph at lines 10--11
[]\OT1/cmr/bx/n/10 Def
 []


Overfull \hbox (17.8888pt too wide) in paragraph at lines 10--11
\OT1/cmr/bx/n/10 3.2:
 []


Overfull \hbox (65.5036pt too wide) in paragraph at lines 10--11
[][] \OML/cmm/m/it/10 f\OT1/cmr/m/n/10 (\OML/cmm/m/it/10 z\OT1/cmr/m/n/10 ) =
 []


Overfull \hbox (11.6453pt too wide) in paragraph at lines 10--11
\OML/cmm/m/it/10 w[]$
 []


Overfull \hbox (14.61455pt too wide) in paragraph at lines 10--11
\OML/cmm/m/it/10 ^^O >
 []


Overfull \hbox (5.00002pt too wide) in paragraph at lines 10--11
\OT1/cmr/m/n/10 0$
 []


Overfull \hbox (18.22566pt too wide) in paragraph at lines 10--11
\OML/cmm/m/it/10 R \OT1/cmr/m/n/10 =
 []


Overfull \hbox (30.0625pt too wide) in paragraph at lines 10--11
\OML/cmm/m/it/10 R\OT1/cmr/m/n/10 (\OML/cmm/m/it/10 ^^O\OT1/cmr/m/n/10 ) \OML/cmm/m/it/10 >
 []


Overfull \hbox (5.00002pt too wide) in paragraph at lines 10--11
\OT1/cmr/m/n/10 0$
 []


Overfull \hbox (21.20139pt too wide) in paragraph at lines 10--11
\OMS/cmsy/m/n/10 j\OML/cmm/m/it/10 z\OMS/cmsy/m/n/10 j \OML/cmm/m/it/10 >
 []


Overfull \hbox (7.67015pt too wide) in paragraph at lines 10--11
\OML/cmm/m/it/10 R$
 []


Overfull \hbox (29.39595pt too wide) in paragraph at lines 10--11
\OMS/cmsy/m/n/10 j\OML/cmm/m/it/10 f\OT1/cmr/m/n/10 (\OML/cmm/m/it/10 z\OT1/cmr/m/n/10 ) \OMS/cmsy/m/n/10 ^^@
 []


Overfull \hbox (24.97859pt too wide) in paragraph at lines 10--11
\OML/cmm/m/it/10 w[]\OMS/cmsy/m/n/10 j \OML/cmm/m/it/10 <
 []


Overfull \hbox (4.05904pt too wide) in paragraph at lines 10--11
\OML/cmm/m/it/10 ^^O$ 
 []


/home/jonzoda/Documents/school/2024/MTH5103/notes/final_complex_variable/input/note03.tex:12: LaTeX Error: Missing \begin{document}.

See the LaTeX manual or LaTeX Companion for explanation.
Type  H <return>  for immediate help.
 ...                                              
                                                  
l.12 \textbf{Def 3.3:}
                       We say that $\lim_{z \to z_0} f(z) = \infty$ if for a...
You're in trouble here.  Try typing  <return>  to proceed.
If that doesn't work, type  X <return>  to quit.

Missing character: There is no W in font nullfont!
Missing character: There is no e in font nullfont!
Missing character: There is no s in font nullfont!
Missing character: There is no a in font nullfont!
Missing character: There is no y in font nullfont!
Missing character: There is no t in font nullfont!
Missing character: There is no h in font nullfont!
Missing character: There is no a in font nullfont!
Missing character: There is no t in font nullfont!
Missing character: There is no i in font nullfont!
Missing character: There is no f in font nullfont!
Missing character: There is no f in font nullfont!
Missing character: There is no o in font nullfont!
Missing character: There is no r in font nullfont!
Missing character: There is no a in font nullfont!
Missing character: There is no n in font nullfont!
Missing character: There is no y in font nullfont!
Missing character: There is no ( in font nullfont!
Missing character: There is no g in font nullfont!
Missing character: There is no i in font nullfont!
Missing character: There is no v in font nullfont!
Missing character: There is no e in font nullfont!
Missing character: There is no n in font nullfont!
Missing character: There is no ) in font nullfont!
Missing character: There is no t in font nullfont!
Missing character: There is no h in font nullfont!
Missing character: There is no e in font nullfont!
Missing character: There is no r in font nullfont!
Missing character: There is no e in font nullfont!
Missing character: There is no e in font nullfont!
Missing character: There is no x in font nullfont!
Missing character: There is no i in font nullfont!
Missing character: There is no s in font nullfont!
Missing character: There is no t in font nullfont!
Missing character: There is no s in font nullfont!
Missing character: There is no s in font nullfont!
Missing character: There is no u in font nullfont!
Missing character: There is no c in font nullfont!
Missing character: There is no h in font nullfont!
Missing character: There is no t in font nullfont!
Missing character: There is no h in font nullfont!
Missing character: There is no a in font nullfont!
Missing character: There is no t in font nullfont!
Missing character: There is no i in font nullfont!
Missing character: There is no f in font nullfont!
Missing character: There is no , in font nullfont!
Missing character: There is no t in font nullfont!
Missing character: There is no h in font nullfont!
Missing character: There is no e in font nullfont!
Missing character: There is no n in font nullfont!
Missing character: There is no . in font nullfont!

Overfull \hbox (37.60408pt too wide) in paragraph at lines 12--13
[]\OT1/cmr/bx/n/10 Def
 []


Overfull \hbox (17.8888pt too wide) in paragraph at lines 12--13
\OT1/cmr/bx/n/10 3.3:
 []


Overfull \hbox (65.25484pt too wide) in paragraph at lines 12--13
[][] \OML/cmm/m/it/10 f\OT1/cmr/m/n/10 (\OML/cmm/m/it/10 z\OT1/cmr/m/n/10 ) =
 []


Overfull \hbox (10.00002pt too wide) in paragraph at lines 12--13
\OMS/cmsy/m/n/10 1$
 []


Overfull \hbox (18.22566pt too wide) in paragraph at lines 12--13
\OML/cmm/m/it/10 R >
 []


Overfull \hbox (5.00002pt too wide) in paragraph at lines 12--13
\OT1/cmr/m/n/10 0$
 []


Overfull \hbox (15.37842pt too wide) in paragraph at lines 12--13
\OML/cmm/m/it/10 ^^N \OT1/cmr/m/n/10 =
 []


Overfull \hbox (30.82637pt too wide) in paragraph at lines 12--13
\OML/cmm/m/it/10 ^^N\OT1/cmr/m/n/10 (\OML/cmm/m/it/10 R\OT1/cmr/m/n/10 ) \OML/cmm/m/it/10 >
 []


Overfull \hbox (5.00002pt too wide) in paragraph at lines 12--13
\OT1/cmr/m/n/10 0$
 []


Overfull \hbox (15.55553pt too wide) in paragraph at lines 12--13
\OT1/cmr/m/n/10 0 \OML/cmm/m/it/10 <
 []


Overfull \hbox (15.64589pt too wide) in paragraph at lines 12--13
\OMS/cmsy/m/n/10 j\OML/cmm/m/it/10 z \OMS/cmsy/m/n/10 ^^@
 []


Overfull \hbox (22.46992pt too wide) in paragraph at lines 12--13
\OML/cmm/m/it/10 z[]\OMS/cmsy/m/n/10 j \OML/cmm/m/it/10 <
 []


Overfull \hbox (4.8229pt too wide) in paragraph at lines 12--13
\OML/cmm/m/it/10 ^^N$
 []


Overfull \hbox (34.95145pt too wide) in paragraph at lines 12--13
\OMS/cmsy/m/n/10 j\OML/cmm/m/it/10 f\OT1/cmr/m/n/10 (\OML/cmm/m/it/10 z\OT1/cmr/m/n/10 )\OMS/cmsy/m/n/10 j \OML/cmm/m/it/10 >
 []


Overfull \hbox (7.67015pt too wide) in paragraph at lines 12--13
\OML/cmm/m/it/10 R$ 
 []


/home/jonzoda/Documents/school/2024/MTH5103/notes/final_complex_variable/input/note03.tex:14: LaTeX Error: Missing \begin{document}.

See the LaTeX manual or LaTeX Companion for explanation.
Type  H <return>  for immediate help.
 ...                                              
                                                  
l.14 \textbf{Def 3.4:}
                       We say that $\lim_{z \to \infty} f(z) = \infty$ if fo...
You're in trouble here.  Try typing  <return>  to proceed.
If that doesn't work, type  X <return>  to quit.

Missing character: There is no W in font nullfont!
Missing character: There is no e in font nullfont!
Missing character: There is no s in font nullfont!
Missing character: There is no a in font nullfont!
Missing character: There is no y in font nullfont!
Missing character: There is no t in font nullfont!
Missing character: There is no h in font nullfont!
Missing character: There is no a in font nullfont!
Missing character: There is no t in font nullfont!
Missing character: There is no i in font nullfont!
Missing character: There is no f in font nullfont!
Missing character: There is no f in font nullfont!
Missing character: There is no o in font nullfont!
Missing character: There is no r in font nullfont!
Missing character: There is no a in font nullfont!
Missing character: There is no n in font nullfont!
Missing character: There is no y in font nullfont!
Missing character: There is no t in font nullfont!
Missing character: There is no h in font nullfont!
Missing character: There is no e in font nullfont!
Missing character: There is no r in font nullfont!
Missing character: There is no e in font nullfont!
Missing character: There is no e in font nullfont!
Missing character: There is no x in font nullfont!
Missing character: There is no i in font nullfont!
Missing character: There is no s in font nullfont!
Missing character: There is no t in font nullfont!
Missing character: There is no s in font nullfont!
Missing character: There is no s in font nullfont!
Missing character: There is no u in font nullfont!
Missing character: There is no c in font nullfont!
Missing character: There is no h in font nullfont!
Missing character: There is no t in font nullfont!
Missing character: There is no h in font nullfont!
Missing character: There is no a in font nullfont!
Missing character: There is no t in font nullfont!
Missing character: There is no i in font nullfont!
Missing character: There is no f in font nullfont!
Missing character: There is no , in font nullfont!
Missing character: There is no t in font nullfont!
Missing character: There is no h in font nullfont!
Missing character: There is no e in font nullfont!
Missing character: There is no n in font nullfont!
Missing character: There is no . in font nullfont!

Overfull \hbox (37.60408pt too wide) in paragraph at lines 14--15
[]\OT1/cmr/bx/n/10 Def
 []


Overfull \hbox (17.8888pt too wide) in paragraph at lines 14--15
\OT1/cmr/bx/n/10 3.4:
 []


Overfull \hbox (65.5036pt too wide) in paragraph at lines 14--15
[][] \OML/cmm/m/it/10 f\OT1/cmr/m/n/10 (\OML/cmm/m/it/10 z\OT1/cmr/m/n/10 ) =
 []


Overfull \hbox (10.00002pt too wide) in paragraph at lines 14--15
\OMS/cmsy/m/n/10 1$
 []


Overfull \hbox (18.22566pt too wide) in paragraph at lines 14--15
\OML/cmm/m/it/10 R >
 []


Overfull \hbox (5.00002pt too wide) in paragraph at lines 14--15
\OT1/cmr/m/n/10 0$
 []


Overfull \hbox (17.26382pt too wide) in paragraph at lines 14--15
\OML/cmm/m/it/10 S \OT1/cmr/m/n/10 =
 []


Overfull \hbox (32.71178pt too wide) in paragraph at lines 14--15
\OML/cmm/m/it/10 S\OT1/cmr/m/n/10 (\OML/cmm/m/it/10 R\OT1/cmr/m/n/10 ) \OML/cmm/m/it/10 >
 []


Overfull \hbox (5.00002pt too wide) in paragraph at lines 14--15
\OT1/cmr/m/n/10 0$
 []


Overfull \hbox (21.20139pt too wide) in paragraph at lines 14--15
\OMS/cmsy/m/n/10 j\OML/cmm/m/it/10 z\OMS/cmsy/m/n/10 j \OML/cmm/m/it/10 >
 []


Overfull \hbox (6.70831pt too wide) in paragraph at lines 14--15
\OML/cmm/m/it/10 S$
 []


Overfull \hbox (34.95145pt too wide) in paragraph at lines 14--15
\OMS/cmsy/m/n/10 j\OML/cmm/m/it/10 f\OT1/cmr/m/n/10 (\OML/cmm/m/it/10 z\OT1/cmr/m/n/10 )\OMS/cmsy/m/n/10 j \OML/cmm/m/it/10 >
 []


Overfull \hbox (7.67015pt too wide) in paragraph at lines 14--15
\OML/cmm/m/it/10 R$ 
 []


/home/jonzoda/Documents/school/2024/MTH5103/notes/final_complex_variable/input/note03.tex:16: LaTeX Error: Missing \begin{document}.

See the LaTeX manual or LaTeX Companion for explanation.
Type  H <return>  for immediate help.
 ...                                              
                                                  
l.16 \textbf{Ex 5.5:}
                      Prove that a) $\lim_{z \to i} z - i = \infty$ b) $\lim...
You're in trouble here.  Try typing  <return>  to proceed.
If that doesn't work, type  X <return>  to quit.

Missing character: There is no P in font nullfont!
Missing character: There is no r in font nullfont!
Missing character: There is no o in font nullfont!
Missing character: There is no v in font nullfont!
Missing character: There is no e in font nullfont!
Missing character: There is no t in font nullfont!
Missing character: There is no h in font nullfont!
Missing character: There is no a in font nullfont!
Missing character: There is no t in font nullfont!
Missing character: There is no a in font nullfont!
Missing character: There is no ) in font nullfont!
Missing character: There is no b in font nullfont!
Missing character: There is no ) in font nullfont!
Missing character: There is no . in font nullfont!

Overfull \hbox (33.62492pt too wide) in paragraph at lines 16--17
[]\OT1/cmr/bx/n/10 Ex
 []


Overfull \hbox (17.8888pt too wide) in paragraph at lines 16--17
\OT1/cmr/bx/n/10 5.5:
 []


Overfull \hbox (43.83287pt too wide) in paragraph at lines 16--17
[][] \OML/cmm/m/it/10 z \OMS/cmsy/m/n/10 ^^@
 []


Overfull \hbox (14.00064pt too wide) in paragraph at lines 16--17
\OML/cmm/m/it/10 i \OT1/cmr/m/n/10 =
 []


Overfull \hbox (10.00002pt too wide) in paragraph at lines 16--17
\OMS/cmsy/m/n/10 1$
 []


Overfull \hbox (53.17091pt too wide) in paragraph at lines 16--17
[][] [] \OT1/cmr/m/n/10 =
 []


Overfull \hbox (5.00002pt too wide) in paragraph at lines 16--17
\OT1/cmr/m/n/10 0$ 
 []


/home/jonzoda/Documents/school/2024/MTH5103/notes/final_complex_variable/input/note03.tex:18: LaTeX Error: Missing \begin{document}.

See the LaTeX manual or LaTeX Companion for explanation.
Type  H <return>  for immediate help.
 ...                                              
                                                  
l.18 S
      ol: a) By Def 3.3 we need to find $\delta = \delta(R) > 0$ for a given...
You're in trouble here.  Try typing  <return>  to proceed.
If that doesn't work, type  X <return>  to quit.

Missing character: There is no S in font nullfont!
Missing character: There is no o in font nullfont!
Missing character: There is no l in font nullfont!
Missing character: There is no : in font nullfont!
Missing character: There is no a in font nullfont!
Missing character: There is no ) in font nullfont!
Missing character: There is no B in font nullfont!
Missing character: There is no y in font nullfont!
Missing character: There is no D in font nullfont!
Missing character: There is no e in font nullfont!
Missing character: There is no f in font nullfont!
Missing character: There is no 3 in font nullfont!
Missing character: There is no . in font nullfont!
Missing character: There is no 3 in font nullfont!
Missing character: There is no w in font nullfont!
Missing character: There is no e in font nullfont!
Missing character: There is no n in font nullfont!
Missing character: There is no e in font nullfont!
Missing character: There is no e in font nullfont!
Missing character: There is no d in font nullfont!
Missing character: There is no t in font nullfont!
Missing character: There is no o in font nullfont!
Missing character: There is no f in font nullfont!
Missing character: There is no i in font nullfont!
Missing character: There is no n in font nullfont!
Missing character: There is no d in font nullfont!
Missing character: There is no f in font nullfont!
Missing character: There is no o in font nullfont!
Missing character: There is no r in font nullfont!
Missing character: There is no a in font nullfont!
Missing character: There is no g in font nullfont!
Missing character: There is no i in font nullfont!
Missing character: There is no v in font nullfont!
Missing character: There is no e in font nullfont!
Missing character: There is no n in font nullfont!
Missing character: There is no : in font nullfont!
Missing character: There is no I in font nullfont!
Missing character: There is no f in font nullfont!
Missing character: There is no , in font nullfont!
Missing character: There is no t in font nullfont!
Missing character: There is no h in font nullfont!
Missing character: There is no e in font nullfont!
Missing character: There is no n in font nullfont!
Missing character: There is no , in font nullfont!
Missing character: There is no t in font nullfont!
Missing character: There is no h in font nullfont!
Missing character: There is no u in font nullfont!
Missing character: There is no s in font nullfont!
Missing character: There is no t in font nullfont!
Missing character: There is no h in font nullfont!
Missing character: There is no e in font nullfont!
Missing character: There is no c in font nullfont!
Missing character: There is no h in font nullfont!
Missing character: There is no o in font nullfont!
Missing character: There is no i in font nullfont!
Missing character: There is no c in font nullfont!
Missing character: There is no e in font nullfont!
Missing character: There is no f in font nullfont!
Missing character: There is no i in font nullfont!
Missing character: There is no n in font nullfont!
Missing character: There is no i in font nullfont!
Missing character: There is no s in font nullfont!
Missing character: There is no h in font nullfont!
Missing character: There is no e in font nullfont!
Missing character: There is no s in font nullfont!
Missing character: There is no t in font nullfont!
Missing character: There is no h in font nullfont!
Missing character: There is no e in font nullfont!
Missing character: There is no p in font nullfont!
Missing character: There is no r in font nullfont!
Missing character: There is no o in font nullfont!
Missing character: There is no o in font nullfont!
Missing character: There is no f in font nullfont!
Missing character: There is no . in font nullfont!

Overfull \hbox (20.0pt too wide) in paragraph at lines 18--19
[]
 []


Overfull \hbox (15.37842pt too wide) in paragraph at lines 18--19
\OML/cmm/m/it/10 ^^N \OT1/cmr/m/n/10 =
 []


Overfull \hbox (30.82637pt too wide) in paragraph at lines 18--19
\OML/cmm/m/it/10 ^^N\OT1/cmr/m/n/10 (\OML/cmm/m/it/10 R\OT1/cmr/m/n/10 ) \OML/cmm/m/it/10 >
 []


Overfull \hbox (5.00002pt too wide) in paragraph at lines 18--19
\OT1/cmr/m/n/10 0$
 []


Overfull \hbox (18.22566pt too wide) in paragraph at lines 18--19
\OML/cmm/m/it/10 R >
 []


Overfull \hbox (5.00002pt too wide) in paragraph at lines 18--19
\OT1/cmr/m/n/10 0$
 []


Overfull \hbox (32.80914pt too wide) in paragraph at lines 18--19
[] \OML/cmm/m/it/10 >
 []


Overfull \hbox (7.67015pt too wide) in paragraph at lines 18--19
\OML/cmm/m/it/10 R$
 []


Overfull \hbox (15.64589pt too wide) in paragraph at lines 18--19
\OMS/cmsy/m/n/10 j\OML/cmm/m/it/10 z \OMS/cmsy/m/n/10 ^^@
 []


Overfull \hbox (16.77843pt too wide) in paragraph at lines 18--19
\OML/cmm/m/it/10 i\OMS/cmsy/m/n/10 j \OML/cmm/m/it/10 <
 []


Overfull \hbox (8.46008pt too wide) in paragraph at lines 18--19
[]$
 []


Overfull \hbox (15.37842pt too wide) in paragraph at lines 18--19
\OML/cmm/m/it/10 ^^N \OT1/cmr/m/n/10 =
 []


Overfull \hbox (8.46008pt too wide) in paragraph at lines 18--19
[]$
 []


/home/jonzoda/Documents/school/2024/MTH5103/notes/final_complex_variable/input/note03.tex:20: LaTeX Error: Missing \begin{document}.

See the LaTeX manual or LaTeX Companion for explanation.
Type  H <return>  for immediate help.
 ...                                              
                                                  
l.20 b
      ) By Def 3.2 we need to find $R > 0$ for a given $\epsilon > 0$. If $\...
You're in trouble here.  Try typing  <return>  to proceed.
If that doesn't work, type  X <return>  to quit.

Missing character: There is no b in font nullfont!
Missing character: There is no ) in font nullfont!
Missing character: There is no B in font nullfont!
Missing character: There is no y in font nullfont!
Missing character: There is no D in font nullfont!
Missing character: There is no e in font nullfont!
Missing character: There is no f in font nullfont!
Missing character: There is no 3 in font nullfont!
Missing character: There is no . in font nullfont!
Missing character: There is no 2 in font nullfont!
Missing character: There is no w in font nullfont!
Missing character: There is no e in font nullfont!
Missing character: There is no n in font nullfont!
Missing character: There is no e in font nullfont!
Missing character: There is no e in font nullfont!
Missing character: There is no d in font nullfont!
Missing character: There is no t in font nullfont!
Missing character: There is no o in font nullfont!
Missing character: There is no f in font nullfont!
Missing character: There is no i in font nullfont!
Missing character: There is no n in font nullfont!
Missing character: There is no d in font nullfont!
Missing character: There is no f in font nullfont!
Missing character: There is no o in font nullfont!
Missing character: There is no r in font nullfont!
Missing character: There is no a in font nullfont!
Missing character: There is no g in font nullfont!
Missing character: There is no i in font nullfont!
Missing character: There is no v in font nullfont!
Missing character: There is no e in font nullfont!
Missing character: There is no n in font nullfont!
Missing character: There is no . in font nullfont!
Missing character: There is no I in font nullfont!
Missing character: There is no f in font nullfont!
Missing character: There is no , in font nullfont!
Missing character: There is no t in font nullfont!
Missing character: There is no h in font nullfont!
Missing character: There is no e in font nullfont!
Missing character: There is no n in font nullfont!
Missing character: There is no , in font nullfont!
Missing character: There is no c in font nullfont!
Missing character: There is no h in font nullfont!
Missing character: There is no o in font nullfont!
Missing character: There is no o in font nullfont!
Missing character: There is no s in font nullfont!
Missing character: There is no e in font nullfont!
Missing character: There is no a in font nullfont!
Missing character: There is no n in font nullfont!
Missing character: There is no d in font nullfont!
Missing character: There is no f in font nullfont!
Missing character: There is no i in font nullfont!
Missing character: There is no n in font nullfont!
Missing character: There is no i in font nullfont!
Missing character: There is no s in font nullfont!
Missing character: There is no h in font nullfont!
Missing character: There is no . in font nullfont!

Overfull \hbox (20.0pt too wide) in paragraph at lines 20--21
[]
 []


Overfull \hbox (18.22566pt too wide) in paragraph at lines 20--21
\OML/cmm/m/it/10 R >
 []


Overfull \hbox (5.00002pt too wide) in paragraph at lines 20--21
\OT1/cmr/m/n/10 0$
 []


Overfull \hbox (14.61455pt too wide) in paragraph at lines 20--21
\OML/cmm/m/it/10 ^^O >
 []


Overfull \hbox (5.00002pt too wide) in paragraph at lines 20--21
\OT1/cmr/m/n/10 0$
 []


Overfull \hbox (40.952pt too wide) in paragraph at lines 20--21
[] \OT1/cmr/m/n/10 =
 []


Overfull \hbox (21.81319pt too wide) in paragraph at lines 20--21
[] \OML/cmm/m/it/10 <
 []


Overfull \hbox (4.05904pt too wide) in paragraph at lines 20--21
\OML/cmm/m/it/10 ^^O$
 []


Overfull \hbox (21.20139pt too wide) in paragraph at lines 20--21
\OMS/cmsy/m/n/10 j\OML/cmm/m/it/10 z\OMS/cmsy/m/n/10 j \OML/cmm/m/it/10 >
 []


Overfull \hbox (6.38612pt too wide) in paragraph at lines 20--21
[]$
 []


Overfull \hbox (18.22566pt too wide) in paragraph at lines 20--21
\OML/cmm/m/it/10 R \OT1/cmr/m/n/10 =
 []


Overfull \hbox (6.38612pt too wide) in paragraph at lines 20--21
[]$
 []


/home/jonzoda/Documents/school/2024/MTH5103/notes/final_complex_variable/input/note03.tex:22: LaTeX Error: Missing \begin{document}.

See the LaTeX manual or LaTeX Companion for explanation.
Type  H <return>  for immediate help.
 ...                                              
                                                  
l.22 \textbf{Ex 5.6:}
                      Prove that $\lim_{z \to \infty} \frac{z^2 + 1}{z + 2i}...
You're in trouble here.  Try typing  <return>  to proceed.
If that doesn't work, type  X <return>  to quit.

Missing character: There is no P in font nullfont!
Missing character: There is no r in font nullfont!
Missing character: There is no o in font nullfont!
Missing character: There is no v in font nullfont!
Missing character: There is no e in font nullfont!
Missing character: There is no t in font nullfont!
Missing character: There is no h in font nullfont!
Missing character: There is no a in font nullfont!
Missing character: There is no t in font nullfont!
Missing character: There is no . in font nullfont!

Overfull \hbox (33.62492pt too wide) in paragraph at lines 22--23
[]\OT1/cmr/bx/n/10 Ex
 []


Overfull \hbox (17.8888pt too wide) in paragraph at lines 22--23
\OT1/cmr/bx/n/10 5.6:
 []


Overfull \hbox (67.19879pt too wide) in paragraph at lines 22--23
[][] [] \OT1/cmr/m/n/10 =
 []


Overfull \hbox (10.00002pt too wide) in paragraph at lines 22--23
\OMS/cmsy/m/n/10 1$ 
 []


/home/jonzoda/Documents/school/2024/MTH5103/notes/final_complex_variable/input/note03.tex:24: LaTeX Error: Missing \begin{document}.

See the LaTeX manual or LaTeX Companion for explanation.
Type  H <return>  for immediate help.
 ...                                              
                                                  
l.24 S
      ol: By Def 3.4 we need to find $S = S(R) > 0$ for a given $R > 0$. If ...
You're in trouble here.  Try typing  <return>  to proceed.
If that doesn't work, type  X <return>  to quit.

Missing character: There is no S in font nullfont!
Missing character: There is no o in font nullfont!
Missing character: There is no l in font nullfont!
Missing character: There is no : in font nullfont!
Missing character: There is no B in font nullfont!
Missing character: There is no y in font nullfont!
Missing character: There is no D in font nullfont!
Missing character: There is no e in font nullfont!
Missing character: There is no f in font nullfont!
Missing character: There is no 3 in font nullfont!
Missing character: There is no . in font nullfont!
Missing character: There is no 4 in font nullfont!
Missing character: There is no w in font nullfont!
Missing character: There is no e in font nullfont!
Missing character: There is no n in font nullfont!
Missing character: There is no e in font nullfont!
Missing character: There is no e in font nullfont!
Missing character: There is no d in font nullfont!
Missing character: There is no t in font nullfont!
Missing character: There is no o in font nullfont!
Missing character: There is no f in font nullfont!
Missing character: There is no i in font nullfont!
Missing character: There is no n in font nullfont!
Missing character: There is no d in font nullfont!
Missing character: There is no f in font nullfont!
Missing character: There is no o in font nullfont!
Missing character: There is no r in font nullfont!
Missing character: There is no a in font nullfont!
Missing character: There is no g in font nullfont!
Missing character: There is no i in font nullfont!
Missing character: There is no v in font nullfont!
Missing character: There is no e in font nullfont!
Missing character: There is no n in font nullfont!
Missing character: There is no . in font nullfont!
Missing character: There is no I in font nullfont!
Missing character: There is no f in font nullfont!
Missing character: There is no , in font nullfont!
Missing character: There is no t in font nullfont!
Missing character: There is no h in font nullfont!
Missing character: There is no e in font nullfont!
Missing character: There is no n in font nullfont!

Overfull \hbox (20.0pt too wide) in paragraph at lines 24--25
[]
 []


Overfull \hbox (17.26382pt too wide) in paragraph at lines 24--25
\OML/cmm/m/it/10 S \OT1/cmr/m/n/10 =
 []


Overfull \hbox (32.71178pt too wide) in paragraph at lines 24--25
\OML/cmm/m/it/10 S\OT1/cmr/m/n/10 (\OML/cmm/m/it/10 R\OT1/cmr/m/n/10 ) \OML/cmm/m/it/10 >
 []


Overfull \hbox (5.00002pt too wide) in paragraph at lines 24--25
\OT1/cmr/m/n/10 0$
 []


Overfull \hbox (18.22566pt too wide) in paragraph at lines 24--25
\OML/cmm/m/it/10 R >
 []


Overfull \hbox (5.00002pt too wide) in paragraph at lines 24--25
\OT1/cmr/m/n/10 0$
 []


Overfull \hbox (37.75772pt too wide) in paragraph at lines 24--25
[] \OML/cmm/m/it/10 >
 []


Overfull \hbox (7.67015pt too wide) in paragraph at lines 24--25
\OML/cmm/m/it/10 R$
 []


Overfull \hbox (186.6004pt too wide) detected at line 25
[] \OT1/cmr/m/n/10 = [] = \OMS/cmsy/m/n/10 j\OML/cmm/m/it/10 z\OMS/cmsy/m/n/10 j [] \OML/cmm/m/it/10 > R
 []

Missing character: There is no L in font nullfont!
Missing character: There is no e in font nullfont!
Missing character: There is no t in font nullfont!
Missing character: There is no u in font nullfont!
Missing character: There is no s in font nullfont!
Missing character: There is no s in font nullfont!
Missing character: There is no h in font nullfont!
Missing character: There is no o in font nullfont!
Missing character: There is no w in font nullfont!
Missing character: There is no t in font nullfont!
Missing character: There is no h in font nullfont!
Missing character: There is no a in font nullfont!
Missing character: There is no t in font nullfont!
Missing character: There is no , in font nullfont!
Missing character: There is no t in font nullfont!
Missing character: There is no h in font nullfont!
Missing character: There is no e in font nullfont!
Missing character: There is no n in font nullfont!

Overfull \hbox (39.67851pt too wide) in paragraph at lines 25--27
    $[] \OML/cmm/m/it/10 <
 []


Overfull \hbox (5.00002pt too wide) in paragraph at lines 25--27
\OT1/cmr/m/n/10 2$
 []


Overfull \hbox (199.17987pt too wide) detected at line 27
[] \OMS/cmsy/m/n/10 ^^U [] \OT1/cmr/m/n/10 = [] \OMS/cmsy/m/n/10 ^^U [] \OT1/cmr/m/n/10 = 1
 []

Missing character: There is no S in font nullfont!
Missing character: There is no i in font nullfont!
Missing character: There is no n in font nullfont!
Missing character: There is no c in font nullfont!
Missing character: There is no e in font nullfont!
Missing character: There is no w in font nullfont!
Missing character: There is no e in font nullfont!
Missing character: There is no c in font nullfont!
Missing character: There is no a in font nullfont!
Missing character: There is no n in font nullfont!
Missing character: There is no a in font nullfont!
Missing character: There is no s in font nullfont!
Missing character: There is no s in font nullfont!
Missing character: There is no u in font nullfont!
Missing character: There is no m in font nullfont!
Missing character: There is no e in font nullfont!
Missing character: There is no t in font nullfont!
Missing character: There is no h in font nullfont!
Missing character: There is no a in font nullfont!
Missing character: There is no t in font nullfont!
Missing character: There is no . in font nullfont!
Missing character: There is no T in font nullfont!
Missing character: There is no h in font nullfont!
Missing character: There is no u in font nullfont!
Missing character: There is no s in font nullfont!
Missing character: There is no ( in font nullfont!
Missing character: There is no 1 in font nullfont!
Missing character: There is no ) in font nullfont!
Missing character: There is no . in font nullfont!

Overfull \hbox (17.86803pt too wide) in paragraph at lines 27--29
 $\OML/cmm/m/it/10 z \OMS/cmsy/m/n/10 !
 []


Overfull \hbox (10.00002pt too wide) in paragraph at lines 27--29
\OMS/cmsy/m/n/10 1$
 []


Overfull \hbox (21.20139pt too wide) in paragraph at lines 27--29
\OMS/cmsy/m/n/10 j\OML/cmm/m/it/10 z\OMS/cmsy/m/n/10 j \OML/cmm/m/it/10 >
 []


Overfull \hbox (5.00002pt too wide) in paragraph at lines 27--29
\OT1/cmr/m/n/10 1$
 []


Overfull \hbox (43.65973pt too wide) in paragraph at lines 27--29
[] \OMS/cmsy/m/n/10 ^^U
 []


Overfull \hbox (6.38612pt too wide) in paragraph at lines 27--29
[]$ 
 []


Overfull \hbox (130.06364pt too wide) detected at line 29
[] \OMS/cmsy/m/n/10 ^^T \OT1/cmr/m/n/10 1 + [] \OMS/cmsy/m/n/10 ^^T \OT1/cmr/m/n/10 1 + 1 = 2
 []

Missing character: There is no t in font nullfont!
Missing character: There is no r in font nullfont!
Missing character: There is no i in font nullfont!
Missing character: There is no a in font nullfont!
Missing character: There is no n in font nullfont!
Missing character: There is no g in font nullfont!
Missing character: There is no l in font nullfont!
Missing character: There is no e in font nullfont!
Missing character: There is no i in font nullfont!
Missing character: There is no n in font nullfont!
Missing character: There is no e in font nullfont!
Missing character: There is no q in font nullfont!
Missing character: There is no u in font nullfont!
Missing character: There is no a in font nullfont!
Missing character: There is no l in font nullfont!
Missing character: There is no i in font nullfont!
Missing character: There is no t in font nullfont!
Missing character: There is no y in font nullfont!
Missing character: There is no . in font nullfont!
/home/jonzoda/Documents/school/2024/MTH5103/notes/final_complex_variable/input/note03.tex:32: Undefined control sequence.
l.32 \section
             *{Week 3 Lecture 7}
The control sequence at the end of the top line
of your error message was never \def'ed. If you have
misspelled it (e.g., `\hobx'), type `I' and the correct
spelling (e.g., `I\hbox'). Otherwise just continue,
and I'll forget about whatever was undefined.


/home/jonzoda/Documents/school/2024/MTH5103/notes/final_complex_variable/input/note03.tex:32: LaTeX Error: Missing \begin{document}.

See the LaTeX manual or LaTeX Companion for explanation.
Type  H <return>  for immediate help.
 ...                                              
                                                  
l.32 \section*
              {Week 3 Lecture 7}
You're in trouble here.  Try typing  <return>  to proceed.
If that doesn't work, type  X <return>  to quit.

Missing character: There is no * in font nullfont!
Missing character: There is no W in font nullfont!
Missing character: There is no e in font nullfont!
Missing character: There is no e in font nullfont!
Missing character: There is no k in font nullfont!
Missing character: There is no 3 in font nullfont!
Missing character: There is no L in font nullfont!
Missing character: There is no e in font nullfont!
Missing character: There is no c in font nullfont!
Missing character: There is no t in font nullfont!
Missing character: There is no u in font nullfont!
Missing character: There is no r in font nullfont!
Missing character: There is no e in font nullfont!
Missing character: There is no 7 in font nullfont!
Missing character: There is no W in font nullfont!
Missing character: There is no e in font nullfont!
Missing character: There is no h in font nullfont!
Missing character: There is no a in font nullfont!
Missing character: There is no v in font nullfont!
Missing character: There is no e in font nullfont!
Missing character: There is no p in font nullfont!
Missing character: There is no r in font nullfont!
Missing character: There is no o in font nullfont!
Missing character: There is no v in font nullfont!
Missing character: There is no e in font nullfont!
Missing character: There is no d in font nullfont!
Missing character: There is no : in font nullfont!

Overfull \hbox (20.0pt too wide) in paragraph at lines 32--34
[]
 []

/home/jonzoda/Documents/school/2024/MTH5103/notes/final_complex_variable/input/note03.tex:34: Undefined control sequence.
l.34 ...im_{(x,y)\to(x_0, y_0)} u(x,y) = u_0 \text
                                                  { and } \lim_{(x,y)\to(x_0...
The control sequence at the end of the top line
of your error message was never \def'ed. If you have
misspelled it (e.g., `\hobx'), type `I' and the correct
spelling (e.g., `I\hbox'). Otherwise just continue,
and I'll forget about whatever was undefined.


Overfull \hbox (339.80663pt too wide) detected at line 34
[] \OML/cmm/m/it/10 f\OT1/cmr/m/n/10 (\OML/cmm/m/it/10 z\OT1/cmr/m/n/10 ) = \OML/cmm/m/it/10 u[] \OT1/cmr/m/n/10 + \OML/cmm/m/it/10 iv[]  \OMS/cmsy/m/n/10 ([])  [] \OML/cmm/m/it/10 u\OT1/cmr/m/n/10 (\OML/cmm/m/it/10 x; y\OT1/cmr/m/n/10 ) = \OML/cmm/m/it/10 u[][] [] v\OT1/cmr/m/n/10 (\OML/cmm/m/it/10 x; y\OT1/cmr/m/n/10 ) = \OML/cmm/m/it/10 v[]
 []


/home/jonzoda/Documents/school/2024/MTH5103/notes/final_complex_variable/input/note03.tex:36: LaTeX Error: Missing \begin{document}.

See the LaTeX manual or LaTeX Companion for explanation.
Type  H <return>  for immediate help.
 ...                                              
                                                  
l.36 \textbf{Cor 3.1.}
                       If $\lim_{z\to z_0} f(z) = w_0$, then $\lim_{z\to z_0...
You're in trouble here.  Try typing  <return>  to proceed.
If that doesn't work, type  X <return>  to quit.

Missing character: There is no I in font nullfont!
Missing character: There is no f in font nullfont!
Missing character: There is no , in font nullfont!
Missing character: There is no t in font nullfont!
Missing character: There is no h in font nullfont!
Missing character: There is no e in font nullfont!
Missing character: There is no n in font nullfont!
Missing character: There is no . in font nullfont!
Missing character: There is no I in font nullfont!
Missing character: There is no n in font nullfont!
Missing character: There is no a in font nullfont!
Missing character: There is no d in font nullfont!
Missing character: There is no d in font nullfont!
Missing character: There is no i in font nullfont!
Missing character: There is no t in font nullfont!
Missing character: There is no i in font nullfont!
Missing character: There is no o in font nullfont!
Missing character: There is no n in font nullfont!
Missing character: There is no , in font nullfont!
Missing character: There is no i in font nullfont!
Missing character: There is no f in font nullfont!
Missing character: There is no a in font nullfont!
Missing character: There is no n in font nullfont!
Missing character: There is no d in font nullfont!
Missing character: There is no i in font nullfont!
Missing character: There is no s in font nullfont!
Missing character: There is no c in font nullfont!
Missing character: There is no h in font nullfont!
Missing character: There is no o in font nullfont!
Missing character: There is no s in font nullfont!
Missing character: There is no e in font nullfont!
Missing character: There is no n in font nullfont!
Missing character: There is no i in font nullfont!
Missing character: There is no n in font nullfont!
Missing character: There is no t in font nullfont!
Missing character: There is no h in font nullfont!
Missing character: There is no e in font nullfont!
Missing character: There is no i in font nullfont!
Missing character: There is no n in font nullfont!
Missing character: There is no t in font nullfont!
Missing character: There is no e in font nullfont!
Missing character: There is no r in font nullfont!
Missing character: There is no v in font nullfont!
Missing character: There is no a in font nullfont!
Missing character: There is no l in font nullfont!
Missing character: There is no , in font nullfont!
Missing character: There is no t in font nullfont!
Missing character: There is no h in font nullfont!
Missing character: There is no e in font nullfont!
Missing character: There is no n in font nullfont!
Missing character: There is no . in font nullfont!

Overfull \hbox (38.79158pt too wide) in paragraph at lines 36--37
[]\OT1/cmr/bx/n/10 Cor
 []


Overfull \hbox (17.8888pt too wide) in paragraph at lines 36--37
\OT1/cmr/bx/n/10 3.1.
 []


Overfull \hbox (65.25484pt too wide) in paragraph at lines 36--37
[][] \OML/cmm/m/it/10 f\OT1/cmr/m/n/10 (\OML/cmm/m/it/10 z\OT1/cmr/m/n/10 ) =
 []


Overfull \hbox (11.6453pt too wide) in paragraph at lines 36--37
\OML/cmm/m/it/10 w[]$
 []


Overfull \hbox (70.81041pt too wide) in paragraph at lines 36--37
[][] \OMS/cmsy/m/n/10 j\OML/cmm/m/it/10 f\OT1/cmr/m/n/10 (\OML/cmm/m/it/10 z\OT1/cmr/m/n/10 )\OMS/cmsy/m/n/10 j \OT1/cmr/m/n/10 =
 []


Overfull \hbox (17.20087pt too wide) in paragraph at lines 36--37
\OMS/cmsy/m/n/10 j\OML/cmm/m/it/10 w[]\OMS/cmsy/m/n/10 j$
 []


Overfull \hbox (22.2008pt too wide) in paragraph at lines 36--37
\OML/cmm/m/it/10 w[] \OMS/cmsy/m/n/10 6\OT1/cmr/m/n/10 =
 []


Overfull \hbox (5.00002pt too wide) in paragraph at lines 36--37
\OT1/cmr/m/n/10 0$
 []


Overfull \hbox (27.3675pt too wide) in paragraph at lines 36--37
[] \OML/cmm/m/it/10 w[]$
 []


Overfull \hbox (29.89589pt too wide) in paragraph at lines 36--37
\OT1/cmr/m/n/10 [\OMS/cmsy/m/n/10 ^^@\OML/cmm/m/it/10 ^^Y; ^^Y\OT1/cmr/m/n/10 ]$
 []


Overfull \hbox (80.97704pt too wide) in paragraph at lines 36--37
[][] [] \OML/cmm/m/it/10 f\OT1/cmr/m/n/10 (\OML/cmm/m/it/10 z\OT1/cmr/m/n/10 ) =
 []


Overfull \hbox (27.3675pt too wide) in paragraph at lines 36--37
[] \OML/cmm/m/it/10 w[]$ 
 []




/home/jonzoda/Documents/school/2024/MTH5103/notes/final_complex_variable/input/note03.tex:37: LaTeX Error: The font size command \normalsize is not defined:
               there is probably something wrong with the class file.

See the LaTeX manual or LaTeX Companion for explanation.
Type  H <return>  for immediate help.
 ...                                              
                                                  
l.37 
     
Your command was ignored.
Type  I <command> <return>  to replace it with another command,
or  <return>  to continue without it.

[1{/usr/local/texlive/2024/texmf-var/fonts/map/pdftex/updmap/pdftex.map}]

/home/jonzoda/Documents/school/2024/MTH5103/notes/final_complex_variable/input/note03.tex:38: LaTeX Error: Missing \begin{document}.

See the LaTeX manual or LaTeX Companion for explanation.
Type  H <return>  for immediate help.
 ...                                              
                                                  
l.38 W
      e extend the definition of limit to include the point at $\infty$:
You're in trouble here.  Try typing  <return>  to proceed.
If that doesn't work, type  X <return>  to quit.

Missing character: There is no W in font nullfont!
Missing character: There is no e in font nullfont!
Missing character: There is no e in font nullfont!
Missing character: There is no x in font nullfont!
Missing character: There is no t in font nullfont!
Missing character: There is no e in font nullfont!
Missing character: There is no n in font nullfont!
Missing character: There is no d in font nullfont!
Missing character: There is no t in font nullfont!
Missing character: There is no h in font nullfont!
Missing character: There is no e in font nullfont!
Missing character: There is no d in font nullfont!
Missing character: There is no e in font nullfont!
Missing character: There is no f in font nullfont!
Missing character: There is no i in font nullfont!
Missing character: There is no n in font nullfont!
Missing character: There is no i in font nullfont!
Missing character: There is no t in font nullfont!
Missing character: There is no i in font nullfont!
Missing character: There is no o in font nullfont!
Missing character: There is no n in font nullfont!
Missing character: There is no o in font nullfont!
Missing character: There is no f in font nullfont!
Missing character: There is no l in font nullfont!
Missing character: There is no i in font nullfont!
Missing character: There is no m in font nullfont!
Missing character: There is no i in font nullfont!
Missing character: There is no t in font nullfont!
Missing character: There is no t in font nullfont!
Missing character: There is no o in font nullfont!
Missing character: There is no i in font nullfont!
Missing character: There is no n in font nullfont!
Missing character: There is no c in font nullfont!
Missing character: There is no l in font nullfont!
Missing character: There is no u in font nullfont!
Missing character: There is no d in font nullfont!
Missing character: There is no e in font nullfont!
Missing character: There is no t in font nullfont!
Missing character: There is no h in font nullfont!
Missing character: There is no e in font nullfont!
Missing character: There is no p in font nullfont!
Missing character: There is no o in font nullfont!
Missing character: There is no i in font nullfont!
Missing character: There is no n in font nullfont!
Missing character: There is no t in font nullfont!
Missing character: There is no a in font nullfont!
Missing character: There is no t in font nullfont!
Missing character: There is no : in font nullfont!

Overfull \hbox (20.0pt too wide) in paragraph at lines 38--39
[]
 []


Overfull \hbox (10.00002pt too wide) in paragraph at lines 38--39
\OMS/cmsy/m/n/10 1$ 
 []


/home/jonzoda/Documents/school/2024/MTH5103/notes/final_complex_variable/input/note03.tex:40: LaTeX Error: Missing \begin{document}.

See the LaTeX manual or LaTeX Companion for explanation.
Type  H <return>  for immediate help.
 ...                                              
                                                  
l.40 \textbf{Def 3.2:}
                       We say that $\lim_{z\to\infty} f(z) = w_0$ if for any...
You're in trouble here.  Try typing  <return>  to proceed.
If that doesn't work, type  X <return>  to quit.

Missing character: There is no W in font nullfont!
Missing character: There is no e in font nullfont!
Missing character: There is no s in font nullfont!
Missing character: There is no a in font nullfont!
Missing character: There is no y in font nullfont!
Missing character: There is no t in font nullfont!
Missing character: There is no h in font nullfont!
Missing character: There is no a in font nullfont!
Missing character: There is no t in font nullfont!
Missing character: There is no i in font nullfont!
Missing character: There is no f in font nullfont!
Missing character: There is no f in font nullfont!
Missing character: There is no o in font nullfont!
Missing character: There is no r in font nullfont!
Missing character: There is no a in font nullfont!
Missing character: There is no n in font nullfont!
Missing character: There is no y in font nullfont!
Missing character: There is no ( in font nullfont!
Missing character: There is no g in font nullfont!
Missing character: There is no i in font nullfont!
Missing character: There is no v in font nullfont!
Missing character: There is no e in font nullfont!
Missing character: There is no n in font nullfont!
Missing character: There is no ) in font nullfont!
Missing character: There is no t in font nullfont!
Missing character: There is no h in font nullfont!
Missing character: There is no e in font nullfont!
Missing character: There is no r in font nullfont!
Missing character: There is no e in font nullfont!
Missing character: There is no e in font nullfont!
Missing character: There is no x in font nullfont!
Missing character: There is no i in font nullfont!
Missing character: There is no s in font nullfont!
Missing character: There is no t in font nullfont!
Missing character: There is no s in font nullfont!
Missing character: There is no s in font nullfont!
Missing character: There is no u in font nullfont!
Missing character: There is no c in font nullfont!
Missing character: There is no h in font nullfont!
Missing character: There is no t in font nullfont!
Missing character: There is no h in font nullfont!
Missing character: There is no a in font nullfont!
Missing character: There is no t in font nullfont!
Missing character: There is no f in font nullfont!
Missing character: There is no o in font nullfont!
Missing character: There is no r in font nullfont!
Missing character: There is no a in font nullfont!
Missing character: There is no n in font nullfont!
Missing character: There is no y in font nullfont!
Missing character: There is no . in font nullfont!

Overfull \hbox (37.60408pt too wide) in paragraph at lines 40--41
[]\OT1/cmr/bx/n/10 Def
 []


Overfull \hbox (17.8888pt too wide) in paragraph at lines 40--41
\OT1/cmr/bx/n/10 3.2:
 []


Overfull \hbox (65.5036pt too wide) in paragraph at lines 40--41
[][] \OML/cmm/m/it/10 f\OT1/cmr/m/n/10 (\OML/cmm/m/it/10 z\OT1/cmr/m/n/10 ) =
 []


Overfull \hbox (11.6453pt too wide) in paragraph at lines 40--41
\OML/cmm/m/it/10 w[]$
 []


Overfull \hbox (14.61455pt too wide) in paragraph at lines 40--41
\OML/cmm/m/it/10 ^^O >
 []


Overfull \hbox (5.00002pt too wide) in paragraph at lines 40--41
\OT1/cmr/m/n/10 0$
 []


Overfull \hbox (18.22566pt too wide) in paragraph at lines 40--41
\OML/cmm/m/it/10 R \OT1/cmr/m/n/10 =
 []


Overfull \hbox (30.0625pt too wide) in paragraph at lines 40--41
\OML/cmm/m/it/10 R\OT1/cmr/m/n/10 (\OML/cmm/m/it/10 ^^O\OT1/cmr/m/n/10 ) \OML/cmm/m/it/10 >
 []


Overfull \hbox (5.00002pt too wide) in paragraph at lines 40--41
\OT1/cmr/m/n/10 0$
 []


Overfull \hbox (21.20139pt too wide) in paragraph at lines 40--41
\OMS/cmsy/m/n/10 j\OML/cmm/m/it/10 z\OMS/cmsy/m/n/10 j \OML/cmm/m/it/10 >
 []


Overfull \hbox (41.51051pt too wide) in paragraph at lines 40--41
\OML/cmm/m/it/10 R; \OMS/cmsy/m/n/10 j\OML/cmm/m/it/10 f\OT1/cmr/m/n/10 (\OML/cmm/m/it/10 z\OT1/cmr/m/n/10 ) \OMS/cmsy/m/n/10 ^^@
 []


Overfull \hbox (24.97859pt too wide) in paragraph at lines 40--41
\OML/cmm/m/it/10 w[]\OMS/cmsy/m/n/10 j \OML/cmm/m/it/10 <
 []


Overfull \hbox (4.05904pt too wide) in paragraph at lines 40--41
\OML/cmm/m/it/10 ^^O$ 
 []


/home/jonzoda/Documents/school/2024/MTH5103/notes/final_complex_variable/input/note03.tex:42: LaTeX Error: Missing \begin{document}.

See the LaTeX manual or LaTeX Companion for explanation.
Type  H <return>  for immediate help.
 ...                                              
                                                  
l.42 \textbf{Def 3.3:}
                       We say that $\lim_{z\to z_0} f(z) = \infty$ if for an...
You're in trouble here.  Try typing  <return>  to proceed.
If that doesn't work, type  X <return>  to quit.

Missing character: There is no W in font nullfont!
Missing character: There is no e in font nullfont!
Missing character: There is no s in font nullfont!
Missing character: There is no a in font nullfont!
Missing character: There is no y in font nullfont!
Missing character: There is no t in font nullfont!
Missing character: There is no h in font nullfont!
Missing character: There is no a in font nullfont!
Missing character: There is no t in font nullfont!
Missing character: There is no i in font nullfont!
Missing character: There is no f in font nullfont!
Missing character: There is no f in font nullfont!
Missing character: There is no o in font nullfont!
Missing character: There is no r in font nullfont!
Missing character: There is no a in font nullfont!
Missing character: There is no n in font nullfont!
Missing character: There is no y in font nullfont!
Missing character: There is no ( in font nullfont!
Missing character: There is no g in font nullfont!
Missing character: There is no i in font nullfont!
Missing character: There is no v in font nullfont!
Missing character: There is no e in font nullfont!
Missing character: There is no n in font nullfont!
Missing character: There is no ) in font nullfont!
Missing character: There is no t in font nullfont!
Missing character: There is no h in font nullfont!
Missing character: There is no e in font nullfont!
Missing character: There is no r in font nullfont!
Missing character: There is no e in font nullfont!
Missing character: There is no e in font nullfont!
Missing character: There is no x in font nullfont!
Missing character: There is no i in font nullfont!
Missing character: There is no s in font nullfont!
Missing character: There is no t in font nullfont!
Missing character: There is no s in font nullfont!
Missing character: There is no s in font nullfont!
Missing character: There is no u in font nullfont!
Missing character: There is no c in font nullfont!
Missing character: There is no h in font nullfont!
Missing character: There is no t in font nullfont!
Missing character: There is no h in font nullfont!
Missing character: There is no a in font nullfont!
Missing character: There is no t in font nullfont!
Missing character: There is no i in font nullfont!
Missing character: There is no f in font nullfont!
Missing character: There is no , in font nullfont!
Missing character: There is no t in font nullfont!
Missing character: There is no h in font nullfont!
Missing character: There is no e in font nullfont!
Missing character: There is no n in font nullfont!
Missing character: There is no . in font nullfont!

Overfull \hbox (37.60408pt too wide) in paragraph at lines 42--43
[]\OT1/cmr/bx/n/10 Def
 []


Overfull \hbox (17.8888pt too wide) in paragraph at lines 42--43
\OT1/cmr/bx/n/10 3.3:
 []


Overfull \hbox (65.25484pt too wide) in paragraph at lines 42--43
[][] \OML/cmm/m/it/10 f\OT1/cmr/m/n/10 (\OML/cmm/m/it/10 z\OT1/cmr/m/n/10 ) =
 []


Overfull \hbox (10.00002pt too wide) in paragraph at lines 42--43
\OMS/cmsy/m/n/10 1$
 []


Overfull \hbox (18.22566pt too wide) in paragraph at lines 42--43
\OML/cmm/m/it/10 R >
 []


Overfull \hbox (5.00002pt too wide) in paragraph at lines 42--43
\OT1/cmr/m/n/10 0$
 []


Overfull \hbox (15.37842pt too wide) in paragraph at lines 42--43
\OML/cmm/m/it/10 ^^N \OT1/cmr/m/n/10 =
 []


Overfull \hbox (30.82637pt too wide) in paragraph at lines 42--43
\OML/cmm/m/it/10 ^^N\OT1/cmr/m/n/10 (\OML/cmm/m/it/10 R\OT1/cmr/m/n/10 ) \OML/cmm/m/it/10 >
 []


Overfull \hbox (5.00002pt too wide) in paragraph at lines 42--43
\OT1/cmr/m/n/10 0$
 []


Overfull \hbox (15.55553pt too wide) in paragraph at lines 42--43
\OT1/cmr/m/n/10 0 \OML/cmm/m/it/10 <
 []


Overfull \hbox (15.64589pt too wide) in paragraph at lines 42--43
\OMS/cmsy/m/n/10 j\OML/cmm/m/it/10 z \OMS/cmsy/m/n/10 ^^@
 []


Overfull \hbox (22.46992pt too wide) in paragraph at lines 42--43
\OML/cmm/m/it/10 z[]\OMS/cmsy/m/n/10 j \OML/cmm/m/it/10 <
 []


Overfull \hbox (4.8229pt too wide) in paragraph at lines 42--43
\OML/cmm/m/it/10 ^^N$
 []


Overfull \hbox (34.95145pt too wide) in paragraph at lines 42--43
\OMS/cmsy/m/n/10 j\OML/cmm/m/it/10 f\OT1/cmr/m/n/10 (\OML/cmm/m/it/10 z\OT1/cmr/m/n/10 )\OMS/cmsy/m/n/10 j \OML/cmm/m/it/10 >
 []


Overfull \hbox (7.67015pt too wide) in paragraph at lines 42--43
\OML/cmm/m/it/10 R$ 
 []


/home/jonzoda/Documents/school/2024/MTH5103/notes/final_complex_variable/input/note03.tex:44: LaTeX Error: Missing \begin{document}.

See the LaTeX manual or LaTeX Companion for explanation.
Type  H <return>  for immediate help.
 ...                                              
                                                  
l.44 \textbf{Def 3.4:}
                       We say that $\lim_{z\to\infty}f(z)=\infty$ if for any...
You're in trouble here.  Try typing  <return>  to proceed.
If that doesn't work, type  X <return>  to quit.

Missing character: There is no W in font nullfont!
Missing character: There is no e in font nullfont!
Missing character: There is no s in font nullfont!
Missing character: There is no a in font nullfont!
Missing character: There is no y in font nullfont!
Missing character: There is no t in font nullfont!
Missing character: There is no h in font nullfont!
Missing character: There is no a in font nullfont!
Missing character: There is no t in font nullfont!
Missing character: There is no i in font nullfont!
Missing character: There is no f in font nullfont!
Missing character: There is no f in font nullfont!
Missing character: There is no o in font nullfont!
Missing character: There is no r in font nullfont!
Missing character: There is no a in font nullfont!
Missing character: There is no n in font nullfont!
Missing character: There is no y in font nullfont!
Missing character: There is no t in font nullfont!
Missing character: There is no h in font nullfont!
Missing character: There is no e in font nullfont!
Missing character: There is no r in font nullfont!
Missing character: There is no e in font nullfont!
Missing character: There is no e in font nullfont!
Missing character: There is no x in font nullfont!
Missing character: There is no i in font nullfont!
Missing character: There is no s in font nullfont!
Missing character: There is no t in font nullfont!
Missing character: There is no s in font nullfont!
Missing character: There is no s in font nullfont!
Missing character: There is no u in font nullfont!
Missing character: There is no c in font nullfont!
Missing character: There is no h in font nullfont!
Missing character: There is no t in font nullfont!
Missing character: There is no h in font nullfont!
Missing character: There is no a in font nullfont!
Missing character: There is no t in font nullfont!
Missing character: There is no i in font nullfont!
Missing character: There is no f in font nullfont!
Missing character: There is no , in font nullfont!
Missing character: There is no t in font nullfont!
Missing character: There is no h in font nullfont!
Missing character: There is no e in font nullfont!
Missing character: There is no n in font nullfont!
Missing character: There is no . in font nullfont!

Overfull \hbox (37.60408pt too wide) in paragraph at lines 44--45
[]\OT1/cmr/bx/n/10 Def
 []


Overfull \hbox (17.8888pt too wide) in paragraph at lines 44--45
\OT1/cmr/bx/n/10 3.4:
 []


Overfull \hbox (65.5036pt too wide) in paragraph at lines 44--45
[][] \OML/cmm/m/it/10 f\OT1/cmr/m/n/10 (\OML/cmm/m/it/10 z\OT1/cmr/m/n/10 ) =
 []


Overfull \hbox (10.00002pt too wide) in paragraph at lines 44--45
\OMS/cmsy/m/n/10 1$
 []


Overfull \hbox (18.22566pt too wide) in paragraph at lines 44--45
\OML/cmm/m/it/10 R >
 []


Overfull \hbox (5.00002pt too wide) in paragraph at lines 44--45
\OT1/cmr/m/n/10 0$
 []


Overfull \hbox (17.26382pt too wide) in paragraph at lines 44--45
\OML/cmm/m/it/10 S \OT1/cmr/m/n/10 =
 []


Overfull \hbox (32.71178pt too wide) in paragraph at lines 44--45
\OML/cmm/m/it/10 S\OT1/cmr/m/n/10 (\OML/cmm/m/it/10 R\OT1/cmr/m/n/10 ) \OML/cmm/m/it/10 >
 []


Overfull \hbox (5.00002pt too wide) in paragraph at lines 44--45
\OT1/cmr/m/n/10 0$
 []


Overfull \hbox (21.20139pt too wide) in paragraph at lines 44--45
\OMS/cmsy/m/n/10 j\OML/cmm/m/it/10 z\OMS/cmsy/m/n/10 j \OML/cmm/m/it/10 >
 []


Overfull \hbox (6.70831pt too wide) in paragraph at lines 44--45
\OML/cmm/m/it/10 S$
 []


Overfull \hbox (34.95145pt too wide) in paragraph at lines 44--45
\OMS/cmsy/m/n/10 j\OML/cmm/m/it/10 f\OT1/cmr/m/n/10 (\OML/cmm/m/it/10 z\OT1/cmr/m/n/10 )\OMS/cmsy/m/n/10 j \OML/cmm/m/it/10 >
 []


Overfull \hbox (7.67015pt too wide) in paragraph at lines 44--45
\OML/cmm/m/it/10 R$ 
 []


/home/jonzoda/Documents/school/2024/MTH5103/notes/final_complex_variable/input/note03.tex:46: LaTeX Error: Missing \begin{document}.

See the LaTeX manual or LaTeX Companion for explanation.
Type  H <return>  for immediate help.
 ...                                              
                                                  
l.46 \textbf{Ex 5.5:}
                      Prove that a) $\lim_{z\to i} z-i = \infty$ b) $\lim_{z...
You're in trouble here.  Try typing  <return>  to proceed.
If that doesn't work, type  X <return>  to quit.

Missing character: There is no P in font nullfont!
Missing character: There is no r in font nullfont!
Missing character: There is no o in font nullfont!
Missing character: There is no v in font nullfont!
Missing character: There is no e in font nullfont!
Missing character: There is no t in font nullfont!
Missing character: There is no h in font nullfont!
Missing character: There is no a in font nullfont!
Missing character: There is no t in font nullfont!
Missing character: There is no a in font nullfont!
Missing character: There is no ) in font nullfont!
Missing character: There is no b in font nullfont!
Missing character: There is no ) in font nullfont!
Missing character: There is no . in font nullfont!

Overfull \hbox (33.62492pt too wide) in paragraph at lines 46--47
[]\OT1/cmr/bx/n/10 Ex
 []


Overfull \hbox (17.8888pt too wide) in paragraph at lines 46--47
\OT1/cmr/bx/n/10 5.5:
 []


Overfull \hbox (43.83287pt too wide) in paragraph at lines 46--47
[][] \OML/cmm/m/it/10 z \OMS/cmsy/m/n/10 ^^@
 []


Overfull \hbox (14.00064pt too wide) in paragraph at lines 46--47
\OML/cmm/m/it/10 i \OT1/cmr/m/n/10 =
 []


Overfull \hbox (10.00002pt too wide) in paragraph at lines 46--47
\OMS/cmsy/m/n/10 1$
 []


Overfull \hbox (53.17091pt too wide) in paragraph at lines 46--47
[][] [] \OT1/cmr/m/n/10 =
 []


Overfull \hbox (5.00002pt too wide) in paragraph at lines 46--47
\OT1/cmr/m/n/10 0$ 
 []


/home/jonzoda/Documents/school/2024/MTH5103/notes/final_complex_variable/input/note03.tex:48: LaTeX Error: Missing \begin{document}.

See the LaTeX manual or LaTeX Companion for explanation.
Type  H <return>  for immediate help.
 ...                                              
                                                  
l.48 S
      ol: a) By Def 3.3 we need to find $\delta = \delta(R) > 0$ for a given...
You're in trouble here.  Try typing  <return>  to proceed.
If that doesn't work, type  X <return>  to quit.

Missing character: There is no S in font nullfont!
Missing character: There is no o in font nullfont!
Missing character: There is no l in font nullfont!
Missing character: There is no : in font nullfont!
Missing character: There is no a in font nullfont!
Missing character: There is no ) in font nullfont!
Missing character: There is no B in font nullfont!
Missing character: There is no y in font nullfont!
Missing character: There is no D in font nullfont!
Missing character: There is no e in font nullfont!
Missing character: There is no f in font nullfont!
Missing character: There is no 3 in font nullfont!
Missing character: There is no . in font nullfont!
Missing character: There is no 3 in font nullfont!
Missing character: There is no w in font nullfont!
Missing character: There is no e in font nullfont!
Missing character: There is no n in font nullfont!
Missing character: There is no e in font nullfont!
Missing character: There is no e in font nullfont!
Missing character: There is no d in font nullfont!
Missing character: There is no t in font nullfont!
Missing character: There is no o in font nullfont!
Missing character: There is no f in font nullfont!
Missing character: There is no i in font nullfont!
Missing character: There is no n in font nullfont!
Missing character: There is no d in font nullfont!
Missing character: There is no f in font nullfont!
Missing character: There is no o in font nullfont!
Missing character: There is no r in font nullfont!
Missing character: There is no a in font nullfont!
Missing character: There is no g in font nullfont!
Missing character: There is no i in font nullfont!
Missing character: There is no v in font nullfont!
Missing character: There is no e in font nullfont!
Missing character: There is no n in font nullfont!
Missing character: There is no : in font nullfont!
Missing character: There is no I in font nullfont!
Missing character: There is no f in font nullfont!
Missing character: There is no , in font nullfont!
Missing character: There is no t in font nullfont!
Missing character: There is no h in font nullfont!
Missing character: There is no e in font nullfont!
Missing character: There is no n in font nullfont!
Missing character: There is no , in font nullfont!
Missing character: There is no t in font nullfont!
Missing character: There is no h in font nullfont!
Missing character: There is no u in font nullfont!
Missing character: There is no s in font nullfont!
Missing character: There is no t in font nullfont!
Missing character: There is no h in font nullfont!
Missing character: There is no e in font nullfont!
Missing character: There is no c in font nullfont!
Missing character: There is no h in font nullfont!
Missing character: There is no o in font nullfont!
Missing character: There is no i in font nullfont!
Missing character: There is no c in font nullfont!
Missing character: There is no e in font nullfont!
Missing character: There is no f in font nullfont!
Missing character: There is no i in font nullfont!
Missing character: There is no n in font nullfont!
Missing character: There is no i in font nullfont!
Missing character: There is no s in font nullfont!
Missing character: There is no h in font nullfont!
Missing character: There is no e in font nullfont!
Missing character: There is no s in font nullfont!
Missing character: There is no t in font nullfont!
Missing character: There is no h in font nullfont!
Missing character: There is no e in font nullfont!
Missing character: There is no p in font nullfont!
Missing character: There is no r in font nullfont!
Missing character: There is no o in font nullfont!
Missing character: There is no o in font nullfont!
Missing character: There is no f in font nullfont!
Missing character: There is no . in font nullfont!

Overfull \hbox (20.0pt too wide) in paragraph at lines 48--49
[]
 []


Overfull \hbox (15.37842pt too wide) in paragraph at lines 48--49
\OML/cmm/m/it/10 ^^N \OT1/cmr/m/n/10 =
 []


Overfull \hbox (30.82637pt too wide) in paragraph at lines 48--49
\OML/cmm/m/it/10 ^^N\OT1/cmr/m/n/10 (\OML/cmm/m/it/10 R\OT1/cmr/m/n/10 ) \OML/cmm/m/it/10 >
 []


Overfull \hbox (5.00002pt too wide) in paragraph at lines 48--49
\OT1/cmr/m/n/10 0$
 []


Overfull \hbox (18.22566pt too wide) in paragraph at lines 48--49
\OML/cmm/m/it/10 R >
 []


Overfull \hbox (5.00002pt too wide) in paragraph at lines 48--49
\OT1/cmr/m/n/10 0$
 []


Overfull \hbox (31.69806pt too wide) in paragraph at lines 48--49
\OMS/cmsy/m/n/10 j[]j \OML/cmm/m/it/10 >
 []


Overfull \hbox (7.67015pt too wide) in paragraph at lines 48--49
\OML/cmm/m/it/10 R$
 []


Overfull \hbox (15.64589pt too wide) in paragraph at lines 48--49
\OMS/cmsy/m/n/10 j\OML/cmm/m/it/10 z \OMS/cmsy/m/n/10 ^^@
 []


Overfull \hbox (16.77843pt too wide) in paragraph at lines 48--49
\OML/cmm/m/it/10 i\OMS/cmsy/m/n/10 j \OML/cmm/m/it/10 <
 []


Overfull \hbox (8.46008pt too wide) in paragraph at lines 48--49
[]$
 []


Overfull \hbox (15.37842pt too wide) in paragraph at lines 48--49
\OML/cmm/m/it/10 ^^N \OT1/cmr/m/n/10 =
 []


Overfull \hbox (8.46008pt too wide) in paragraph at lines 48--49
[]$
 []


/home/jonzoda/Documents/school/2024/MTH5103/notes/final_complex_variable/input/note03.tex:50: LaTeX Error: Missing \begin{document}.

See the LaTeX manual or LaTeX Companion for explanation.
Type  H <return>  for immediate help.
 ...                                              
                                                  
l.50 b
      ) By Def 3.2 we need to find $R>0$ for a given $\epsilon > 0$. If $|\f...
You're in trouble here.  Try typing  <return>  to proceed.
If that doesn't work, type  X <return>  to quit.

Missing character: There is no b in font nullfont!
Missing character: There is no ) in font nullfont!
Missing character: There is no B in font nullfont!
Missing character: There is no y in font nullfont!
Missing character: There is no D in font nullfont!
Missing character: There is no e in font nullfont!
Missing character: There is no f in font nullfont!
Missing character: There is no 3 in font nullfont!
Missing character: There is no . in font nullfont!
Missing character: There is no 2 in font nullfont!
Missing character: There is no w in font nullfont!
Missing character: There is no e in font nullfont!
Missing character: There is no n in font nullfont!
Missing character: There is no e in font nullfont!
Missing character: There is no e in font nullfont!
Missing character: There is no d in font nullfont!
Missing character: There is no t in font nullfont!
Missing character: There is no o in font nullfont!
Missing character: There is no f in font nullfont!
Missing character: There is no i in font nullfont!
Missing character: There is no n in font nullfont!
Missing character: There is no d in font nullfont!
Missing character: There is no f in font nullfont!
Missing character: There is no o in font nullfont!
Missing character: There is no r in font nullfont!
Missing character: There is no a in font nullfont!
Missing character: There is no g in font nullfont!
Missing character: There is no i in font nullfont!
Missing character: There is no v in font nullfont!
Missing character: There is no e in font nullfont!
Missing character: There is no n in font nullfont!
Missing character: There is no . in font nullfont!
Missing character: There is no I in font nullfont!
Missing character: There is no f in font nullfont!
Missing character: There is no , in font nullfont!
Missing character: There is no t in font nullfont!
Missing character: There is no h in font nullfont!
Missing character: There is no e in font nullfont!
Missing character: There is no n in font nullfont!
Missing character: There is no , in font nullfont!
Missing character: There is no c in font nullfont!
Missing character: There is no h in font nullfont!
Missing character: There is no o in font nullfont!
Missing character: There is no o in font nullfont!
Missing character: There is no s in font nullfont!
Missing character: There is no e in font nullfont!
Missing character: There is no a in font nullfont!
Missing character: There is no n in font nullfont!
Missing character: There is no d in font nullfont!
Missing character: There is no f in font nullfont!
Missing character: There is no i in font nullfont!
Missing character: There is no n in font nullfont!
Missing character: There is no i in font nullfont!
Missing character: There is no s in font nullfont!
Missing character: There is no h in font nullfont!
Missing character: There is no . in font nullfont!

Overfull \hbox (20.0pt too wide) in paragraph at lines 50--51
[]
 []


Overfull \hbox (18.22566pt too wide) in paragraph at lines 50--51
\OML/cmm/m/it/10 R >
 []


Overfull \hbox (5.00002pt too wide) in paragraph at lines 50--51
\OT1/cmr/m/n/10 0$
 []


Overfull \hbox (14.61455pt too wide) in paragraph at lines 50--51
\OML/cmm/m/it/10 ^^O >
 []


Overfull \hbox (5.00002pt too wide) in paragraph at lines 50--51
\OT1/cmr/m/n/10 0$
 []


Overfull \hbox (17.06326pt too wide) in paragraph at lines 50--51
\OMS/cmsy/m/n/10 j[] ^^@
 []


Overfull \hbox (18.33331pt too wide) in paragraph at lines 50--51
\OT1/cmr/m/n/10 0\OMS/cmsy/m/n/10 j \OT1/cmr/m/n/10 =
 []


Overfull \hbox (21.81319pt too wide) in paragraph at lines 50--51
[] \OML/cmm/m/it/10 <
 []


Overfull \hbox (4.05904pt too wide) in paragraph at lines 50--51
\OML/cmm/m/it/10 ^^O$
 []


Overfull \hbox (21.20139pt too wide) in paragraph at lines 50--51
\OMS/cmsy/m/n/10 j\OML/cmm/m/it/10 z\OMS/cmsy/m/n/10 j \OML/cmm/m/it/10 >
 []


Overfull \hbox (6.38612pt too wide) in paragraph at lines 50--51
[]$
 []


Overfull \hbox (18.22566pt too wide) in paragraph at lines 50--51
\OML/cmm/m/it/10 R \OT1/cmr/m/n/10 =
 []


Overfull \hbox (6.38612pt too wide) in paragraph at lines 50--51
[]$
 []


/home/jonzoda/Documents/school/2024/MTH5103/notes/final_complex_variable/input/note03.tex:52: LaTeX Error: Missing \begin{document}.

See the LaTeX manual or LaTeX Companion for explanation.
Type  H <return>  for immediate help.
 ...                                              
                                                  
l.52 \textbf{Ex 5.6:}
                      Prove that $\lim_{z\to\infty} \frac{z^2+1}{z+2i} = \in...
You're in trouble here.  Try typing  <return>  to proceed.
If that doesn't work, type  X <return>  to quit.

Missing character: There is no P in font nullfont!
Missing character: There is no r in font nullfont!
Missing character: There is no o in font nullfont!
Missing character: There is no v in font nullfont!
Missing character: There is no e in font nullfont!
Missing character: There is no t in font nullfont!
Missing character: There is no h in font nullfont!
Missing character: There is no a in font nullfont!
Missing character: There is no t in font nullfont!
Missing character: There is no . in font nullfont!

Overfull \hbox (33.62492pt too wide) in paragraph at lines 52--53
[]\OT1/cmr/bx/n/10 Ex
 []


Overfull \hbox (17.8888pt too wide) in paragraph at lines 52--53
\OT1/cmr/bx/n/10 5.6:
 []


Overfull \hbox (67.19879pt too wide) in paragraph at lines 52--53
[][] [] \OT1/cmr/m/n/10 =
 []


Overfull \hbox (10.00002pt too wide) in paragraph at lines 52--53
\OMS/cmsy/m/n/10 1$ 
 []


/home/jonzoda/Documents/school/2024/MTH5103/notes/final_complex_variable/input/note03.tex:54: LaTeX Error: Missing \begin{document}.

See the LaTeX manual or LaTeX Companion for explanation.
Type  H <return>  for immediate help.
 ...                                              
                                                  
l.54 S
      ol: By Def 3.4 we need to find $S=S(R)>0$ for a given $R>0$. If $|\fra...
You're in trouble here.  Try typing  <return>  to proceed.
If that doesn't work, type  X <return>  to quit.

Missing character: There is no S in font nullfont!
Missing character: There is no o in font nullfont!
Missing character: There is no l in font nullfont!
Missing character: There is no : in font nullfont!
Missing character: There is no B in font nullfont!
Missing character: There is no y in font nullfont!
Missing character: There is no D in font nullfont!
Missing character: There is no e in font nullfont!
Missing character: There is no f in font nullfont!
Missing character: There is no 3 in font nullfont!
Missing character: There is no . in font nullfont!
Missing character: There is no 4 in font nullfont!
Missing character: There is no w in font nullfont!
Missing character: There is no e in font nullfont!
Missing character: There is no n in font nullfont!
Missing character: There is no e in font nullfont!
Missing character: There is no e in font nullfont!
Missing character: There is no d in font nullfont!
Missing character: There is no t in font nullfont!
Missing character: There is no o in font nullfont!
Missing character: There is no f in font nullfont!
Missing character: There is no i in font nullfont!
Missing character: There is no n in font nullfont!
Missing character: There is no d in font nullfont!
Missing character: There is no f in font nullfont!
Missing character: There is no o in font nullfont!
Missing character: There is no r in font nullfont!
Missing character: There is no a in font nullfont!
Missing character: There is no g in font nullfont!
Missing character: There is no i in font nullfont!
Missing character: There is no v in font nullfont!
Missing character: There is no e in font nullfont!
Missing character: There is no n in font nullfont!
Missing character: There is no . in font nullfont!
Missing character: There is no I in font nullfont!
Missing character: There is no f in font nullfont!
Missing character: There is no , in font nullfont!
Missing character: There is no t in font nullfont!
Missing character: There is no h in font nullfont!
Missing character: There is no e in font nullfont!
Missing character: There is no n in font nullfont!

Overfull \hbox (20.0pt too wide) in paragraph at lines 54--55
[]
 []


Overfull \hbox (17.26382pt too wide) in paragraph at lines 54--55
\OML/cmm/m/it/10 S \OT1/cmr/m/n/10 =
 []


Overfull \hbox (32.71178pt too wide) in paragraph at lines 54--55
\OML/cmm/m/it/10 S\OT1/cmr/m/n/10 (\OML/cmm/m/it/10 R\OT1/cmr/m/n/10 ) \OML/cmm/m/it/10 >
 []


Overfull \hbox (5.00002pt too wide) in paragraph at lines 54--55
\OT1/cmr/m/n/10 0$
 []


Overfull \hbox (18.22566pt too wide) in paragraph at lines 54--55
\OML/cmm/m/it/10 R >
 []


Overfull \hbox (5.00002pt too wide) in paragraph at lines 54--55
\OT1/cmr/m/n/10 0$
 []


Overfull \hbox (36.64664pt too wide) in paragraph at lines 54--55
\OMS/cmsy/m/n/10 j[]j \OML/cmm/m/it/10 >
 []


Overfull \hbox (7.67015pt too wide) in paragraph at lines 54--55
\OML/cmm/m/it/10 R$
 []


Overfull \hbox (181.60052pt too wide) detected at line 55
\OMS/cmsy/m/n/10 j[]j \OT1/cmr/m/n/10 = \OMS/cmsy/m/n/10 j[]j \OT1/cmr/m/n/10 = \OMS/cmsy/m/n/10 j\OML/cmm/m/it/10 z\OMS/cmsy/m/n/10 jj[]j \OML/cmm/m/it/10 > R
 []

Missing character: There is no L in font nullfont!
Missing character: There is no e in font nullfont!
Missing character: There is no t in font nullfont!
Missing character: There is no u in font nullfont!
Missing character: There is no s in font nullfont!
Missing character: There is no s in font nullfont!
Missing character: There is no h in font nullfont!
Missing character: There is no o in font nullfont!
Missing character: There is no w in font nullfont!
Missing character: There is no t in font nullfont!
Missing character: There is no h in font nullfont!
Missing character: There is no a in font nullfont!
Missing character: There is no t in font nullfont!
Missing character: There is no , in font nullfont!
Missing character: There is no t in font nullfont!
Missing character: There is no h in font nullfont!
Missing character: There is no e in font nullfont!
Missing character: There is no n in font nullfont!
Missing character: There is no . in font nullfont!
Missing character: There is no S in font nullfont!
Missing character: There is no i in font nullfont!
Missing character: There is no n in font nullfont!
Missing character: There is no c in font nullfont!
Missing character: There is no e in font nullfont!
Missing character: There is no w in font nullfont!
Missing character: There is no e in font nullfont!
Missing character: There is no c in font nullfont!
Missing character: There is no a in font nullfont!
Missing character: There is no n in font nullfont!
Missing character: There is no a in font nullfont!
Missing character: There is no s in font nullfont!
Missing character: There is no s in font nullfont!
Missing character: There is no u in font nullfont!
Missing character: There is no m in font nullfont!
Missing character: There is no e in font nullfont!
Missing character: There is no t in font nullfont!
Missing character: There is no h in font nullfont!
Missing character: There is no a in font nullfont!
Missing character: There is no t in font nullfont!
Missing character: There is no . in font nullfont!
Missing character: There is no T in font nullfont!
Missing character: There is no h in font nullfont!
Missing character: There is no u in font nullfont!
Missing character: There is no s in font nullfont!
Missing character: There is no ( in font nullfont!
Missing character: There is no 1 in font nullfont!
Missing character: There is no ) in font nullfont!
Missing character: There is no . in font nullfont!

Overfull \hbox (38.56743pt too wide) in paragraph at lines 55--57
    $\OMS/cmsy/m/n/10 j[]j \OML/cmm/m/it/10 <
 []


Overfull \hbox (5.00002pt too wide) in paragraph at lines 55--57
\OT1/cmr/m/n/10 2$
 []


Overfull \hbox (15.5556pt too wide) in paragraph at lines 55--57
\OMS/cmsy/m/n/10 j\OT1/cmr/m/n/10 1 +
 []


Overfull \hbox (22.5487pt too wide) in paragraph at lines 55--57
[]\OMS/cmsy/m/n/10 j ^^U
 []


Overfull \hbox (15.5556pt too wide) in paragraph at lines 55--57
\OMS/cmsy/m/n/10 j\OT1/cmr/m/n/10 1 \OMS/cmsy/m/n/10 ^^@
 []


Overfull \hbox (28.10428pt too wide) in paragraph at lines 55--57
\OMS/cmsy/m/n/10 j[]jj \OT1/cmr/m/n/10 =
 []


Overfull \hbox (15.5556pt too wide) in paragraph at lines 55--57
\OMS/cmsy/m/n/10 j\OT1/cmr/m/n/10 1 \OMS/cmsy/m/n/10 ^^@
 []


Overfull \hbox (24.59097pt too wide) in paragraph at lines 55--57
[]\OMS/cmsy/m/n/10 j ^^U
 []


Overfull \hbox (15.5556pt too wide) in paragraph at lines 55--57
\OMS/cmsy/m/n/10 j\OT1/cmr/m/n/10 1 \OMS/cmsy/m/n/10 ^^@
 []


Overfull \hbox (18.33331pt too wide) in paragraph at lines 55--57
\OT1/cmr/m/n/10 2\OMS/cmsy/m/n/10 j \OT1/cmr/m/n/10 =
 []


Overfull \hbox (5.00002pt too wide) in paragraph at lines 55--57
\OT1/cmr/m/n/10 1$
 []


Overfull \hbox (17.86803pt too wide) in paragraph at lines 55--57
\OML/cmm/m/it/10 z \OMS/cmsy/m/n/10 !
 []


Overfull \hbox (10.00002pt too wide) in paragraph at lines 55--57
\OMS/cmsy/m/n/10 1$
 []


Overfull \hbox (21.20139pt too wide) in paragraph at lines 55--57
\OMS/cmsy/m/n/10 j\OML/cmm/m/it/10 z\OMS/cmsy/m/n/10 j \OML/cmm/m/it/10 >
 []


Overfull \hbox (5.00002pt too wide) in paragraph at lines 55--57
\OT1/cmr/m/n/10 1$
 []


Overfull \hbox (15.5556pt too wide) in paragraph at lines 55--57
\OMS/cmsy/m/n/10 j\OT1/cmr/m/n/10 1 +
 []


Overfull \hbox (22.5487pt too wide) in paragraph at lines 55--57
[]\OMS/cmsy/m/n/10 j ^^U
 []


Overfull \hbox (6.38612pt too wide) in paragraph at lines 55--57
[]$ 
 []


Overfull \hbox (123.39714pt too wide) detected at line 57
\OMS/cmsy/m/n/10 j\OT1/cmr/m/n/10 1 + []\OMS/cmsy/m/n/10 j ^^T \OT1/cmr/m/n/10 1 + \OMS/cmsy/m/n/10 j[]j ^^T \OT1/cmr/m/n/10 1 + 1 = 2
 []

Missing character: There is no t in font nullfont!
Missing character: There is no r in font nullfont!
Missing character: There is no i in font nullfont!
Missing character: There is no a in font nullfont!
Missing character: There is no n in font nullfont!
Missing character: There is no g in font nullfont!
Missing character: There is no l in font nullfont!
Missing character: There is no e in font nullfont!
Missing character: There is no i in font nullfont!
Missing character: There is no n in font nullfont!
Missing character: There is no e in font nullfont!
Missing character: There is no q in font nullfont!
Missing character: There is no u in font nullfont!
Missing character: There is no a in font nullfont!
Missing character: There is no l in font nullfont!
Missing character: There is no i in font nullfont!
Missing character: There is no t in font nullfont!
Missing character: There is no y in font nullfont!
Missing character: There is no . in font nullfont!
Missing character: There is no T in font nullfont!
Missing character: There is no h in font nullfont!
Missing character: There is no u in font nullfont!
Missing character: There is no s in font nullfont!
Missing character: There is no ( in font nullfont!
Missing character: There is no 2 in font nullfont!
Missing character: There is no ) in font nullfont!
Missing character: There is no a in font nullfont!
Missing character: There is no n in font nullfont!
Missing character: There is no d in font nullfont!
Missing character: There is no w in font nullfont!
Missing character: There is no e in font nullfont!
Missing character: There is no g in font nullfont!
Missing character: There is no e in font nullfont!
Missing character: There is no t in font nullfont!

Overfull \hbox (44.85483pt too wide) in paragraph at lines 57--60
    $[] \OML/cmm/m/it/10 <
 []


Overfull \hbox (5.00002pt too wide) in paragraph at lines 57--60
\OT1/cmr/m/n/10 1$
 []


Overfull \hbox (125.79831pt too wide) detected at line 60
[] \OT1/cmr/m/n/10 = [] \OML/cmm/m/it/10 < [] \OT1/cmr/m/n/10 = 2
 []

Missing character: There is no A in font nullfont!
Missing character: There is no l in font nullfont!
Missing character: There is no t in font nullfont!
Missing character: There is no e in font nullfont!
Missing character: There is no r in font nullfont!
Missing character: There is no n in font nullfont!
Missing character: There is no a in font nullfont!
Missing character: There is no t in font nullfont!
Missing character: There is no i in font nullfont!
Missing character: There is no v in font nullfont!
Missing character: There is no e in font nullfont!
Missing character: There is no l in font nullfont!
Missing character: There is no y in font nullfont!
Missing character: There is no : in font nullfont!
Missing character: There is no B in font nullfont!
Missing character: There is no y in font nullfont!
Missing character: There is no P in font nullfont!
Missing character: There is no r in font nullfont!
Missing character: There is no o in font nullfont!
Missing character: There is no p in font nullfont!
Missing character: There is no 3 in font nullfont!
Missing character: There is no . in font nullfont!
Missing character: There is no 1 in font nullfont!
Missing character: There is no 2 in font nullfont!
Missing character: There is no ) in font nullfont!

Overfull \hbox (341.8228pt too wide) detected at line 62
[] [] \OT1/cmr/m/n/10 = [] \OMS/cmsy/m/n/10 j\OML/cmm/m/it/10 z\OMS/cmsy/m/n/10 j [] [] \OT1/cmr/m/n/10 = [] \OMS/cmsy/m/n/10 j\OML/cmm/m/it/10 z\OMS/cmsy/m/n/10 j [] [] [] []
 []

Missing character: There is no B in font nullfont!
Missing character: There is no y in font nullfont!
Missing character: There is no E in font nullfont!
Missing character: There is no x in font nullfont!
Missing character: There is no 5 in font nullfont!
Missing character: There is no . in font nullfont!
Missing character: There is no 5 in font nullfont!
Missing character: There is no b in font nullfont!
Missing character: There is no ) in font nullfont!
Missing character: There is no : in font nullfont!
/home/jonzoda/Documents/school/2024/MTH5103/notes/final_complex_variable/input/note03.tex:63: Undefined control sequence.
l.63 ...im_{z \to \infty} \frac{1}{z} = 0 \implies
                                                   \lim_{z \to \infty} 1 + \...
The control sequence at the end of the top line
of your error message was never \def'ed. If you have
misspelled it (e.g., `\hobx'), type `I' and the correct
spelling (e.g., `I\hbox'). Otherwise just continue,
and I'll forget about whatever was undefined.

/home/jonzoda/Documents/school/2024/MTH5103/notes/final_complex_variable/input/note03.tex:63: Undefined control sequence.
l.63 ...y} \frac{1}{1 + \frac{2i}{z}} = 1 \implies
                                                   \lim_{z \to \infty} \frac...
The control sequence at the end of the top line
of your error message was never \def'ed. If you have
misspelled it (e.g., `\hobx'), type `I' and the correct
spelling (e.g., `I\hbox'). Otherwise just continue,
and I'll forget about whatever was undefined.

Missing character: There is no . in font nullfont!

Overfull \hbox (53.17091pt too wide) in paragraph at lines 62--64
    $[][] [] \OT1/cmr/m/n/10 =
 []


Overfull \hbox (55.55219pt too wide) in paragraph at lines 62--64
\OT1/cmr/m/n/10 0 [][] 1 +
 []


Overfull \hbox (20.96602pt too wide) in paragraph at lines 62--64
[] \OT1/cmr/m/n/10 =
 []


Overfull \hbox (77.10338pt too wide) in paragraph at lines 62--64
\OT1/cmr/m/n/10 1\OML/cmm/m/it/10 ; [][] [] \OT1/cmr/m/n/10 =
 []


Overfull \hbox (73.86543pt too wide) in paragraph at lines 62--64
\OT1/cmr/m/n/10 1 [][] [] =
 []


Overfull \hbox (10.00002pt too wide) in paragraph at lines 62--64
\OMS/cmsy/m/n/10 1$ 
 []


/home/jonzoda/Documents/school/2024/MTH5103/notes/final_complex_variable/input/note03.tex:65: LaTeX Error: Missing \begin{document}.

See the LaTeX manual or LaTeX Companion for explanation.
Type  H <return>  for immediate help.
 ...                                              
                                                  
l.65 O
      ur next subject is continuity of complex functions. First, we need sev...
You're in trouble here.  Try typing  <return>  to proceed.
If that doesn't work, type  X <return>  to quit.

Missing character: There is no O in font nullfont!
Missing character: There is no u in font nullfont!
Missing character: There is no r in font nullfont!
Missing character: There is no n in font nullfont!
Missing character: There is no e in font nullfont!
Missing character: There is no x in font nullfont!
Missing character: There is no t in font nullfont!
Missing character: There is no s in font nullfont!
Missing character: There is no u in font nullfont!
Missing character: There is no b in font nullfont!
Missing character: There is no j in font nullfont!
Missing character: There is no e in font nullfont!
Missing character: There is no c in font nullfont!
Missing character: There is no t in font nullfont!
Missing character: There is no i in font nullfont!
Missing character: There is no s in font nullfont!
Missing character: There is no c in font nullfont!
Missing character: There is no o in font nullfont!
Missing character: There is no n in font nullfont!
Missing character: There is no t in font nullfont!
Missing character: There is no i in font nullfont!
Missing character: There is no n in font nullfont!
Missing character: There is no u in font nullfont!
Missing character: There is no i in font nullfont!
Missing character: There is no t in font nullfont!
Missing character: There is no y in font nullfont!
Missing character: There is no o in font nullfont!
Missing character: There is no f in font nullfont!
Missing character: There is no c in font nullfont!
Missing character: There is no o in font nullfont!
Missing character: There is no m in font nullfont!
Missing character: There is no p in font nullfont!
Missing character: There is no l in font nullfont!
Missing character: There is no e in font nullfont!
Missing character: There is no x in font nullfont!
Missing character: There is no f in font nullfont!
Missing character: There is no u in font nullfont!
Missing character: There is no n in font nullfont!
Missing character: There is no c in font nullfont!
Missing character: There is no t in font nullfont!
Missing character: There is no i in font nullfont!
Missing character: There is no o in font nullfont!
Missing character: There is no n in font nullfont!
Missing character: There is no s in font nullfont!
Missing character: There is no . in font nullfont!
Missing character: There is no F in font nullfont!
Missing character: There is no i in font nullfont!
Missing character: There is no r in font nullfont!
Missing character: There is no s in font nullfont!
Missing character: There is no t in font nullfont!
Missing character: There is no , in font nullfont!
Missing character: There is no w in font nullfont!
Missing character: There is no e in font nullfont!
Missing character: There is no n in font nullfont!
Missing character: There is no e in font nullfont!
Missing character: There is no e in font nullfont!
Missing character: There is no d in font nullfont!
Missing character: There is no s in font nullfont!
Missing character: There is no e in font nullfont!
Missing character: There is no v in font nullfont!
Missing character: There is no e in font nullfont!
Missing character: There is no r in font nullfont!
Missing character: There is no a in font nullfont!
Missing character: There is no l in font nullfont!
Missing character: There is no d in font nullfont!
Missing character: There is no e in font nullfont!
Missing character: There is no f in font nullfont!
Missing character: There is no i in font nullfont!
Missing character: There is no n in font nullfont!
Missing character: There is no i in font nullfont!
Missing character: There is no t in font nullfont!
Missing character: There is no i in font nullfont!
Missing character: There is no o in font nullfont!
Missing character: There is no n in font nullfont!
Missing character: There is no s in font nullfont!
Missing character: There is no o in font nullfont!
Missing character: There is no f in font nullfont!
Missing character: There is no s in font nullfont!
Missing character: There is no e in font nullfont!
Missing character: There is no t in font nullfont!
Missing character: There is no s in font nullfont!
Missing character: There is no i in font nullfont!
Missing character: There is no n in font nullfont!
Missing character: There is no t in font nullfont!
Missing character: There is no h in font nullfont!
Missing character: There is no e in font nullfont!
Missing character: There is no c in font nullfont!
Missing character: There is no o in font nullfont!
Missing character: There is no m in font nullfont!
Missing character: There is no p in font nullfont!
Missing character: There is no l in font nullfont!
Missing character: There is no e in font nullfont!
Missing character: There is no x in font nullfont!
Missing character: There is no p in font nullfont!
Missing character: There is no l in font nullfont!
Missing character: There is no a in font nullfont!
Missing character: There is no n in font nullfont!
Missing character: There is no e in font nullfont!
Missing character: There is no . in font nullfont!

Overfull \hbox (20.0pt too wide) in paragraph at lines 65--66
[]
 []

/home/jonzoda/Documents/school/2024/MTH5103/notes/final_complex_variable/input/note03.tex:67: Undefined control sequence.
l.67 \section
             {Sets in $\mathbb{C}$}
The control sequence at the end of the top line
of your error message was never \def'ed. If you have
misspelled it (e.g., `\hobx'), type `I' and the correct
spelling (e.g., `I\hbox'). Otherwise just continue,
and I'll forget about whatever was undefined.


/home/jonzoda/Documents/school/2024/MTH5103/notes/final_complex_variable/input/note03.tex:67: LaTeX Error: Missing \begin{document}.

See the LaTeX manual or LaTeX Companion for explanation.
Type  H <return>  for immediate help.
 ...                                              
                                                  
l.67 \section{S
               ets in $\mathbb{C}$}
You're in trouble here.  Try typing  <return>  to proceed.
If that doesn't work, type  X <return>  to quit.

Missing character: There is no S in font nullfont!
Missing character: There is no e in font nullfont!
Missing character: There is no t in font nullfont!
Missing character: There is no s in font nullfont!
Missing character: There is no i in font nullfont!
Missing character: There is no n in font nullfont!
/home/jonzoda/Documents/school/2024/MTH5103/notes/final_complex_variable/input/note03.tex:67: Undefined control sequence.
<recently read> \mathbb 
                        
l.67 \section{Sets in $\mathbb
                              {C}$}
The control sequence at the end of the top line
of your error message was never \def'ed. If you have
misspelled it (e.g., `\hobx'), type `I' and the correct
spelling (e.g., `I\hbox'). Otherwise just continue,
and I'll forget about whatever was undefined.


Overfull \hbox (20.0pt too wide) in paragraph at lines 67--68
[]
 []


Overfull \hbox (7.86249pt too wide) in paragraph at lines 67--68
\OML/cmm/m/it/10 C$ 
 []


/home/jonzoda/Documents/school/2024/MTH5103/notes/final_complex_variable/input/note03.tex:69: LaTeX Error: Missing \begin{document}.

See the LaTeX manual or LaTeX Companion for explanation.
Type  H <return>  for immediate help.
 ...                                              
                                                  
l.69 \textbf{Def 4.1:}
                       A subset $S \subseteq \mathbb{C}$ is open if for each...
You're in trouble here.  Try typing  <return>  to proceed.
If that doesn't work, type  X <return>  to quit.

Missing character: There is no A in font nullfont!
Missing character: There is no s in font nullfont!
Missing character: There is no u in font nullfont!
Missing character: There is no b in font nullfont!
Missing character: There is no s in font nullfont!
Missing character: There is no e in font nullfont!
Missing character: There is no t in font nullfont!
/home/jonzoda/Documents/school/2024/MTH5103/notes/final_complex_variable/input/note03.tex:69: Undefined control sequence.
l.69 ...bf{Def 4.1:} A subset $S \subseteq \mathbb
                                                  {C}$ is open if for each $...
The control sequence at the end of the top line
of your error message was never \def'ed. If you have
misspelled it (e.g., `\hobx'), type `I' and the correct
spelling (e.g., `I\hbox'). Otherwise just continue,
and I'll forget about whatever was undefined.

Missing character: There is no i in font nullfont!
Missing character: There is no s in font nullfont!
Missing character: There is no o in font nullfont!
Missing character: There is no p in font nullfont!
Missing character: There is no e in font nullfont!
Missing character: There is no n in font nullfont!
Missing character: There is no i in font nullfont!
Missing character: There is no f in font nullfont!
Missing character: There is no f in font nullfont!
Missing character: There is no o in font nullfont!
Missing character: There is no r in font nullfont!
Missing character: There is no e in font nullfont!
Missing character: There is no a in font nullfont!
Missing character: There is no c in font nullfont!
Missing character: There is no h in font nullfont!
Missing character: There is no t in font nullfont!
Missing character: There is no h in font nullfont!
Missing character: There is no e in font nullfont!
Missing character: There is no r in font nullfont!
Missing character: There is no e in font nullfont!
Missing character: There is no e in font nullfont!
Missing character: There is no x in font nullfont!
Missing character: There is no i in font nullfont!
Missing character: There is no s in font nullfont!
Missing character: There is no t in font nullfont!
Missing character: There is no s in font nullfont!
Missing character: There is no s in font nullfont!
Missing character: There is no u in font nullfont!
Missing character: There is no c in font nullfont!
Missing character: There is no h in font nullfont!
Missing character: There is no t in font nullfont!
Missing character: There is no h in font nullfont!
Missing character: There is no a in font nullfont!
Missing character: There is no t in font nullfont!
Missing character: There is no t in font nullfont!
Missing character: There is no h in font nullfont!
Missing character: There is no e in font nullfont!
Missing character: There is no d in font nullfont!
Missing character: There is no i in font nullfont!
Missing character: There is no s in font nullfont!
Missing character: There is no c in font nullfont!
/home/jonzoda/Documents/school/2024/MTH5103/notes/final_complex_variable/input/note03.tex:69: Undefined control sequence.
l.69 ...r > 0$ such that the disc $\{z \in \mathbb
                                                  {C} | |z - z_0| < r\} \sub...
The control sequence at the end of the top line
of your error message was never \def'ed. If you have
misspelled it (e.g., `\hobx'), type `I' and the correct
spelling (e.g., `I\hbox'). Otherwise just continue,
and I'll forget about whatever was undefined.

Missing character: There is no i in font nullfont!
Missing character: There is no s in font nullfont!
Missing character: There is no a in font nullfont!
Missing character: There is no s in font nullfont!
Missing character: There is no u in font nullfont!
Missing character: There is no b in font nullfont!
Missing character: There is no s in font nullfont!
Missing character: There is no e in font nullfont!
Missing character: There is no t in font nullfont!
Missing character: There is no o in font nullfont!
Missing character: There is no f in font nullfont!
Missing character: There is no . in font nullfont!

Overfull \hbox (37.60408pt too wide) in paragraph at lines 69--70
[]\OT1/cmr/bx/n/10 Def
 []


Overfull \hbox (17.8888pt too wide) in paragraph at lines 69--70
\OT1/cmr/bx/n/10 4.1:
 []


Overfull \hbox (17.26382pt too wide) in paragraph at lines 69--70
\OML/cmm/m/it/10 S \OMS/cmsy/m/n/10 ^^R
 []


Overfull \hbox (7.86249pt too wide) in paragraph at lines 69--70
\OML/cmm/m/it/10 C$
 []


Overfull \hbox (18.58102pt too wide) in paragraph at lines 69--70
\OML/cmm/m/it/10 z[] \OMS/cmsy/m/n/10 2
 []


Overfull \hbox (6.70831pt too wide) in paragraph at lines 69--70
\OML/cmm/m/it/10 S$
 []


Overfull \hbox (15.34488pt too wide) in paragraph at lines 69--70
\OML/cmm/m/it/10 r >
 []


Overfull \hbox (5.00002pt too wide) in paragraph at lines 69--70
\OT1/cmr/m/n/10 0$
 []


Overfull \hbox (19.53471pt too wide) in paragraph at lines 69--70
\OMS/cmsy/m/n/10 f\OML/cmm/m/it/10 z \OMS/cmsy/m/n/10 2
 []


Overfull \hbox (26.28616pt too wide) in paragraph at lines 69--70
\OML/cmm/m/it/10 C\OMS/cmsy/m/n/10 jj\OML/cmm/m/it/10 z \OMS/cmsy/m/n/10 ^^@
 []


Overfull \hbox (22.46992pt too wide) in paragraph at lines 69--70
\OML/cmm/m/it/10 z[]\OMS/cmsy/m/n/10 j \OML/cmm/m/it/10 <
 []


Overfull \hbox (20.3449pt too wide) in paragraph at lines 69--70
\OML/cmm/m/it/10 r\OMS/cmsy/m/n/10 g ^^R
 []


Overfull \hbox (6.70831pt too wide) in paragraph at lines 69--70
\OML/cmm/m/it/10 S$
 []


Overfull \hbox (6.70831pt too wide) in paragraph at lines 69--70
\OML/cmm/m/it/10 S$ 
 []


/home/jonzoda/Documents/school/2024/MTH5103/notes/final_complex_variable/input/note03.tex:71: LaTeX Error: Missing \begin{document}.

See the LaTeX manual or LaTeX Companion for explanation.
Type  H <return>  for immediate help.
 ...                                              
                                                  
l.71 \textbf{Def 4.2:}
                       An open set is connected if it is not a disjoint unio...
You're in trouble here.  Try typing  <return>  to proceed.
If that doesn't work, type  X <return>  to quit.

Missing character: There is no A in font nullfont!
Missing character: There is no n in font nullfont!
Missing character: There is no o in font nullfont!
Missing character: There is no p in font nullfont!
Missing character: There is no e in font nullfont!
Missing character: There is no n in font nullfont!
Missing character: There is no s in font nullfont!
Missing character: There is no e in font nullfont!
Missing character: There is no t in font nullfont!
Missing character: There is no i in font nullfont!
Missing character: There is no s in font nullfont!
Missing character: There is no c in font nullfont!
Missing character: There is no o in font nullfont!
Missing character: There is no n in font nullfont!
Missing character: There is no n in font nullfont!
Missing character: There is no e in font nullfont!
Missing character: There is no c in font nullfont!
Missing character: There is no t in font nullfont!
Missing character: There is no e in font nullfont!
Missing character: There is no d in font nullfont!
Missing character: There is no i in font nullfont!
Missing character: There is no f in font nullfont!
Missing character: There is no i in font nullfont!
Missing character: There is no t in font nullfont!
Missing character: There is no i in font nullfont!
Missing character: There is no s in font nullfont!
Missing character: There is no n in font nullfont!
Missing character: There is no o in font nullfont!
Missing character: There is no t in font nullfont!
Missing character: There is no a in font nullfont!
Missing character: There is no d in font nullfont!
Missing character: There is no i in font nullfont!
Missing character: There is no s in font nullfont!
Missing character: There is no j in font nullfont!
Missing character: There is no o in font nullfont!
Missing character: There is no i in font nullfont!
Missing character: There is no n in font nullfont!
Missing character: There is no t in font nullfont!
Missing character: There is no u in font nullfont!
Missing character: There is no n in font nullfont!
Missing character: There is no i in font nullfont!
Missing character: There is no o in font nullfont!
Missing character: There is no n in font nullfont!
Missing character: There is no o in font nullfont!
Missing character: There is no f in font nullfont!
Missing character: There is no t in font nullfont!
Missing character: There is no w in font nullfont!
Missing character: There is no o in font nullfont!
Missing character: There is no n in font nullfont!
Missing character: There is no o in font nullfont!
Missing character: There is no n in font nullfont!
Missing character: There is no - in font nullfont!
Missing character: There is no e in font nullfont!
Missing character: There is no m in font nullfont!
Missing character: There is no p in font nullfont!
Missing character: There is no t in font nullfont!
Missing character: There is no y in font nullfont!
Missing character: There is no o in font nullfont!
Missing character: There is no p in font nullfont!
Missing character: There is no e in font nullfont!
Missing character: There is no n in font nullfont!
Missing character: There is no s in font nullfont!
Missing character: There is no e in font nullfont!
Missing character: There is no t in font nullfont!
Missing character: There is no s in font nullfont!
Missing character: There is no . in font nullfont!
Missing character: There is no O in font nullfont!
Missing character: There is no R in font nullfont!
Missing character: There is no : in font nullfont!
Missing character: There is no I in font nullfont!
Missing character: There is no f in font nullfont!
Missing character: There is no a in font nullfont!
Missing character: There is no n in font nullfont!
Missing character: There is no y in font nullfont!
Missing character: There is no t in font nullfont!
Missing character: There is no w in font nullfont!
Missing character: There is no o in font nullfont!
Missing character: There is no p in font nullfont!
Missing character: There is no o in font nullfont!
Missing character: There is no i in font nullfont!
Missing character: There is no n in font nullfont!
Missing character: There is no t in font nullfont!
Missing character: There is no s in font nullfont!
Missing character: There is no i in font nullfont!
Missing character: There is no n in font nullfont!
Missing character: There is no s in font nullfont!
Missing character: There is no i in font nullfont!
Missing character: There is no d in font nullfont!
Missing character: There is no e in font nullfont!
Missing character: There is no c in font nullfont!
Missing character: There is no a in font nullfont!
Missing character: There is no n in font nullfont!
Missing character: There is no b in font nullfont!
Missing character: There is no e in font nullfont!
Missing character: There is no c in font nullfont!
Missing character: There is no o in font nullfont!
Missing character: There is no n in font nullfont!
Missing character: There is no n in font nullfont!
Missing character: There is no e in font nullfont!
Missing character: There is no c in font nullfont!
Missing character: There is no t in font nullfont!
Missing character: There is no e in font nullfont!
Missing character: There is no d in font nullfont!
Missing character: There is no w in font nullfont!
Missing character: There is no i in font nullfont!
Missing character: There is no t in font nullfont!
Missing character: There is no h in font nullfont!
Missing character: There is no a in font nullfont!
Missing character: There is no c in font nullfont!
Missing character: There is no o in font nullfont!
Missing character: There is no n in font nullfont!
Missing character: There is no t in font nullfont!
Missing character: There is no i in font nullfont!
Missing character: There is no n in font nullfont!
Missing character: There is no u in font nullfont!
Missing character: There is no o in font nullfont!
Missing character: There is no u in font nullfont!
Missing character: There is no s in font nullfont!
Missing character: There is no l in font nullfont!
Missing character: There is no i in font nullfont!
Missing character: There is no n in font nullfont!
Missing character: There is no e in font nullfont!
Missing character: There is no w in font nullfont!
Missing character: There is no h in font nullfont!
Missing character: There is no i in font nullfont!
Missing character: There is no c in font nullfont!
Missing character: There is no h in font nullfont!
Missing character: There is no i in font nullfont!
Missing character: There is no s in font nullfont!
Missing character: There is no c in font nullfont!
Missing character: There is no o in font nullfont!
Missing character: There is no n in font nullfont!
Missing character: There is no t in font nullfont!
Missing character: There is no a in font nullfont!
Missing character: There is no i in font nullfont!
Missing character: There is no n in font nullfont!
Missing character: There is no e in font nullfont!
Missing character: There is no d in font nullfont!
Missing character: There is no i in font nullfont!
Missing character: There is no n in font nullfont!
Missing character: There is no t in font nullfont!
Missing character: There is no h in font nullfont!
Missing character: There is no e in font nullfont!
Missing character: There is no s in font nullfont!
Missing character: There is no e in font nullfont!
Missing character: There is no t in font nullfont!
Missing character: There is no . in font nullfont!
LaTeX Font Info:    Trying to load font information for OMS+cmr on input line 71.
(/usr/local/texlive/2024/texmf-dist/tex/latex/base/omscmr.fd
File: omscmr.fd 2024/11/19 v2.5n Standard LaTeX font definitions
)
LaTeX Font Info:    Font shape `OMS/cmr/m/n' in size <10> not available
(Font)              Font shape `OMS/cmsy/m/n' tried instead on input line 71.

Overfull \hbox (37.60408pt too wide) in paragraph at lines 71--72
[]\OT1/cmr/bx/n/10 Def
 []


Overfull \hbox (17.8888pt too wide) in paragraph at lines 71--72
\OT1/cmr/bx/n/10 4.2:
 []


Overfull \hbox (5.00002pt too wide) in paragraph at lines 71--72
\OMS/cmsy/m/n/10 g 
 []


/home/jonzoda/Documents/school/2024/MTH5103/notes/final_complex_variable/input/note03.tex:73: LaTeX Error: Missing \begin{document}.

See the LaTeX manual or LaTeX Companion for explanation.
Type  H <return>  for immediate help.
 ...                                              
                                                  
l.73 R
      MK: In $\mathbb{C}$ these two definitions (in Def 4.2) are equivalent,...
You're in trouble here.  Try typing  <return>  to proceed.
If that doesn't work, type  X <return>  to quit.

Missing character: There is no R in font nullfont!
Missing character: There is no M in font nullfont!
Missing character: There is no K in font nullfont!
Missing character: There is no : in font nullfont!
Missing character: There is no I in font nullfont!
Missing character: There is no n in font nullfont!
/home/jonzoda/Documents/school/2024/MTH5103/notes/final_complex_variable/input/note03.tex:73: Undefined control sequence.
<recently read> \mathbb 
                        
l.73 RMK: In $\mathbb
                     {C}$ these two definitions (in Def 4.2) are equivalent,...
The control sequence at the end of the top line
of your error message was never \def'ed. If you have
misspelled it (e.g., `\hobx'), type `I' and the correct
spelling (e.g., `I\hbox'). Otherwise just continue,
and I'll forget about whatever was undefined.

Missing character: There is no t in font nullfont!
Missing character: There is no h in font nullfont!
Missing character: There is no e in font nullfont!
Missing character: There is no s in font nullfont!
Missing character: There is no e in font nullfont!
Missing character: There is no t in font nullfont!
Missing character: There is no w in font nullfont!
Missing character: There is no o in font nullfont!
Missing character: There is no d in font nullfont!
Missing character: There is no e in font nullfont!
Missing character: There is no f in font nullfont!
Missing character: There is no i in font nullfont!
Missing character: There is no n in font nullfont!
Missing character: There is no i in font nullfont!
Missing character: There is no t in font nullfont!
Missing character: There is no i in font nullfont!
Missing character: There is no o in font nullfont!
Missing character: There is no n in font nullfont!
Missing character: There is no s in font nullfont!
Missing character: There is no ( in font nullfont!
Missing character: There is no i in font nullfont!
Missing character: There is no n in font nullfont!
Missing character: There is no D in font nullfont!
Missing character: There is no e in font nullfont!
Missing character: There is no f in font nullfont!
Missing character: There is no 4 in font nullfont!
Missing character: There is no . in font nullfont!
Missing character: There is no 2 in font nullfont!
Missing character: There is no ) in font nullfont!
Missing character: There is no a in font nullfont!
Missing character: There is no r in font nullfont!
Missing character: There is no e in font nullfont!
Missing character: There is no e in font nullfont!
Missing character: There is no q in font nullfont!
Missing character: There is no u in font nullfont!
Missing character: There is no i in font nullfont!
Missing character: There is no v in font nullfont!
Missing character: There is no a in font nullfont!
Missing character: There is no l in font nullfont!
Missing character: There is no e in font nullfont!
Missing character: There is no n in font nullfont!
Missing character: There is no t in font nullfont!
Missing character: There is no , in font nullfont!
Missing character: There is no b in font nullfont!
Missing character: There is no u in font nullfont!
Missing character: There is no t in font nullfont!
Missing character: There is no i in font nullfont!
Missing character: There is no t in font nullfont!
Missing character: There is no i in font nullfont!
Missing character: There is no s in font nullfont!
Missing character: There is no n in font nullfont!
Missing character: There is no o in font nullfont!
Missing character: There is no t in font nullfont!
Missing character: There is no a in font nullfont!
Missing character: There is no l in font nullfont!
Missing character: There is no w in font nullfont!
Missing character: There is no a in font nullfont!
Missing character: There is no y in font nullfont!
Missing character: There is no s in font nullfont!
Missing character: There is no t in font nullfont!
Missing character: There is no h in font nullfont!
Missing character: There is no e in font nullfont!
Missing character: There is no c in font nullfont!
Missing character: There is no a in font nullfont!
Missing character: There is no s in font nullfont!
Missing character: There is no e in font nullfont!
Missing character: There is no . in font nullfont!
Missing character: There is no T in font nullfont!
Missing character: There is no h in font nullfont!
Missing character: There is no e in font nullfont!
Missing character: There is no s in font nullfont!
Missing character: There is no e in font nullfont!
Missing character: There is no c in font nullfont!
Missing character: There is no o in font nullfont!
Missing character: There is no n in font nullfont!
Missing character: There is no d in font nullfont!
Missing character: There is no - in font nullfont!
Missing character: There is no p in font nullfont!
Missing character: There is no a in font nullfont!
Missing character: There is no t in font nullfont!
Missing character: There is no h in font nullfont!
Missing character: There is no c in font nullfont!
Missing character: There is no o in font nullfont!
Missing character: There is no n in font nullfont!
Missing character: There is no n in font nullfont!
Missing character: There is no e in font nullfont!
Missing character: There is no c in font nullfont!
Missing character: There is no t in font nullfont!
Missing character: There is no e in font nullfont!
Missing character: There is no d in font nullfont!
Missing character: There is no - in font nullfont!
Missing character: There is no a in font nullfont!
Missing character: There is no l in font nullfont!
Missing character: There is no w in font nullfont!
Missing character: There is no a in font nullfont!
Missing character: There is no y in font nullfont!
Missing character: There is no s in font nullfont!
Missing character: There is no i in font nullfont!
Missing character: There is no m in font nullfont!
Missing character: There is no p in font nullfont!
Missing character: There is no l in font nullfont!
Missing character: There is no i in font nullfont!
Missing character: There is no e in font nullfont!
Missing character: There is no s in font nullfont!
Missing character: There is no t in font nullfont!
Missing character: There is no h in font nullfont!
Missing character: There is no e in font nullfont!
Missing character: There is no f in font nullfont!
Missing character: There is no i in font nullfont!
Missing character: There is no r in font nullfont!
Missing character: There is no s in font nullfont!
Missing character: There is no t in font nullfont!
Missing character: There is no , in font nullfont!
Missing character: There is no b in font nullfont!
Missing character: There is no u in font nullfont!
Missing character: There is no t in font nullfont!
Missing character: There is no t in font nullfont!
Missing character: There is no h in font nullfont!
Missing character: There is no e in font nullfont!
Missing character: There is no r in font nullfont!
Missing character: There is no e in font nullfont!
Missing character: There is no a in font nullfont!
Missing character: There is no r in font nullfont!
Missing character: There is no e in font nullfont!
Missing character: There is no c in font nullfont!
Missing character: There is no o in font nullfont!
Missing character: There is no m in font nullfont!
Missing character: There is no p in font nullfont!
Missing character: There is no l in font nullfont!
Missing character: There is no i in font nullfont!
Missing character: There is no c in font nullfont!
Missing character: There is no a in font nullfont!
Missing character: There is no t in font nullfont!
Missing character: There is no e in font nullfont!
Missing character: There is no d in font nullfont!
Missing character: There is no e in font nullfont!
Missing character: There is no x in font nullfont!
Missing character: There is no a in font nullfont!
Missing character: There is no m in font nullfont!
Missing character: There is no p in font nullfont!
Missing character: There is no l in font nullfont!
Missing character: There is no e in font nullfont!
Missing character: There is no s in font nullfont!
Missing character: There is no o in font nullfont!
Missing character: There is no f in font nullfont!
Missing character: There is no s in font nullfont!
Missing character: There is no e in font nullfont!
Missing character: There is no t in font nullfont!
Missing character: There is no s in font nullfont!
Missing character: There is no t in font nullfont!
Missing character: There is no h in font nullfont!
Missing character: There is no a in font nullfont!
Missing character: There is no t in font nullfont!
Missing character: There is no a in font nullfont!
Missing character: There is no r in font nullfont!
Missing character: There is no e in font nullfont!
Missing character: There is no c in font nullfont!
Missing character: There is no o in font nullfont!
Missing character: There is no n in font nullfont!
Missing character: There is no n in font nullfont!
Missing character: There is no e in font nullfont!
Missing character: There is no c in font nullfont!
Missing character: There is no t in font nullfont!
Missing character: There is no e in font nullfont!
Missing character: There is no d in font nullfont!
Missing character: There is no b in font nullfont!
Missing character: There is no u in font nullfont!
Missing character: There is no t in font nullfont!
Missing character: There is no n in font nullfont!
Missing character: There is no o in font nullfont!
Missing character: There is no t in font nullfont!
Missing character: There is no p in font nullfont!
Missing character: There is no a in font nullfont!
Missing character: There is no t in font nullfont!
Missing character: There is no h in font nullfont!
Missing character: There is no c in font nullfont!
Missing character: There is no o in font nullfont!
Missing character: There is no n in font nullfont!
Missing character: There is no n in font nullfont!
Missing character: There is no e in font nullfont!
Missing character: There is no c in font nullfont!
Missing character: There is no t in font nullfont!
Missing character: There is no e in font nullfont!
Missing character: There is no d in font nullfont!
Missing character: There is no . in font nullfont!
Missing character: There is no O in font nullfont!
Missing character: There is no R in font nullfont!
Missing character: There is no m in font nullfont!
Missing character: There is no e in font nullfont!
Missing character: There is no a in font nullfont!
Missing character: There is no n in font nullfont!
Missing character: There is no s in font nullfont!
Missing character: There is no : in font nullfont!
Missing character: There is no F in font nullfont!
Missing character: There is no o in font nullfont!
Missing character: There is no r in font nullfont!
Missing character: There is no a in font nullfont!
Missing character: There is no n in font nullfont!
Missing character: There is no y in font nullfont!
Missing character: There is no p in font nullfont!
Missing character: There is no o in font nullfont!
Missing character: There is no i in font nullfont!
Missing character: There is no n in font nullfont!
Missing character: There is no t in font nullfont!
Missing character: There is no s in font nullfont!
Missing character: There is no i in font nullfont!
Missing character: There is no n in font nullfont!
Missing character: There is no t in font nullfont!
Missing character: There is no h in font nullfont!
Missing character: There is no e in font nullfont!
Missing character: There is no s in font nullfont!
Missing character: There is no e in font nullfont!
Missing character: There is no t in font nullfont!
Missing character: There is no t in font nullfont!
Missing character: There is no h in font nullfont!
Missing character: There is no e in font nullfont!
Missing character: There is no r in font nullfont!
Missing character: There is no e in font nullfont!
Missing character: There is no e in font nullfont!
Missing character: There is no x in font nullfont!
Missing character: There is no i in font nullfont!
Missing character: There is no s in font nullfont!
Missing character: There is no t in font nullfont!
Missing character: There is no s in font nullfont!
Missing character: There is no a in font nullfont!
Missing character: There is no c in font nullfont!
Missing character: There is no o in font nullfont!
Missing character: There is no n in font nullfont!
Missing character: There is no t in font nullfont!
Missing character: There is no i in font nullfont!
Missing character: There is no n in font nullfont!
Missing character: There is no u in font nullfont!
Missing character: There is no o in font nullfont!
Missing character: There is no u in font nullfont!
Missing character: There is no s in font nullfont!
Missing character: There is no f in font nullfont!
Missing character: There is no u in font nullfont!
Missing character: There is no n in font nullfont!
Missing character: There is no c in font nullfont!
Missing character: There is no t in font nullfont!
Missing character: There is no i in font nullfont!
Missing character: There is no o in font nullfont!
Missing character: There is no n in font nullfont!
Missing character: There is no s in font nullfont!
Missing character: There is no u in font nullfont!
Missing character: There is no c in font nullfont!
Missing character: There is no h in font nullfont!
Missing character: There is no t in font nullfont!
Missing character: There is no h in font nullfont!
Missing character: There is no a in font nullfont!
Missing character: There is no t in font nullfont!
Missing character: There is no . in font nullfont!

Overfull \hbox (20.0pt too wide) in paragraph at lines 73--74
[]
 []


Overfull \hbox (7.86249pt too wide) in paragraph at lines 73--74
\OML/cmm/m/it/10 C$
 []


Overfull \hbox (17.43057pt too wide) in paragraph at lines 73--74
\OML/cmm/m/it/10 z; z[]$
 []


Overfull \hbox (6.70831pt too wide) in paragraph at lines 73--74
\OML/cmm/m/it/10 S$
 []


Overfull \hbox (10.58675pt too wide) in paragraph at lines 73--74
\OML/cmm/m/it/10 p \OT1/cmr/m/n/10 :
 []


Overfull \hbox (32.77774pt too wide) in paragraph at lines 73--74
\OT1/cmr/m/n/10 [0\OML/cmm/m/it/10 ; \OT1/cmr/m/n/10 1] \OMS/cmsy/m/n/10 !
 []


Overfull \hbox (6.70831pt too wide) in paragraph at lines 73--74
\OML/cmm/m/it/10 S$
 []


Overfull \hbox (28.36458pt too wide) in paragraph at lines 73--74
\OML/cmm/m/it/10 p\OT1/cmr/m/n/10 (0) =
 []


Overfull \hbox (37.89929pt too wide) in paragraph at lines 73--74
\OML/cmm/m/it/10 z; p\OT1/cmr/m/n/10 (1) =
 []


Overfull \hbox (7.89586pt too wide) in paragraph at lines 73--74
\OML/cmm/m/it/10 z[]$ 
 []


/home/jonzoda/Documents/school/2024/MTH5103/notes/final_complex_variable/input/note03.tex:75: LaTeX Error: Missing \begin{document}.

See the LaTeX manual or LaTeX Companion for explanation.
Type  H <return>  for immediate help.
 ...                                              
                                                  
l.75 \textbf{Def 4.3:}
                       A connected open subset $R \subseteq \mathbb{C}$ is c...
You're in trouble here.  Try typing  <return>  to proceed.
If that doesn't work, type  X <return>  to quit.

Missing character: There is no A in font nullfont!
Missing character: There is no c in font nullfont!
Missing character: There is no o in font nullfont!
Missing character: There is no n in font nullfont!
Missing character: There is no n in font nullfont!
Missing character: There is no e in font nullfont!
Missing character: There is no c in font nullfont!
Missing character: There is no t in font nullfont!
Missing character: There is no e in font nullfont!
Missing character: There is no d in font nullfont!
Missing character: There is no o in font nullfont!
Missing character: There is no p in font nullfont!
Missing character: There is no e in font nullfont!
Missing character: There is no n in font nullfont!
Missing character: There is no s in font nullfont!
Missing character: There is no u in font nullfont!
Missing character: There is no b in font nullfont!
Missing character: There is no s in font nullfont!
Missing character: There is no e in font nullfont!
Missing character: There is no t in font nullfont!
/home/jonzoda/Documents/school/2024/MTH5103/notes/final_complex_variable/input/note03.tex:75: Undefined control sequence.
l.75 ...connected open subset $R \subseteq \mathbb
                                                  {C}$ is called a domain.
The control sequence at the end of the top line
of your error message was never \def'ed. If you have
misspelled it (e.g., `\hobx'), type `I' and the correct
spelling (e.g., `I\hbox'). Otherwise just continue,
and I'll forget about whatever was undefined.

Missing character: There is no i in font nullfont!
Missing character: There is no s in font nullfont!
Missing character: There is no c in font nullfont!
Missing character: There is no a in font nullfont!
Missing character: There is no l in font nullfont!
Missing character: There is no l in font nullfont!
Missing character: There is no e in font nullfont!
Missing character: There is no d in font nullfont!
Missing character: There is no a in font nullfont!
Missing character: There is no d in font nullfont!
Missing character: There is no o in font nullfont!
Missing character: There is no m in font nullfont!
Missing character: There is no a in font nullfont!
Missing character: There is no i in font nullfont!
Missing character: There is no n in font nullfont!
Missing character: There is no . in font nullfont!

Overfull \hbox (37.60408pt too wide) in paragraph at lines 75--76
[]\OT1/cmr/bx/n/10 Def
 []


Overfull \hbox (17.8888pt too wide) in paragraph at lines 75--76
\OT1/cmr/bx/n/10 4.3:
 []


Overfull \hbox (18.22566pt too wide) in paragraph at lines 75--76
\OML/cmm/m/it/10 R \OMS/cmsy/m/n/10 ^^R
 []


Overfull \hbox (7.86249pt too wide) in paragraph at lines 75--76
\OML/cmm/m/it/10 C$
 []


/home/jonzoda/Documents/school/2024/MTH5103/notes/final_complex_variable/input/note03.tex:77: LaTeX Error: Missing \begin{document}.

See the LaTeX manual or LaTeX Companion for explanation.
Type  H <return>  for immediate help.
 ...                                              
                                                  
l.77 \textbf{Ex 6.1:}
                      a) The interior of the unit disc $\{z \in \mathbb{C} |...
You're in trouble here.  Try typing  <return>  to proceed.
If that doesn't work, type  X <return>  to quit.

Missing character: There is no a in font nullfont!
Missing character: There is no ) in font nullfont!
Missing character: There is no T in font nullfont!
Missing character: There is no h in font nullfont!
Missing character: There is no e in font nullfont!
Missing character: There is no i in font nullfont!
Missing character: There is no n in font nullfont!
Missing character: There is no t in font nullfont!
Missing character: There is no e in font nullfont!
Missing character: There is no r in font nullfont!
Missing character: There is no i in font nullfont!
Missing character: There is no o in font nullfont!
Missing character: There is no r in font nullfont!
Missing character: There is no o in font nullfont!
Missing character: There is no f in font nullfont!
Missing character: There is no t in font nullfont!
Missing character: There is no h in font nullfont!
Missing character: There is no e in font nullfont!
Missing character: There is no u in font nullfont!
Missing character: There is no n in font nullfont!
Missing character: There is no i in font nullfont!
Missing character: There is no t in font nullfont!
Missing character: There is no d in font nullfont!
Missing character: There is no i in font nullfont!
Missing character: There is no s in font nullfont!
Missing character: There is no c in font nullfont!
/home/jonzoda/Documents/school/2024/MTH5103/notes/final_complex_variable/input/note03.tex:77: Undefined control sequence.
l.77 ...interior of the unit disc $\{z \in \mathbb
                                                  {C} | |z| < 1\}$ is a doma...
The control sequence at the end of the top line
of your error message was never \def'ed. If you have
misspelled it (e.g., `\hobx'), type `I' and the correct
spelling (e.g., `I\hbox'). Otherwise just continue,
and I'll forget about whatever was undefined.

Missing character: There is no i in font nullfont!
Missing character: There is no s in font nullfont!
Missing character: There is no a in font nullfont!
Missing character: There is no d in font nullfont!
Missing character: There is no o in font nullfont!
Missing character: There is no m in font nullfont!
Missing character: There is no a in font nullfont!
Missing character: There is no i in font nullfont!
Missing character: There is no n in font nullfont!
Missing character: There is no - in font nullfont!
Missing character: There is no i in font nullfont!
Missing character: There is no t in font nullfont!
Missing character: There is no i in font nullfont!
Missing character: There is no s in font nullfont!
Missing character: There is no o in font nullfont!
Missing character: There is no p in font nullfont!
Missing character: There is no e in font nullfont!
Missing character: There is no n in font nullfont!
Missing character: There is no a in font nullfont!
Missing character: There is no n in font nullfont!
Missing character: There is no d in font nullfont!
Missing character: There is no c in font nullfont!
Missing character: There is no o in font nullfont!
Missing character: There is no n in font nullfont!
Missing character: There is no n in font nullfont!
Missing character: There is no e in font nullfont!
Missing character: There is no c in font nullfont!
Missing character: There is no t in font nullfont!
Missing character: There is no e in font nullfont!
Missing character: There is no d in font nullfont!
Missing character: There is no . in font nullfont!

Overfull \hbox (33.62492pt too wide) in paragraph at lines 77--78
[]\OT1/cmr/bx/n/10 Ex
 []


Overfull \hbox (17.8888pt too wide) in paragraph at lines 77--78
\OT1/cmr/bx/n/10 6.1:
 []


Overfull \hbox (19.53471pt too wide) in paragraph at lines 77--78
\OMS/cmsy/m/n/10 f\OML/cmm/m/it/10 z \OMS/cmsy/m/n/10 2
 []


Overfull \hbox (31.84166pt too wide) in paragraph at lines 77--78
\OML/cmm/m/it/10 C\OMS/cmsy/m/n/10 jj\OML/cmm/m/it/10 z\OMS/cmsy/m/n/10 j \OML/cmm/m/it/10 <
 []


Overfull \hbox (10.00003pt too wide) in paragraph at lines 77--78
\OT1/cmr/m/n/10 1\OMS/cmsy/m/n/10 g$
 []


/home/jonzoda/Documents/school/2024/MTH5103/notes/final_complex_variable/input/note03.tex:79: LaTeX Error: Missing \begin{document}.

See the LaTeX manual or LaTeX Companion for explanation.
Type  H <return>  for immediate help.
 ...                                              
                                                  
l.79 b
      ) The unit disc with the boundary $\{z \in \mathbb{C} | |z| \leq 1\}$ ...
You're in trouble here.  Try typing  <return>  to proceed.
If that doesn't work, type  X <return>  to quit.

Missing character: There is no b in font nullfont!
Missing character: There is no ) in font nullfont!
Missing character: There is no T in font nullfont!
Missing character: There is no h in font nullfont!
Missing character: There is no e in font nullfont!
Missing character: There is no u in font nullfont!
Missing character: There is no n in font nullfont!
Missing character: There is no i in font nullfont!
Missing character: There is no t in font nullfont!
Missing character: There is no d in font nullfont!
Missing character: There is no i in font nullfont!
Missing character: There is no s in font nullfont!
Missing character: There is no c in font nullfont!
Missing character: There is no w in font nullfont!
Missing character: There is no i in font nullfont!
Missing character: There is no t in font nullfont!
Missing character: There is no h in font nullfont!
Missing character: There is no t in font nullfont!
Missing character: There is no h in font nullfont!
Missing character: There is no e in font nullfont!
Missing character: There is no b in font nullfont!
Missing character: There is no o in font nullfont!
Missing character: There is no u in font nullfont!
Missing character: There is no n in font nullfont!
Missing character: There is no d in font nullfont!
Missing character: There is no a in font nullfont!
Missing character: There is no r in font nullfont!
Missing character: There is no y in font nullfont!
/home/jonzoda/Documents/school/2024/MTH5103/notes/final_complex_variable/input/note03.tex:79: Undefined control sequence.
l.79 ...it disc with the boundary $\{z \in \mathbb
                                                  {C} | |z| \leq 1\}$ is con...
The control sequence at the end of the top line
of your error message was never \def'ed. If you have
misspelled it (e.g., `\hobx'), type `I' and the correct
spelling (e.g., `I\hbox'). Otherwise just continue,
and I'll forget about whatever was undefined.

Missing character: There is no i in font nullfont!
Missing character: There is no s in font nullfont!
Missing character: There is no c in font nullfont!
Missing character: There is no o in font nullfont!
Missing character: There is no n in font nullfont!
Missing character: There is no n in font nullfont!
Missing character: There is no e in font nullfont!
Missing character: There is no c in font nullfont!
Missing character: There is no t in font nullfont!
Missing character: There is no e in font nullfont!
Missing character: There is no d in font nullfont!
Missing character: There is no b in font nullfont!
Missing character: There is no u in font nullfont!
Missing character: There is no t in font nullfont!
Missing character: There is no n in font nullfont!
Missing character: There is no o in font nullfont!
Missing character: There is no t in font nullfont!
Missing character: There is no o in font nullfont!
Missing character: There is no p in font nullfont!
Missing character: There is no e in font nullfont!
Missing character: There is no n in font nullfont!
/home/jonzoda/Documents/school/2024/MTH5103/notes/final_complex_variable/input/note03.tex:79: Undefined control sequence.
<recently read> \implies 
                         
l.79 ...q 1\}$ is connected but not open $\implies
                                                  $ it is not a domain. Take...
The control sequence at the end of the top line
of your error message was never \def'ed. If you have
misspelled it (e.g., `\hobx'), type `I' and the correct
spelling (e.g., `I\hbox'). Otherwise just continue,
and I'll forget about whatever was undefined.

Missing character: There is no i in font nullfont!
Missing character: There is no t in font nullfont!
Missing character: There is no i in font nullfont!
Missing character: There is no s in font nullfont!
Missing character: There is no n in font nullfont!
Missing character: There is no o in font nullfont!
Missing character: There is no t in font nullfont!
Missing character: There is no a in font nullfont!
Missing character: There is no d in font nullfont!
Missing character: There is no o in font nullfont!
Missing character: There is no m in font nullfont!
Missing character: There is no a in font nullfont!
Missing character: There is no i in font nullfont!
Missing character: There is no n in font nullfont!
Missing character: There is no . in font nullfont!
Missing character: There is no T in font nullfont!
Missing character: There is no a in font nullfont!
Missing character: There is no k in font nullfont!
Missing character: There is no e in font nullfont!
Missing character: There is no a in font nullfont!
Missing character: There is no n in font nullfont!
Missing character: There is no y in font nullfont!
Missing character: There is no p in font nullfont!
Missing character: There is no o in font nullfont!
Missing character: There is no i in font nullfont!
Missing character: There is no n in font nullfont!
Missing character: There is no t in font nullfont!
Missing character: There is no o in font nullfont!
Missing character: There is no n in font nullfont!
Missing character: There is no t in font nullfont!
Missing character: There is no h in font nullfont!
Missing character: There is no e in font nullfont!
Missing character: There is no b in font nullfont!
Missing character: There is no o in font nullfont!
Missing character: There is no u in font nullfont!
Missing character: There is no n in font nullfont!
Missing character: There is no d in font nullfont!
Missing character: There is no a in font nullfont!
Missing character: There is no r in font nullfont!
Missing character: There is no y in font nullfont!
Missing character: There is no . in font nullfont!
Missing character: There is no T in font nullfont!
Missing character: There is no h in font nullfont!
Missing character: There is no e in font nullfont!
Missing character: There is no n in font nullfont!
Missing character: There is no , in font nullfont!
Missing character: There is no a in font nullfont!
Missing character: There is no n in font nullfont!
Missing character: There is no y in font nullfont!
Missing character: There is no d in font nullfont!
Missing character: There is no i in font nullfont!
Missing character: There is no s in font nullfont!
Missing character: There is no c in font nullfont!
Missing character: There is no a in font nullfont!
Missing character: There is no r in font nullfont!
Missing character: There is no o in font nullfont!
Missing character: There is no u in font nullfont!
Missing character: There is no n in font nullfont!
Missing character: There is no d in font nullfont!
Missing character: There is no t in font nullfont!
Missing character: There is no h in font nullfont!
Missing character: There is no i in font nullfont!
Missing character: There is no s in font nullfont!
Missing character: There is no p in font nullfont!
Missing character: There is no o in font nullfont!
Missing character: There is no i in font nullfont!
Missing character: There is no n in font nullfont!
Missing character: There is no t in font nullfont!
Missing character: There is no i in font nullfont!
Missing character: There is no s in font nullfont!
Missing character: There is no n in font nullfont!
Missing character: There is no o in font nullfont!
Missing character: There is no t in font nullfont!
Missing character: There is no c in font nullfont!
Missing character: There is no o in font nullfont!
Missing character: There is no n in font nullfont!
Missing character: There is no t in font nullfont!
Missing character: There is no a in font nullfont!
Missing character: There is no i in font nullfont!
Missing character: There is no n in font nullfont!
Missing character: There is no e in font nullfont!
Missing character: There is no d in font nullfont!
Missing character: There is no i in font nullfont!
Missing character: There is no n in font nullfont!
Missing character: There is no t in font nullfont!
Missing character: There is no h in font nullfont!
Missing character: There is no e in font nullfont!
Missing character: There is no u in font nullfont!
Missing character: There is no n in font nullfont!
Missing character: There is no i in font nullfont!
Missing character: There is no t in font nullfont!
Missing character: There is no d in font nullfont!
Missing character: There is no i in font nullfont!
Missing character: There is no s in font nullfont!
Missing character: There is no c in font nullfont!
Missing character: There is no r in font nullfont!
Missing character: There is no e in font nullfont!
Missing character: There is no g in font nullfont!
Missing character: There is no a in font nullfont!
Missing character: There is no r in font nullfont!
Missing character: There is no d in font nullfont!
Missing character: There is no l in font nullfont!
Missing character: There is no e in font nullfont!
Missing character: There is no s in font nullfont!
Missing character: There is no s in font nullfont!
Missing character: There is no h in font nullfont!
Missing character: There is no o in font nullfont!
Missing character: There is no w in font nullfont!
Missing character: There is no s in font nullfont!
Missing character: There is no m in font nullfont!
Missing character: There is no a in font nullfont!
Missing character: There is no l in font nullfont!
Missing character: There is no l in font nullfont!
Missing character: There is no i in font nullfont!
Missing character: There is no t in font nullfont!
Missing character: There is no s in font nullfont!
Missing character: There is no r in font nullfont!
Missing character: There is no a in font nullfont!
Missing character: There is no d in font nullfont!
Missing character: There is no i in font nullfont!
Missing character: There is no u in font nullfont!
Missing character: There is no s in font nullfont!
Missing character: There is no . in font nullfont!

Overfull \hbox (20.0pt too wide) in paragraph at lines 79--80
[]
 []


Overfull \hbox (19.53471pt too wide) in paragraph at lines 79--80
\OMS/cmsy/m/n/10 f\OML/cmm/m/it/10 z \OMS/cmsy/m/n/10 2
 []


Overfull \hbox (31.84166pt too wide) in paragraph at lines 79--80
\OML/cmm/m/it/10 C\OMS/cmsy/m/n/10 jj\OML/cmm/m/it/10 z\OMS/cmsy/m/n/10 j ^^T
 []


Overfull \hbox (10.00003pt too wide) in paragraph at lines 79--80
\OT1/cmr/m/n/10 1\OMS/cmsy/m/n/10 g$
 []


Overfull \hbox (21.20139pt too wide) in paragraph at lines 79--80
\OMS/cmsy/m/n/10 j\OML/cmm/m/it/10 z\OMS/cmsy/m/n/10 j \OT1/cmr/m/n/10 =
 []


Overfull \hbox (5.00002pt too wide) in paragraph at lines 79--80
\OT1/cmr/m/n/10 1$
 []


/home/jonzoda/Documents/school/2024/MTH5103/notes/final_complex_variable/input/note03.tex:81: LaTeX Error: Missing \begin{document}.

See the LaTeX manual or LaTeX Companion for explanation.
Type  H <return>  for immediate help.
 ...                                              
                                                  
l.81 c
      ) $\{z \in \mathbb{C} | |z| < 1\} \cup \{z \in \mathbb{C} | |z - 3| < ...
You're in trouble here.  Try typing  <return>  to proceed.
If that doesn't work, type  X <return>  to quit.

Missing character: There is no c in font nullfont!
Missing character: There is no ) in font nullfont!
/home/jonzoda/Documents/school/2024/MTH5103/notes/final_complex_variable/input/note03.tex:81: Undefined control sequence.
l.81 c) $\{z \in \mathbb
                        {C} | |z| < 1\} \cup \{z \in \mathbb{C} | |z - 3| < ...
The control sequence at the end of the top line
of your error message was never \def'ed. If you have
misspelled it (e.g., `\hobx'), type `I' and the correct
spelling (e.g., `I\hbox'). Otherwise just continue,
and I'll forget about whatever was undefined.

/home/jonzoda/Documents/school/2024/MTH5103/notes/final_complex_variable/input/note03.tex:81: Undefined control sequence.
l.81 ...mathbb{C} | |z| < 1\} \cup \{z \in \mathbb
                                                  {C} | |z - 3| < 1\}$ - ope...
The control sequence at the end of the top line
of your error message was never \def'ed. If you have
misspelled it (e.g., `\hobx'), type `I' and the correct
spelling (e.g., `I\hbox'). Otherwise just continue,
and I'll forget about whatever was undefined.

Missing character: There is no - in font nullfont!
Missing character: There is no o in font nullfont!
Missing character: There is no p in font nullfont!
Missing character: There is no e in font nullfont!
Missing character: There is no n in font nullfont!
Missing character: There is no , in font nullfont!
Missing character: There is no b in font nullfont!
Missing character: There is no u in font nullfont!
Missing character: There is no t in font nullfont!
Missing character: There is no n in font nullfont!
Missing character: There is no o in font nullfont!
Missing character: There is no t in font nullfont!
Missing character: There is no c in font nullfont!
Missing character: There is no o in font nullfont!
Missing character: There is no n in font nullfont!
Missing character: There is no n in font nullfont!
Missing character: There is no e in font nullfont!
Missing character: There is no c in font nullfont!
Missing character: There is no t in font nullfont!
Missing character: There is no e in font nullfont!
Missing character: There is no d in font nullfont!
Missing character: There is no - in font nullfont!
Missing character: There is no i in font nullfont!
Missing character: There is no t in font nullfont!
Missing character: There is no i in font nullfont!
Missing character: There is no s in font nullfont!
Missing character: There is no a in font nullfont!
Missing character: There is no u in font nullfont!
Missing character: There is no n in font nullfont!
Missing character: There is no i in font nullfont!
Missing character: There is no o in font nullfont!
Missing character: There is no n in font nullfont!
Missing character: There is no o in font nullfont!
Missing character: There is no f in font nullfont!
Missing character: There is no 2 in font nullfont!
Missing character: There is no n in font nullfont!
Missing character: There is no o in font nullfont!
Missing character: There is no n in font nullfont!
Missing character: There is no - in font nullfont!
Missing character: There is no e in font nullfont!
Missing character: There is no m in font nullfont!
Missing character: There is no p in font nullfont!
Missing character: There is no t in font nullfont!
Missing character: There is no y in font nullfont!
Missing character: There is no d in font nullfont!
Missing character: There is no i in font nullfont!
Missing character: There is no s in font nullfont!
Missing character: There is no j in font nullfont!
Missing character: There is no o in font nullfont!
Missing character: There is no i in font nullfont!
Missing character: There is no n in font nullfont!
Missing character: There is no t in font nullfont!
Missing character: There is no o in font nullfont!
Missing character: There is no p in font nullfont!
Missing character: There is no e in font nullfont!
Missing character: There is no n in font nullfont!
Missing character: There is no s in font nullfont!
Missing character: There is no e in font nullfont!
Missing character: There is no t in font nullfont!
Missing character: There is no s in font nullfont!
Missing character: There is no . in font nullfont!

Overfull \hbox (20.0pt too wide) in paragraph at lines 81--82
[]
 []


Overfull \hbox (19.53471pt too wide) in paragraph at lines 81--82
\OMS/cmsy/m/n/10 f\OML/cmm/m/it/10 z \OMS/cmsy/m/n/10 2
 []


Overfull \hbox (31.84166pt too wide) in paragraph at lines 81--82
\OML/cmm/m/it/10 C\OMS/cmsy/m/n/10 jj\OML/cmm/m/it/10 z\OMS/cmsy/m/n/10 j \OML/cmm/m/it/10 <
 []


Overfull \hbox (16.66672pt too wide) in paragraph at lines 81--82
\OT1/cmr/m/n/10 1\OMS/cmsy/m/n/10 g [
 []


Overfull \hbox (19.53471pt too wide) in paragraph at lines 81--82
\OMS/cmsy/m/n/10 f\OML/cmm/m/it/10 z \OMS/cmsy/m/n/10 2
 []


Overfull \hbox (26.28616pt too wide) in paragraph at lines 81--82
\OML/cmm/m/it/10 C\OMS/cmsy/m/n/10 jj\OML/cmm/m/it/10 z \OMS/cmsy/m/n/10 ^^@
 []


Overfull \hbox (18.33331pt too wide) in paragraph at lines 81--82
\OT1/cmr/m/n/10 3\OMS/cmsy/m/n/10 j \OML/cmm/m/it/10 <
 []


Overfull \hbox (10.00003pt too wide) in paragraph at lines 81--82
\OT1/cmr/m/n/10 1\OMS/cmsy/m/n/10 g$
 []


/home/jonzoda/Documents/school/2024/MTH5103/notes/final_complex_variable/input/note03.tex:83: LaTeX Error: Missing \begin{document}.

See the LaTeX manual or LaTeX Companion for explanation.
Type  H <return>  for immediate help.
 ...                                              
                                                  
l.83 \textbf{Def 4.4:}
                       Let $S \subseteq \mathbb{C}$. $z_0 \in S$ is an inter...
You're in trouble here.  Try typing  <return>  to proceed.
If that doesn't work, type  X <return>  to quit.

Missing character: There is no L in font nullfont!
Missing character: There is no e in font nullfont!
Missing character: There is no t in font nullfont!
/home/jonzoda/Documents/school/2024/MTH5103/notes/final_complex_variable/input/note03.tex:83: Undefined control sequence.
l.83 \textbf{Def 4.4:} Let $S \subseteq \mathbb
                                               {C}$. $z_0 \in S$ is an inter...
The control sequence at the end of the top line
of your error message was never \def'ed. If you have
misspelled it (e.g., `\hobx'), type `I' and the correct
spelling (e.g., `I\hbox'). Otherwise just continue,
and I'll forget about whatever was undefined.

Missing character: There is no . in font nullfont!
Missing character: There is no i in font nullfont!
Missing character: There is no s in font nullfont!
Missing character: There is no a in font nullfont!
Missing character: There is no n in font nullfont!
Missing character: There is no i in font nullfont!
Missing character: There is no n in font nullfont!
Missing character: There is no t in font nullfont!
Missing character: There is no e in font nullfont!
Missing character: There is no r in font nullfont!
Missing character: There is no i in font nullfont!
Missing character: There is no o in font nullfont!
Missing character: There is no r in font nullfont!
Missing character: There is no p in font nullfont!
Missing character: There is no o in font nullfont!
Missing character: There is no i in font nullfont!
Missing character: There is no n in font nullfont!
Missing character: There is no t in font nullfont!
Missing character: There is no o in font nullfont!
Missing character: There is no f in font nullfont!
Missing character: There is no i in font nullfont!
Missing character: There is no f in font nullfont!
Missing character: There is no t in font nullfont!
Missing character: There is no h in font nullfont!
Missing character: There is no e in font nullfont!
Missing character: There is no r in font nullfont!
Missing character: There is no e in font nullfont!
Missing character: There is no e in font nullfont!
Missing character: There is no x in font nullfont!
Missing character: There is no i in font nullfont!
Missing character: There is no s in font nullfont!
Missing character: There is no t in font nullfont!
Missing character: There is no s in font nullfont!
Missing character: There is no s in font nullfont!
Missing character: There is no u in font nullfont!
Missing character: There is no c in font nullfont!
Missing character: There is no h in font nullfont!
Missing character: There is no t in font nullfont!
Missing character: There is no h in font nullfont!
Missing character: There is no a in font nullfont!
Missing character: There is no t in font nullfont!
Missing character: There is no t in font nullfont!
Missing character: There is no h in font nullfont!
Missing character: There is no e in font nullfont!
Missing character: There is no d in font nullfont!
Missing character: There is no i in font nullfont!
Missing character: There is no s in font nullfont!
Missing character: There is no c in font nullfont!
/home/jonzoda/Documents/school/2024/MTH5103/notes/final_complex_variable/input/note03.tex:83: Undefined control sequence.
l.83 ...r > 0$ such that the disc $\{z \in \mathbb
                                                  {C} | |z - z_0| < r\} \sub...
The control sequence at the end of the top line
of your error message was never \def'ed. If you have
misspelled it (e.g., `\hobx'), type `I' and the correct
spelling (e.g., `I\hbox'). Otherwise just continue,
and I'll forget about whatever was undefined.

Missing character: There is no . in font nullfont!
Missing character: There is no i in font nullfont!
Missing character: There is no s in font nullfont!
Missing character: There is no a in font nullfont!
Missing character: There is no b in font nullfont!
Missing character: There is no o in font nullfont!
Missing character: There is no u in font nullfont!
Missing character: There is no n in font nullfont!
Missing character: There is no d in font nullfont!
Missing character: There is no a in font nullfont!
Missing character: There is no r in font nullfont!
Missing character: There is no y in font nullfont!
Missing character: There is no p in font nullfont!
Missing character: There is no o in font nullfont!
Missing character: There is no i in font nullfont!
Missing character: There is no n in font nullfont!
Missing character: There is no t in font nullfont!
Missing character: There is no o in font nullfont!
Missing character: There is no f in font nullfont!
Missing character: There is no i in font nullfont!
Missing character: There is no f in font nullfont!
Missing character: There is no e in font nullfont!
Missing character: There is no v in font nullfont!
Missing character: There is no e in font nullfont!
Missing character: There is no r in font nullfont!
Missing character: There is no y in font nullfont!
Missing character: There is no o in font nullfont!
Missing character: There is no p in font nullfont!
Missing character: There is no e in font nullfont!
Missing character: There is no n in font nullfont!
Missing character: There is no d in font nullfont!
Missing character: There is no i in font nullfont!
Missing character: There is no s in font nullfont!
Missing character: There is no c in font nullfont!
Missing character: There is no a in font nullfont!
Missing character: There is no r in font nullfont!
Missing character: There is no o in font nullfont!
Missing character: There is no u in font nullfont!
Missing character: There is no n in font nullfont!
Missing character: There is no d in font nullfont!
Missing character: There is no i in font nullfont!
Missing character: There is no t in font nullfont!
Missing character: There is no , in font nullfont!
/home/jonzoda/Documents/school/2024/MTH5103/notes/final_complex_variable/input/note03.tex:83: Undefined control sequence.
l.83 ...very open disc around it, $\{z \in \mathbb
                                                  {C} | |z - z_1| < r\}$ for...
The control sequence at the end of the top line
of your error message was never \def'ed. If you have
misspelled it (e.g., `\hobx'), type `I' and the correct
spelling (e.g., `I\hbox'). Otherwise just continue,
and I'll forget about whatever was undefined.

Missing character: There is no f in font nullfont!
Missing character: There is no o in font nullfont!
Missing character: There is no r in font nullfont!
Missing character: There is no a in font nullfont!
Missing character: There is no n in font nullfont!
Missing character: There is no y in font nullfont!
Missing character: There is no c in font nullfont!
Missing character: There is no o in font nullfont!
Missing character: There is no n in font nullfont!
Missing character: There is no t in font nullfont!
Missing character: There is no a in font nullfont!
Missing character: There is no i in font nullfont!
Missing character: There is no n in font nullfont!
Missing character: There is no s in font nullfont!
Missing character: There is no p in font nullfont!
Missing character: There is no o in font nullfont!
Missing character: There is no i in font nullfont!
Missing character: There is no n in font nullfont!
Missing character: There is no t in font nullfont!
Missing character: There is no s in font nullfont!
Missing character: There is no f in font nullfont!
Missing character: There is no r in font nullfont!
Missing character: There is no o in font nullfont!
Missing character: There is no m in font nullfont!
Missing character: There is no a in font nullfont!
Missing character: There is no n in font nullfont!
Missing character: There is no d in font nullfont!
Missing character: There is no n in font nullfont!
Missing character: There is no o in font nullfont!
Missing character: There is no t in font nullfont!
Missing character: There is no f in font nullfont!
Missing character: There is no r in font nullfont!
Missing character: There is no o in font nullfont!
Missing character: There is no m in font nullfont!
Missing character: There is no ( in font nullfont!
/home/jonzoda/Documents/school/2024/MTH5103/notes/final_complex_variable/input/note03.tex:83: Undefined control sequence.
<recently read> \mathbb 
                        
l.83 ...points from $S$ and not from $S$ ($\mathbb
                                                  {C} \setminus S$). The col...
The control sequence at the end of the top line
of your error message was never \def'ed. If you have
misspelled it (e.g., `\hobx'), type `I' and the correct
spelling (e.g., `I\hbox'). Otherwise just continue,
and I'll forget about whatever was undefined.

Missing character: There is no ) in font nullfont!
Missing character: There is no . in font nullfont!
Missing character: There is no T in font nullfont!
Missing character: There is no h in font nullfont!
Missing character: There is no e in font nullfont!
Missing character: There is no c in font nullfont!
Missing character: There is no o in font nullfont!
Missing character: There is no l in font nullfont!
Missing character: There is no l in font nullfont!
Missing character: There is no e in font nullfont!
Missing character: There is no c in font nullfont!
Missing character: There is no t in font nullfont!
Missing character: There is no i in font nullfont!
Missing character: There is no o in font nullfont!
Missing character: There is no n in font nullfont!
Missing character: There is no o in font nullfont!
Missing character: There is no f in font nullfont!
Missing character: There is no b in font nullfont!
Missing character: There is no o in font nullfont!
Missing character: There is no u in font nullfont!
Missing character: There is no n in font nullfont!
Missing character: There is no d in font nullfont!
Missing character: There is no a in font nullfont!
Missing character: There is no r in font nullfont!
Missing character: There is no y in font nullfont!
Missing character: There is no p in font nullfont!
Missing character: There is no o in font nullfont!
Missing character: There is no i in font nullfont!
Missing character: There is no n in font nullfont!
Missing character: There is no t in font nullfont!
Missing character: There is no s in font nullfont!
Missing character: There is no o in font nullfont!
Missing character: There is no f in font nullfont!
Missing character: There is no i in font nullfont!
Missing character: There is no s in font nullfont!
Missing character: There is no c in font nullfont!
Missing character: There is no a in font nullfont!
Missing character: There is no l in font nullfont!
Missing character: There is no l in font nullfont!
Missing character: There is no e in font nullfont!
Missing character: There is no d in font nullfont!
Missing character: There is no t in font nullfont!
Missing character: There is no h in font nullfont!
Missing character: There is no e in font nullfont!
Missing character: There is no b in font nullfont!
Missing character: There is no o in font nullfont!
Missing character: There is no u in font nullfont!
Missing character: There is no n in font nullfont!
Missing character: There is no d in font nullfont!
Missing character: There is no a in font nullfont!
Missing character: There is no r in font nullfont!
Missing character: There is no y in font nullfont!
Missing character: There is no o in font nullfont!
Missing character: There is no f in font nullfont!
Missing character: There is no a in font nullfont!
Missing character: There is no n in font nullfont!
Missing character: There is no d in font nullfont!
Missing character: There is no d in font nullfont!
Missing character: There is no e in font nullfont!
Missing character: There is no n in font nullfont!
Missing character: There is no o in font nullfont!
Missing character: There is no t in font nullfont!
Missing character: There is no e in font nullfont!
Missing character: There is no d in font nullfont!
Missing character: There is no b in font nullfont!
Missing character: There is no y in font nullfont!
Missing character: There is no . in font nullfont!

Overfull \hbox (37.60408pt too wide) in paragraph at lines 83--84
[]\OT1/cmr/bx/n/10 Def
 []


Overfull \hbox (17.8888pt too wide) in paragraph at lines 83--84
\OT1/cmr/bx/n/10 4.4:
 []


Overfull \hbox (17.26382pt too wide) in paragraph at lines 83--84
\OML/cmm/m/it/10 S \OMS/cmsy/m/n/10 ^^R
 []


Overfull \hbox (7.86249pt too wide) in paragraph at lines 83--84
\OML/cmm/m/it/10 C$
 []


Overfull \hbox (18.58102pt too wide) in paragraph at lines 83--84
\OML/cmm/m/it/10 z[] \OMS/cmsy/m/n/10 2
 []


Overfull \hbox (6.70831pt too wide) in paragraph at lines 83--84
\OML/cmm/m/it/10 S$
 []


Overfull \hbox (6.70831pt too wide) in paragraph at lines 83--84
\OML/cmm/m/it/10 S$
 []


Overfull \hbox (15.34488pt too wide) in paragraph at lines 83--84
\OML/cmm/m/it/10 r >
 []


Overfull \hbox (5.00002pt too wide) in paragraph at lines 83--84
\OT1/cmr/m/n/10 0$
 []


Overfull \hbox (19.53471pt too wide) in paragraph at lines 83--84
\OMS/cmsy/m/n/10 f\OML/cmm/m/it/10 z \OMS/cmsy/m/n/10 2
 []


Overfull \hbox (26.28616pt too wide) in paragraph at lines 83--84
\OML/cmm/m/it/10 C\OMS/cmsy/m/n/10 jj\OML/cmm/m/it/10 z \OMS/cmsy/m/n/10 ^^@
 []


Overfull \hbox (22.46992pt too wide) in paragraph at lines 83--84
\OML/cmm/m/it/10 z[]\OMS/cmsy/m/n/10 j \OML/cmm/m/it/10 <
 []


Overfull \hbox (20.3449pt too wide) in paragraph at lines 83--84
\OML/cmm/m/it/10 r\OMS/cmsy/m/n/10 g ^^R
 []


Overfull \hbox (6.70831pt too wide) in paragraph at lines 83--84
\OML/cmm/m/it/10 S$
 []


Overfull \hbox (18.58102pt too wide) in paragraph at lines 83--84
\OML/cmm/m/it/10 z[] \OMS/cmsy/m/n/10 2
 []


Overfull \hbox (6.70831pt too wide) in paragraph at lines 83--84
\OML/cmm/m/it/10 S$
 []


Overfull \hbox (6.70831pt too wide) in paragraph at lines 83--84
\OML/cmm/m/it/10 S$
 []


Overfull \hbox (19.53471pt too wide) in paragraph at lines 83--84
\OMS/cmsy/m/n/10 f\OML/cmm/m/it/10 z \OMS/cmsy/m/n/10 2
 []


Overfull \hbox (26.28616pt too wide) in paragraph at lines 83--84
\OML/cmm/m/it/10 C\OMS/cmsy/m/n/10 jj\OML/cmm/m/it/10 z \OMS/cmsy/m/n/10 ^^@
 []


Overfull \hbox (22.46992pt too wide) in paragraph at lines 83--84
\OML/cmm/m/it/10 z[]\OMS/cmsy/m/n/10 j \OML/cmm/m/it/10 <
 []


Overfull \hbox (9.78938pt too wide) in paragraph at lines 83--84
\OML/cmm/m/it/10 r\OMS/cmsy/m/n/10 g$
 []


Overfull \hbox (15.34488pt too wide) in paragraph at lines 83--84
\OML/cmm/m/it/10 r >
 []


Overfull \hbox (5.00002pt too wide) in paragraph at lines 83--84
\OT1/cmr/m/n/10 0$
 []


Overfull \hbox (6.70831pt too wide) in paragraph at lines 83--84
\OML/cmm/m/it/10 S$
 []


Overfull \hbox (6.70831pt too wide) in paragraph at lines 83--84
\OML/cmm/m/it/10 S$
 []


Overfull \hbox (12.8625pt too wide) in paragraph at lines 83--84
\OML/cmm/m/it/10 C \OMS/cmsy/m/n/10 n
 []


Overfull \hbox (6.70831pt too wide) in paragraph at lines 83--84
\OML/cmm/m/it/10 S$
 []


Overfull \hbox (6.70831pt too wide) in paragraph at lines 83--84
\OML/cmm/m/it/10 S$
 []


Overfull \hbox (6.70831pt too wide) in paragraph at lines 83--84
\OML/cmm/m/it/10 S$
 []


Overfull \hbox (12.57289pt too wide) in paragraph at lines 83--84
\OML/cmm/m/it/10 @S$ 
 []


/home/jonzoda/Documents/school/2024/MTH5103/notes/final_complex_variable/input/note03.tex:85: LaTeX Error: Missing \begin{document}.

See the LaTeX manual or LaTeX Companion for explanation.
Type  H <return>  for immediate help.
 ...                                              
                                                  
l.85 A
      n equivalent definition of an open set:
You're in trouble here.  Try typing  <return>  to proceed.
If that doesn't work, type  X <return>  to quit.

Missing character: There is no A in font nullfont!
Missing character: There is no n in font nullfont!
Missing character: There is no e in font nullfont!
Missing character: There is no q in font nullfont!
Missing character: There is no u in font nullfont!
Missing character: There is no i in font nullfont!
Missing character: There is no v in font nullfont!
Missing character: There is no a in font nullfont!
Missing character: There is no l in font nullfont!
Missing character: There is no e in font nullfont!
Missing character: There is no n in font nullfont!
Missing character: There is no t in font nullfont!
Missing character: There is no d in font nullfont!
Missing character: There is no e in font nullfont!
Missing character: There is no f in font nullfont!
Missing character: There is no i in font nullfont!
Missing character: There is no n in font nullfont!
Missing character: There is no i in font nullfont!
Missing character: There is no t in font nullfont!
Missing character: There is no i in font nullfont!
Missing character: There is no o in font nullfont!
Missing character: There is no n in font nullfont!
Missing character: There is no o in font nullfont!
Missing character: There is no f in font nullfont!
Missing character: There is no a in font nullfont!
Missing character: There is no n in font nullfont!
Missing character: There is no o in font nullfont!
Missing character: There is no p in font nullfont!
Missing character: There is no e in font nullfont!
Missing character: There is no n in font nullfont!
Missing character: There is no s in font nullfont!
Missing character: There is no e in font nullfont!
Missing character: There is no t in font nullfont!
Missing character: There is no : in font nullfont!

Overfull \hbox (20.0pt too wide) in paragraph at lines 85--86
[]
 []


/home/jonzoda/Documents/school/2024/MTH5103/notes/final_complex_variable/input/note03.tex:87: LaTeX Error: Missing \begin{document}.

See the LaTeX manual or LaTeX Companion for explanation.
Type  H <return>  for immediate help.
 ...                                              
                                                  
l.87 \textbf{Def 4.1$\frac{1}{2}$:}
                                    $S \subseteq \mathbb{C}$ is open if it c...
You're in trouble here.  Try typing  <return>  to proceed.
If that doesn't work, type  X <return>  to quit.

/home/jonzoda/Documents/school/2024/MTH5103/notes/final_complex_variable/input/note03.tex:87: Undefined control sequence.
l.87 ...ef 4.1$\frac{1}{2}$:} $S \subseteq \mathbb
                                                  {C}$ is open if it contain...
The control sequence at the end of the top line
of your error message was never \def'ed. If you have
misspelled it (e.g., `\hobx'), type `I' and the correct
spelling (e.g., `I\hbox'). Otherwise just continue,
and I'll forget about whatever was undefined.

Missing character: There is no i in font nullfont!
Missing character: There is no s in font nullfont!
Missing character: There is no o in font nullfont!
Missing character: There is no p in font nullfont!
Missing character: There is no e in font nullfont!
Missing character: There is no n in font nullfont!
Missing character: There is no i in font nullfont!
Missing character: There is no f in font nullfont!
Missing character: There is no i in font nullfont!
Missing character: There is no t in font nullfont!
Missing character: There is no c in font nullfont!
Missing character: There is no o in font nullfont!
Missing character: There is no n in font nullfont!
Missing character: There is no t in font nullfont!
Missing character: There is no a in font nullfont!
Missing character: There is no i in font nullfont!
Missing character: There is no n in font nullfont!
Missing character: There is no s in font nullfont!
Missing character: There is no o in font nullfont!
Missing character: There is no n in font nullfont!
Missing character: There is no l in font nullfont!
Missing character: There is no y in font nullfont!
Missing character: There is no i in font nullfont!
Missing character: There is no n in font nullfont!
Missing character: There is no t in font nullfont!
Missing character: There is no e in font nullfont!
Missing character: There is no r in font nullfont!
Missing character: There is no i in font nullfont!
Missing character: There is no o in font nullfont!
Missing character: There is no r in font nullfont!
Missing character: There is no p in font nullfont!
Missing character: There is no o in font nullfont!
Missing character: There is no i in font nullfont!
Missing character: There is no n in font nullfont!
Missing character: There is no t in font nullfont!
Missing character: There is no s in font nullfont!
Missing character: There is no . in font nullfont!

Overfull \hbox (37.60408pt too wide) in paragraph at lines 87--88
[]\OT1/cmr/bx/n/10 Def
 []


Overfull \hbox (24.27492pt too wide) in paragraph at lines 87--88
\OT1/cmr/bx/n/10 4.1$[]$:
 []


Overfull \hbox (17.26382pt too wide) in paragraph at lines 87--88
\OML/cmm/m/it/10 S \OMS/cmsy/m/n/10 ^^R
 []


Overfull \hbox (7.86249pt too wide) in paragraph at lines 87--88
\OML/cmm/m/it/10 C$
 []


/home/jonzoda/Documents/school/2024/MTH5103/notes/final_complex_variable/input/note03.tex:89: LaTeX Error: Missing \begin{document}.

See the LaTeX manual or LaTeX Companion for explanation.
Type  H <return>  for immediate help.
 ...                                              
                                                  
l.89 \textbf{Def 4.5:}
                       A set $S \subseteq \mathbb{C}$ is closed if it contai...
You're in trouble here.  Try typing  <return>  to proceed.
If that doesn't work, type  X <return>  to quit.

Missing character: There is no A in font nullfont!
Missing character: There is no s in font nullfont!
Missing character: There is no e in font nullfont!
Missing character: There is no t in font nullfont!
/home/jonzoda/Documents/school/2024/MTH5103/notes/final_complex_variable/input/note03.tex:89: Undefined control sequence.
l.89 \textbf{Def 4.5:} A set $S \subseteq \mathbb
                                                 {C}$ is closed if it contai...
The control sequence at the end of the top line
of your error message was never \def'ed. If you have
misspelled it (e.g., `\hobx'), type `I' and the correct
spelling (e.g., `I\hbox'). Otherwise just continue,
and I'll forget about whatever was undefined.

Missing character: There is no i in font nullfont!
Missing character: There is no s in font nullfont!
Missing character: There is no c in font nullfont!
Missing character: There is no l in font nullfont!
Missing character: There is no o in font nullfont!
Missing character: There is no s in font nullfont!
Missing character: There is no e in font nullfont!
Missing character: There is no d in font nullfont!
Missing character: There is no i in font nullfont!
Missing character: There is no f in font nullfont!
Missing character: There is no i in font nullfont!
Missing character: There is no t in font nullfont!
Missing character: There is no c in font nullfont!
Missing character: There is no o in font nullfont!
Missing character: There is no n in font nullfont!
Missing character: There is no t in font nullfont!
Missing character: There is no a in font nullfont!
Missing character: There is no i in font nullfont!
Missing character: There is no n in font nullfont!
Missing character: There is no s in font nullfont!
Missing character: There is no a in font nullfont!
Missing character: There is no l in font nullfont!
Missing character: There is no l in font nullfont!
Missing character: There is no i in font nullfont!
Missing character: There is no t in font nullfont!
Missing character: There is no s in font nullfont!
Missing character: There is no b in font nullfont!
Missing character: There is no o in font nullfont!
Missing character: There is no u in font nullfont!
Missing character: There is no n in font nullfont!
Missing character: There is no d in font nullfont!
Missing character: There is no a in font nullfont!
Missing character: There is no r in font nullfont!
Missing character: There is no y in font nullfont!
Missing character: There is no p in font nullfont!
Missing character: There is no o in font nullfont!
Missing character: There is no i in font nullfont!
Missing character: There is no n in font nullfont!
Missing character: There is no t in font nullfont!
Missing character: There is no s in font nullfont!
Missing character: There is no . in font nullfont!

Overfull \hbox (37.60408pt too wide) in paragraph at lines 89--90
[]\OT1/cmr/bx/n/10 Def
 []


Overfull \hbox (17.8888pt too wide) in paragraph at lines 89--90
\OT1/cmr/bx/n/10 4.5:
 []


Overfull \hbox (17.26382pt too wide) in paragraph at lines 89--90
\OML/cmm/m/it/10 S \OMS/cmsy/m/n/10 ^^R
 []


Overfull \hbox (7.86249pt too wide) in paragraph at lines 89--90
\OML/cmm/m/it/10 C$
 []


/home/jonzoda/Documents/school/2024/MTH5103/notes/final_complex_variable/input/note03.tex:91: LaTeX Error: Missing \begin{document}.

See the LaTeX manual or LaTeX Companion for explanation.
Type  H <return>  for immediate help.
 ...                                              
                                                  
l.91 L
      et $S \subseteq \mathbb{C}$ be an open set. If we add to $S$ all its b...
You're in trouble here.  Try typing  <return>  to proceed.
If that doesn't work, type  X <return>  to quit.

Missing character: There is no L in font nullfont!
Missing character: There is no e in font nullfont!
Missing character: There is no t in font nullfont!
/home/jonzoda/Documents/school/2024/MTH5103/notes/final_complex_variable/input/note03.tex:91: Undefined control sequence.
l.91 Let $S \subseteq \mathbb
                             {C}$ be an open set. If we add to $S$ all its b...
The control sequence at the end of the top line
of your error message was never \def'ed. If you have
misspelled it (e.g., `\hobx'), type `I' and the correct
spelling (e.g., `I\hbox'). Otherwise just continue,
and I'll forget about whatever was undefined.

Missing character: There is no b in font nullfont!
Missing character: There is no e in font nullfont!
Missing character: There is no a in font nullfont!
Missing character: There is no n in font nullfont!
Missing character: There is no o in font nullfont!
Missing character: There is no p in font nullfont!
Missing character: There is no e in font nullfont!
Missing character: There is no n in font nullfont!
Missing character: There is no s in font nullfont!
Missing character: There is no e in font nullfont!
Missing character: There is no t in font nullfont!
Missing character: There is no . in font nullfont!
Missing character: There is no I in font nullfont!
Missing character: There is no f in font nullfont!
Missing character: There is no w in font nullfont!
Missing character: There is no e in font nullfont!
Missing character: There is no a in font nullfont!
Missing character: There is no d in font nullfont!
Missing character: There is no d in font nullfont!
Missing character: There is no t in font nullfont!
Missing character: There is no o in font nullfont!
Missing character: There is no a in font nullfont!
Missing character: There is no l in font nullfont!
Missing character: There is no l in font nullfont!
Missing character: There is no i in font nullfont!
Missing character: There is no t in font nullfont!
Missing character: There is no s in font nullfont!
Missing character: There is no b in font nullfont!
Missing character: There is no o in font nullfont!
Missing character: There is no u in font nullfont!
Missing character: There is no n in font nullfont!
Missing character: There is no d in font nullfont!
Missing character: There is no a in font nullfont!
Missing character: There is no r in font nullfont!
Missing character: There is no y in font nullfont!
Missing character: There is no p in font nullfont!
Missing character: There is no o in font nullfont!
Missing character: There is no i in font nullfont!
Missing character: There is no n in font nullfont!
Missing character: There is no t in font nullfont!
Missing character: There is no s in font nullfont!
Missing character: There is no w in font nullfont!
Missing character: There is no e in font nullfont!
Missing character: There is no a in font nullfont!
Missing character: There is no l in font nullfont!
Missing character: There is no w in font nullfont!
Missing character: There is no a in font nullfont!
Missing character: There is no y in font nullfont!
Missing character: There is no s in font nullfont!
Missing character: There is no w in font nullfont!
Missing character: There is no i in font nullfont!
Missing character: There is no l in font nullfont!
Missing character: There is no l in font nullfont!
Missing character: There is no g in font nullfont!
Missing character: There is no e in font nullfont!
Missing character: There is no t in font nullfont!
Missing character: There is no a in font nullfont!
Missing character: There is no c in font nullfont!
Missing character: There is no l in font nullfont!
Missing character: There is no o in font nullfont!
Missing character: There is no s in font nullfont!
Missing character: There is no e in font nullfont!
Missing character: There is no d in font nullfont!
Missing character: There is no s in font nullfont!
Missing character: There is no e in font nullfont!
Missing character: There is no t in font nullfont!
Missing character: There is no ! in font nullfont!
Missing character: There is no T in font nullfont!
Missing character: There is no h in font nullfont!
Missing character: There is no e in font nullfont!
Missing character: There is no c in font nullfont!
Missing character: There is no l in font nullfont!
Missing character: There is no o in font nullfont!
Missing character: There is no s in font nullfont!
Missing character: There is no u in font nullfont!
Missing character: There is no r in font nullfont!
Missing character: There is no e in font nullfont!
Missing character: There is no o in font nullfont!
Missing character: There is no f in font nullfont!
Missing character: There is no : in font nullfont!
Missing character: There is no i in font nullfont!
Missing character: There is no s in font nullfont!
Missing character: There is no a in font nullfont!
Missing character: There is no c in font nullfont!
Missing character: There is no l in font nullfont!
Missing character: There is no o in font nullfont!
Missing character: There is no s in font nullfont!
Missing character: There is no e in font nullfont!
Missing character: There is no d in font nullfont!
Missing character: There is no s in font nullfont!
Missing character: There is no e in font nullfont!
Missing character: There is no t in font nullfont!
Missing character: There is no . in font nullfont!

Overfull \hbox (20.0pt too wide) in paragraph at lines 91--92
[]
 []


Overfull \hbox (17.26382pt too wide) in paragraph at lines 91--92
\OML/cmm/m/it/10 S \OMS/cmsy/m/n/10 ^^R
 []


Overfull \hbox (7.86249pt too wide) in paragraph at lines 91--92
\OML/cmm/m/it/10 C$
 []


Overfull \hbox (6.70831pt too wide) in paragraph at lines 91--92
\OML/cmm/m/it/10 S$
 []


Overfull \hbox (6.70831pt too wide) in paragraph at lines 91--92
\OML/cmm/m/it/10 S$
 []


Overfull \hbox (17.26382pt too wide) in paragraph at lines 91--92
[] \OT1/cmr/m/n/10 =
 []


Overfull \hbox (13.375pt too wide) in paragraph at lines 91--92
\OML/cmm/m/it/10 S \OMS/cmsy/m/n/10 [
 []


Overfull \hbox (12.57289pt too wide) in paragraph at lines 91--92
\OML/cmm/m/it/10 @S$
 []


/home/jonzoda/Documents/school/2024/MTH5103/notes/final_complex_variable/input/note03.tex:93: LaTeX Error: Missing \begin{document}.

See the LaTeX manual or LaTeX Companion for explanation.
Type  H <return>  for immediate help.
 ...                                              
                                                  
l.93 R
      mk: There exist sets that are neither open nor closed!
You're in trouble here.  Try typing  <return>  to proceed.
If that doesn't work, type  X <return>  to quit.

Missing character: There is no R in font nullfont!
Missing character: There is no m in font nullfont!
Missing character: There is no k in font nullfont!
Missing character: There is no : in font nullfont!
Missing character: There is no T in font nullfont!
Missing character: There is no h in font nullfont!
Missing character: There is no e in font nullfont!
Missing character: There is no r in font nullfont!
Missing character: There is no e in font nullfont!
Missing character: There is no e in font nullfont!
Missing character: There is no x in font nullfont!
Missing character: There is no i in font nullfont!
Missing character: There is no s in font nullfont!
Missing character: There is no t in font nullfont!
Missing character: There is no s in font nullfont!
Missing character: There is no e in font nullfont!
Missing character: There is no t in font nullfont!
Missing character: There is no s in font nullfont!
Missing character: There is no t in font nullfont!
Missing character: There is no h in font nullfont!
Missing character: There is no a in font nullfont!
Missing character: There is no t in font nullfont!
Missing character: There is no a in font nullfont!
Missing character: There is no r in font nullfont!
Missing character: There is no e in font nullfont!
Missing character: There is no n in font nullfont!
Missing character: There is no e in font nullfont!
Missing character: There is no i in font nullfont!
Missing character: There is no t in font nullfont!
Missing character: There is no h in font nullfont!
Missing character: There is no e in font nullfont!
Missing character: There is no r in font nullfont!
Missing character: There is no o in font nullfont!
Missing character: There is no p in font nullfont!
Missing character: There is no e in font nullfont!
Missing character: There is no n in font nullfont!
Missing character: There is no n in font nullfont!
Missing character: There is no o in font nullfont!
Missing character: There is no r in font nullfont!
Missing character: There is no c in font nullfont!
Missing character: There is no l in font nullfont!
Missing character: There is no o in font nullfont!
Missing character: There is no s in font nullfont!
Missing character: There is no e in font nullfont!
Missing character: There is no d in font nullfont!
Missing character: There is no ! in font nullfont!

Overfull \hbox (20.0pt too wide) in paragraph at lines 93--94
[]
 []


/home/jonzoda/Documents/school/2024/MTH5103/notes/final_complex_variable/input/note03.tex:95: LaTeX Error: Missing \begin{document}.

See the LaTeX manual or LaTeX Companion for explanation.
Type  H <return>  for immediate help.
 ...                                              
                                                  
l.95 \textbf{Ex 6.2:}
                      1) The set $S = \{z \in \mathbb{C} | 1 < |z| < 4\}$ is...
You're in trouble here.  Try typing  <return>  to proceed.
If that doesn't work, type  X <return>  to quit.

Missing character: There is no 1 in font nullfont!
Missing character: There is no ) in font nullfont!
Missing character: There is no T in font nullfont!
Missing character: There is no h in font nullfont!
Missing character: There is no e in font nullfont!
Missing character: There is no s in font nullfont!
Missing character: There is no e in font nullfont!
Missing character: There is no t in font nullfont!
/home/jonzoda/Documents/school/2024/MTH5103/notes/final_complex_variable/input/note03.tex:95: Undefined control sequence.
l.95 ...f{Ex 6.2:} 1) The set $S = \{z \in \mathbb
                                                  {C} | 1 < |z| < 4\}$ is an...
The control sequence at the end of the top line
of your error message was never \def'ed. If you have
misspelled it (e.g., `\hobx'), type `I' and the correct
spelling (e.g., `I\hbox'). Otherwise just continue,
and I'll forget about whatever was undefined.

Missing character: There is no i in font nullfont!
Missing character: There is no s in font nullfont!
Missing character: There is no a in font nullfont!
Missing character: There is no n in font nullfont!
Missing character: There is no o in font nullfont!
Missing character: There is no p in font nullfont!
Missing character: There is no e in font nullfont!
Missing character: There is no n in font nullfont!
Missing character: There is no s in font nullfont!
Missing character: There is no e in font nullfont!
Missing character: There is no t in font nullfont!
Missing character: There is no . in font nullfont!
Missing character: There is no I in font nullfont!
Missing character: There is no t in font nullfont!
Missing character: There is no s in font nullfont!
Missing character: There is no b in font nullfont!
Missing character: There is no o in font nullfont!
Missing character: There is no u in font nullfont!
Missing character: There is no n in font nullfont!
Missing character: There is no d in font nullfont!
Missing character: There is no a in font nullfont!
Missing character: There is no r in font nullfont!
Missing character: There is no y in font nullfont!
Missing character: There is no c in font nullfont!
Missing character: There is no o in font nullfont!
Missing character: There is no n in font nullfont!
Missing character: There is no s in font nullfont!
Missing character: There is no i in font nullfont!
Missing character: There is no s in font nullfont!
Missing character: There is no t in font nullfont!
Missing character: There is no s in font nullfont!
Missing character: There is no o in font nullfont!
Missing character: There is no f in font nullfont!
Missing character: There is no t in font nullfont!
Missing character: There is no w in font nullfont!
Missing character: There is no o in font nullfont!
Missing character: There is no p in font nullfont!
Missing character: There is no a in font nullfont!
Missing character: There is no r in font nullfont!
Missing character: There is no t in font nullfont!
Missing character: There is no s in font nullfont!
Missing character: There is no : in font nullfont!
/home/jonzoda/Documents/school/2024/MTH5103/notes/final_complex_variable/input/note03.tex:95: Undefined control sequence.
l.95 ...f two parts: $\partial S = \{z \in \mathbb
                                                  {C} | |z| = 1, |z| = 4\}$ ...
The control sequence at the end of the top line
of your error message was never \def'ed. If you have
misspelled it (e.g., `\hobx'), type `I' and the correct
spelling (e.g., `I\hbox'). Otherwise just continue,
and I'll forget about whatever was undefined.

Missing character: There is no a in font nullfont!
Missing character: There is no n in font nullfont!
Missing character: There is no d in font nullfont!
Missing character: There is no i in font nullfont!
Missing character: There is no t in font nullfont!
Missing character: There is no s in font nullfont!
Missing character: There is no c in font nullfont!
Missing character: There is no l in font nullfont!
Missing character: There is no o in font nullfont!
Missing character: There is no s in font nullfont!
Missing character: There is no u in font nullfont!
Missing character: There is no r in font nullfont!
Missing character: There is no e in font nullfont!
Missing character: There is no i in font nullfont!
Missing character: There is no s in font nullfont!
Missing character: There is no : in font nullfont!
/home/jonzoda/Documents/school/2024/MTH5103/notes/final_complex_variable/input/note03.tex:95: Undefined control sequence.
l.95 ...r{S} = S \cup \partial S = \{z \in \mathbb
                                                  {C} | 1 \leq |z| \leq 4\}$.
The control sequence at the end of the top line
of your error message was never \def'ed. If you have
misspelled it (e.g., `\hobx'), type `I' and the correct
spelling (e.g., `I\hbox'). Otherwise just continue,
and I'll forget about whatever was undefined.

Missing character: There is no . in font nullfont!

Overfull \hbox (33.62492pt too wide) in paragraph at lines 95--96
[]\OT1/cmr/bx/n/10 Ex
 []


Overfull \hbox (17.8888pt too wide) in paragraph at lines 95--96
\OT1/cmr/bx/n/10 6.2:
 []


Overfull \hbox (17.26382pt too wide) in paragraph at lines 95--96
\OML/cmm/m/it/10 S \OT1/cmr/m/n/10 =
 []


Overfull \hbox (19.53471pt too wide) in paragraph at lines 95--96
\OMS/cmsy/m/n/10 f\OML/cmm/m/it/10 z \OMS/cmsy/m/n/10 2
 []


Overfull \hbox (26.1958pt too wide) in paragraph at lines 95--96
\OML/cmm/m/it/10 C\OMS/cmsy/m/n/10 j\OT1/cmr/m/n/10 1 \OML/cmm/m/it/10 <
 []


Overfull \hbox (21.20139pt too wide) in paragraph at lines 95--96
\OMS/cmsy/m/n/10 j\OML/cmm/m/it/10 z\OMS/cmsy/m/n/10 j \OML/cmm/m/it/10 <
 []


Overfull \hbox (10.00003pt too wide) in paragraph at lines 95--96
\OT1/cmr/m/n/10 4\OMS/cmsy/m/n/10 g$
 []


Overfull \hbox (23.1284pt too wide) in paragraph at lines 95--96
\OML/cmm/m/it/10 @S \OT1/cmr/m/n/10 =
 []


Overfull \hbox (19.53471pt too wide) in paragraph at lines 95--96
\OMS/cmsy/m/n/10 f\OML/cmm/m/it/10 z \OMS/cmsy/m/n/10 2
 []


Overfull \hbox (31.84166pt too wide) in paragraph at lines 95--96
\OML/cmm/m/it/10 C\OMS/cmsy/m/n/10 jj\OML/cmm/m/it/10 z\OMS/cmsy/m/n/10 j \OT1/cmr/m/n/10 =
 []


Overfull \hbox (30.64581pt too wide) in paragraph at lines 95--96
\OT1/cmr/m/n/10 1\OML/cmm/m/it/10 ; \OMS/cmsy/m/n/10 j\OML/cmm/m/it/10 z\OMS/cmsy/m/n/10 j \OT1/cmr/m/n/10 =
 []


Overfull \hbox (10.00003pt too wide) in paragraph at lines 95--96
\OT1/cmr/m/n/10 4\OMS/cmsy/m/n/10 g$
 []


Overfull \hbox (17.26382pt too wide) in paragraph at lines 95--96
[] \OT1/cmr/m/n/10 =
 []


Overfull \hbox (13.375pt too wide) in paragraph at lines 95--96
\OML/cmm/m/it/10 S \OMS/cmsy/m/n/10 [
 []


Overfull \hbox (23.1284pt too wide) in paragraph at lines 95--96
\OML/cmm/m/it/10 @S \OT1/cmr/m/n/10 =
 []


Overfull \hbox (19.53471pt too wide) in paragraph at lines 95--96
\OMS/cmsy/m/n/10 f\OML/cmm/m/it/10 z \OMS/cmsy/m/n/10 2
 []


Overfull \hbox (26.1958pt too wide) in paragraph at lines 95--96
\OML/cmm/m/it/10 C\OMS/cmsy/m/n/10 j\OT1/cmr/m/n/10 1 \OMS/cmsy/m/n/10 ^^T
 []


Overfull \hbox (21.20139pt too wide) in paragraph at lines 95--96
\OMS/cmsy/m/n/10 j\OML/cmm/m/it/10 z\OMS/cmsy/m/n/10 j ^^T
 []


Overfull \hbox (10.00003pt too wide) in paragraph at lines 95--96
\OT1/cmr/m/n/10 4\OMS/cmsy/m/n/10 g$ 
 []


/home/jonzoda/Documents/school/2024/MTH5103/notes/final_complex_variable/input/note03.tex:97: LaTeX Error: Missing \begin{document}.

See the LaTeX manual or LaTeX Companion for explanation.
Type  H <return>  for immediate help.
 ...                                              
                                                  
l.97 \begin{enumerate}
                      
You're in trouble here.  Try typing  <return>  to proceed.
If that doesn't work, type  X <return>  to quit.


Overfull \hbox (20.0pt too wide) in paragraph at lines 97--97
[] 
 []

Missing character: There is no T in font nullfont!
Missing character: There is no h in font nullfont!
Missing character: There is no e in font nullfont!
Missing character: There is no s in font nullfont!
Missing character: There is no e in font nullfont!
Missing character: There is no t in font nullfont!
/home/jonzoda/Documents/school/2024/MTH5103/notes/final_complex_variable/input/note03.tex:99: Undefined control sequence.
l.99     \item The set $S = \{z \in \mathbb
                                           {C} | 1 \leq |z| < 4\}$ neither o...
The control sequence at the end of the top line
of your error message was never \def'ed. If you have
misspelled it (e.g., `\hobx'), type `I' and the correct
spelling (e.g., `I\hbox'). Otherwise just continue,
and I'll forget about whatever was undefined.

Missing character: There is no n in font nullfont!
Missing character: There is no e in font nullfont!
Missing character: There is no i in font nullfont!
Missing character: There is no t in font nullfont!
Missing character: There is no h in font nullfont!
Missing character: There is no e in font nullfont!
Missing character: There is no r in font nullfont!
Missing character: There is no o in font nullfont!
Missing character: There is no p in font nullfont!
Missing character: There is no e in font nullfont!
Missing character: There is no n in font nullfont!
Missing character: There is no n in font nullfont!
Missing character: There is no o in font nullfont!
Missing character: There is no r in font nullfont!
Missing character: There is no c in font nullfont!
Missing character: There is no l in font nullfont!
Missing character: There is no o in font nullfont!
Missing character: There is no s in font nullfont!
Missing character: There is no e in font nullfont!
Missing character: There is no d in font nullfont!
Missing character: There is no : in font nullfont!
Missing character: There is no i in font nullfont!
Missing character: There is no t in font nullfont!
Missing character: There is no c in font nullfont!
Missing character: There is no o in font nullfont!
Missing character: There is no n in font nullfont!
Missing character: There is no t in font nullfont!
Missing character: There is no a in font nullfont!
Missing character: There is no i in font nullfont!
Missing character: There is no n in font nullfont!
Missing character: There is no s in font nullfont!
Missing character: There is no o in font nullfont!
Missing character: There is no n in font nullfont!
Missing character: There is no l in font nullfont!
Missing character: There is no y in font nullfont!
Missing character: There is no p in font nullfont!
Missing character: There is no a in font nullfont!
Missing character: There is no r in font nullfont!
Missing character: There is no t in font nullfont!
Missing character: There is no o in font nullfont!
Missing character: There is no f in font nullfont!
Missing character: There is no i in font nullfont!
Missing character: There is no t in font nullfont!
Missing character: There is no s in font nullfont!
Missing character: There is no b in font nullfont!
Missing character: There is no o in font nullfont!
Missing character: There is no u in font nullfont!
Missing character: There is no n in font nullfont!
Missing character: There is no d in font nullfont!
Missing character: There is no a in font nullfont!
Missing character: There is no r in font nullfont!
Missing character: There is no y in font nullfont!
Missing character: There is no p in font nullfont!
Missing character: There is no o in font nullfont!
Missing character: There is no i in font nullfont!
Missing character: There is no n in font nullfont!
Missing character: There is no t in font nullfont!
Missing character: There is no s in font nullfont!
/home/jonzoda/Documents/school/2024/MTH5103/notes/final_complex_variable/input/note03.tex:99: Undefined control sequence.
l.99 ...rt of its boundary points $\{z \in \mathbb
                                                  {C} | |z| = 1\}$ but not a...
The control sequence at the end of the top line
of your error message was never \def'ed. If you have
misspelled it (e.g., `\hobx'), type `I' and the correct
spelling (e.g., `I\hbox'). Otherwise just continue,
and I'll forget about whatever was undefined.

Missing character: There is no b in font nullfont!
Missing character: There is no u in font nullfont!
Missing character: There is no t in font nullfont!
Missing character: There is no n in font nullfont!
Missing character: There is no o in font nullfont!
Missing character: There is no t in font nullfont!
Missing character: There is no a in font nullfont!
Missing character: There is no l in font nullfont!
Missing character: There is no l in font nullfont!
Missing character: There is no t in font nullfont!
Missing character: There is no h in font nullfont!
Missing character: There is no e in font nullfont!
Missing character: There is no b in font nullfont!
Missing character: There is no o in font nullfont!
Missing character: There is no u in font nullfont!
Missing character: There is no n in font nullfont!
Missing character: There is no d in font nullfont!
Missing character: There is no a in font nullfont!
Missing character: There is no r in font nullfont!
Missing character: There is no y in font nullfont!
Missing character: There is no p in font nullfont!
Missing character: There is no o in font nullfont!
Missing character: There is no i in font nullfont!
Missing character: There is no n in font nullfont!
Missing character: There is no t in font nullfont!
Missing character: There is no s in font nullfont!
Missing character: There is no , in font nullfont!
Missing character: There is no a in font nullfont!
Missing character: There is no s in font nullfont!
/home/jonzoda/Documents/school/2024/MTH5103/notes/final_complex_variable/input/note03.tex:99: Undefined control sequence.
l.99 ...l the boundary points, as $\{z \in \mathbb
                                                  {C} | |z| = 4\}$ is not in...
The control sequence at the end of the top line
of your error message was never \def'ed. If you have
misspelled it (e.g., `\hobx'), type `I' and the correct
spelling (e.g., `I\hbox'). Otherwise just continue,
and I'll forget about whatever was undefined.

Missing character: There is no i in font nullfont!
Missing character: There is no s in font nullfont!
Missing character: There is no n in font nullfont!
Missing character: There is no o in font nullfont!
Missing character: There is no t in font nullfont!
Missing character: There is no i in font nullfont!
Missing character: There is no n in font nullfont!
Missing character: There is no . in font nullfont!

Overfull \hbox (17.26382pt too wide) in paragraph at lines 99--100
\OML/cmm/m/it/10 S \OT1/cmr/m/n/10 =
 []


Overfull \hbox (19.53471pt too wide) in paragraph at lines 99--100
\OMS/cmsy/m/n/10 f\OML/cmm/m/it/10 z \OMS/cmsy/m/n/10 2
 []


Overfull \hbox (26.1958pt too wide) in paragraph at lines 99--100
\OML/cmm/m/it/10 C\OMS/cmsy/m/n/10 j\OT1/cmr/m/n/10 1 \OMS/cmsy/m/n/10 ^^T
 []


Overfull \hbox (21.20139pt too wide) in paragraph at lines 99--100
\OMS/cmsy/m/n/10 j\OML/cmm/m/it/10 z\OMS/cmsy/m/n/10 j \OML/cmm/m/it/10 <
 []


Overfull \hbox (10.00003pt too wide) in paragraph at lines 99--100
\OT1/cmr/m/n/10 4\OMS/cmsy/m/n/10 g$
 []


Overfull \hbox (19.53471pt too wide) in paragraph at lines 99--100
\OMS/cmsy/m/n/10 f\OML/cmm/m/it/10 z \OMS/cmsy/m/n/10 2
 []


Overfull \hbox (31.84166pt too wide) in paragraph at lines 99--100
\OML/cmm/m/it/10 C\OMS/cmsy/m/n/10 jj\OML/cmm/m/it/10 z\OMS/cmsy/m/n/10 j \OT1/cmr/m/n/10 =
 []


Overfull \hbox (10.00003pt too wide) in paragraph at lines 99--100
\OT1/cmr/m/n/10 1\OMS/cmsy/m/n/10 g$
 []


Overfull \hbox (19.53471pt too wide) in paragraph at lines 99--100
\OMS/cmsy/m/n/10 f\OML/cmm/m/it/10 z \OMS/cmsy/m/n/10 2
 []


Overfull \hbox (31.84166pt too wide) in paragraph at lines 99--100
\OML/cmm/m/it/10 C\OMS/cmsy/m/n/10 jj\OML/cmm/m/it/10 z\OMS/cmsy/m/n/10 j \OT1/cmr/m/n/10 =
 []


Overfull \hbox (10.00003pt too wide) in paragraph at lines 99--100
\OT1/cmr/m/n/10 4\OMS/cmsy/m/n/10 g$
 []


Overfull \hbox (6.70831pt too wide) in paragraph at lines 99--100
\OML/cmm/m/it/10 S$ 
 []

Missing character: There is no A in font nullfont!
Missing character: There is no c in font nullfont!
Missing character: There is no o in font nullfont!
Missing character: There is no l in font nullfont!
Missing character: There is no l in font nullfont!
Missing character: There is no e in font nullfont!
Missing character: There is no c in font nullfont!
Missing character: There is no t in font nullfont!
Missing character: There is no i in font nullfont!
Missing character: There is no o in font nullfont!
Missing character: There is no n in font nullfont!
Missing character: There is no o in font nullfont!
Missing character: There is no f in font nullfont!
Missing character: There is no a in font nullfont!
Missing character: There is no l in font nullfont!
Missing character: There is no l in font nullfont!
Missing character: There is no t in font nullfont!
Missing character: There is no h in font nullfont!
Missing character: There is no e in font nullfont!
Missing character: There is no p in font nullfont!
Missing character: There is no o in font nullfont!
Missing character: There is no i in font nullfont!
Missing character: There is no n in font nullfont!
Missing character: There is no t in font nullfont!
Missing character: There is no s in font nullfont!
/home/jonzoda/Documents/school/2024/MTH5103/notes/final_complex_variable/input/note03.tex:102: Undefined control sequence.
l.102 ...llection of all the points $z \in \mathbb
                                                  {C}$ that are on the dista...
The control sequence at the end of the top line
of your error message was never \def'ed. If you have
misspelled it (e.g., `\hobx'), type `I' and the correct
spelling (e.g., `I\hbox'). Otherwise just continue,
and I'll forget about whatever was undefined.

Missing character: There is no t in font nullfont!
Missing character: There is no h in font nullfont!
Missing character: There is no a in font nullfont!
Missing character: There is no t in font nullfont!
Missing character: There is no a in font nullfont!
Missing character: There is no r in font nullfont!
Missing character: There is no e in font nullfont!
Missing character: There is no o in font nullfont!
Missing character: There is no n in font nullfont!
Missing character: There is no t in font nullfont!
Missing character: There is no h in font nullfont!
Missing character: There is no e in font nullfont!
Missing character: There is no d in font nullfont!
Missing character: There is no i in font nullfont!
Missing character: There is no s in font nullfont!
Missing character: There is no t in font nullfont!
Missing character: There is no a in font nullfont!
Missing character: There is no n in font nullfont!
Missing character: There is no c in font nullfont!
Missing character: There is no e in font nullfont!
Missing character: There is no f in font nullfont!
Missing character: There is no r in font nullfont!
Missing character: There is no o in font nullfont!
Missing character: There is no m in font nullfont!
Missing character: There is no i in font nullfont!
Missing character: There is no s in font nullfont!
Missing character: There is no c in font nullfont!
Missing character: There is no a in font nullfont!
Missing character: There is no l in font nullfont!
Missing character: There is no l in font nullfont!
Missing character: There is no e in font nullfont!
Missing character: There is no d in font nullfont!
Missing character: There is no - in font nullfont!
Missing character: There is no n in font nullfont!
Missing character: There is no e in font nullfont!
Missing character: There is no i in font nullfont!
Missing character: There is no g in font nullfont!
Missing character: There is no h in font nullfont!
Missing character: There is no b in font nullfont!
Missing character: There is no o in font nullfont!
Missing character: There is no r in font nullfont!
Missing character: There is no h in font nullfont!
Missing character: There is no o in font nullfont!
Missing character: There is no o in font nullfont!
Missing character: There is no d in font nullfont!
Missing character: There is no o in font nullfont!
Missing character: There is no f in font nullfont!
/home/jonzoda/Documents/school/2024/MTH5103/notes/final_complex_variable/input/note03.tex:102: Undefined control sequence.
l.102 ...epsilon$-neighborhood of $z_0 \in \mathbb
                                                  {C}$. For $\epsilon > 0, z...
The control sequence at the end of the top line
of your error message was never \def'ed. If you have
misspelled it (e.g., `\hobx'), type `I' and the correct
spelling (e.g., `I\hbox'). Otherwise just continue,
and I'll forget about whatever was undefined.

Missing character: There is no . in font nullfont!
Missing character: There is no F in font nullfont!
Missing character: There is no o in font nullfont!
Missing character: There is no r in font nullfont!
/home/jonzoda/Documents/school/2024/MTH5103/notes/final_complex_variable/input/note03.tex:102: Undefined control sequence.
l.102 ...b{C}$. For $\epsilon > 0, z_0 \in \mathbb
                                                  {C}: \epsilon$-neighborhoo...
The control sequence at the end of the top line
of your error message was never \def'ed. If you have
misspelled it (e.g., `\hobx'), type `I' and the correct
spelling (e.g., `I\hbox'). Otherwise just continue,
and I'll forget about whatever was undefined.

Missing character: There is no - in font nullfont!
Missing character: There is no n in font nullfont!
Missing character: There is no e in font nullfont!
Missing character: There is no i in font nullfont!
Missing character: There is no g in font nullfont!
Missing character: There is no h in font nullfont!
Missing character: There is no b in font nullfont!
Missing character: There is no o in font nullfont!
Missing character: There is no r in font nullfont!
Missing character: There is no h in font nullfont!
Missing character: There is no o in font nullfont!
Missing character: There is no o in font nullfont!
Missing character: There is no d in font nullfont!
Missing character: There is no o in font nullfont!
Missing character: There is no f in font nullfont!
Missing character: There is no i in font nullfont!
Missing character: There is no s in font nullfont!
Missing character: There is no t in font nullfont!
Missing character: There is no h in font nullfont!
Missing character: There is no e in font nullfont!
Missing character: There is no s in font nullfont!
Missing character: There is no e in font nullfont!
Missing character: There is no t in font nullfont!
/home/jonzoda/Documents/school/2024/MTH5103/notes/final_complex_variable/input/note03.tex:102: Undefined control sequence.
l.102 ...hood of $z_0$ is the set $\{z \in \mathbb
                                                  {C} | |z - z_0| < \epsilon...
The control sequence at the end of the top line
of your error message was never \def'ed. If you have
misspelled it (e.g., `\hobx'), type `I' and the correct
spelling (e.g., `I\hbox'). Otherwise just continue,
and I'll forget about whatever was undefined.

Missing character: There is no . in font nullfont!

Overfull \hbox (37.60408pt too wide) in paragraph at lines 102--103
[]\OT1/cmr/bx/n/10 Def
 []


Overfull \hbox (17.8888pt too wide) in paragraph at lines 102--103
\OT1/cmr/bx/n/10 4.6:
 []


Overfull \hbox (14.5347pt too wide) in paragraph at lines 102--103
\OML/cmm/m/it/10 z \OMS/cmsy/m/n/10 2
 []


Overfull \hbox (7.86249pt too wide) in paragraph at lines 102--103
\OML/cmm/m/it/10 C$
 []


Overfull \hbox (14.61455pt too wide) in paragraph at lines 102--103
\OML/cmm/m/it/10 ^^O >
 []


Overfull \hbox (5.00002pt too wide) in paragraph at lines 102--103
\OT1/cmr/m/n/10 0$
 []


Overfull \hbox (9.13663pt too wide) in paragraph at lines 102--103
\OML/cmm/m/it/10 z[]$
 []


Overfull \hbox (4.05904pt too wide) in paragraph at lines 102--103
\OML/cmm/m/it/10 ^^O$
 []


Overfull \hbox (18.58102pt too wide) in paragraph at lines 102--103
\OML/cmm/m/it/10 z[] \OMS/cmsy/m/n/10 2
 []


Overfull \hbox (7.86249pt too wide) in paragraph at lines 102--103
\OML/cmm/m/it/10 C$
 []


Overfull \hbox (14.61455pt too wide) in paragraph at lines 102--103
\OML/cmm/m/it/10 ^^O >
 []


Overfull \hbox (28.02545pt too wide) in paragraph at lines 102--103
\OT1/cmr/m/n/10 0\OML/cmm/m/it/10 ; z[] \OMS/cmsy/m/n/10 2
 []


Overfull \hbox (13.41798pt too wide) in paragraph at lines 102--103
\OML/cmm/m/it/10 C \OT1/cmr/m/n/10 :
 []


Overfull \hbox (4.05904pt too wide) in paragraph at lines 102--103
\OML/cmm/m/it/10 ^^O$
 []


Overfull \hbox (9.13663pt too wide) in paragraph at lines 102--103
\OML/cmm/m/it/10 z[]$
 []


Overfull \hbox (19.53471pt too wide) in paragraph at lines 102--103
\OMS/cmsy/m/n/10 f\OML/cmm/m/it/10 z \OMS/cmsy/m/n/10 2
 []


Overfull \hbox (26.28616pt too wide) in paragraph at lines 102--103
\OML/cmm/m/it/10 C\OMS/cmsy/m/n/10 jj\OML/cmm/m/it/10 z \OMS/cmsy/m/n/10 ^^@
 []


Overfull \hbox (22.46992pt too wide) in paragraph at lines 102--103
\OML/cmm/m/it/10 z[]\OMS/cmsy/m/n/10 j \OML/cmm/m/it/10 <
 []


Overfull \hbox (9.05905pt too wide) in paragraph at lines 102--103
\OML/cmm/m/it/10 ^^O\OMS/cmsy/m/n/10 g$ 
 []

Missing character: There is no H in font nullfont!
Missing character: There is no a in font nullfont!
Missing character: There is no v in font nullfont!
Missing character: There is no i in font nullfont!
Missing character: There is no n in font nullfont!
Missing character: There is no g in font nullfont!
Missing character: There is no a in font nullfont!
Missing character: There is no l in font nullfont!
Missing character: There is no l in font nullfont!
Missing character: There is no t in font nullfont!
Missing character: There is no h in font nullfont!
Missing character: There is no e in font nullfont!
Missing character: There is no s in font nullfont!
Missing character: There is no e in font nullfont!
Missing character: There is no d in font nullfont!
Missing character: There is no e in font nullfont!
Missing character: There is no f in font nullfont!
Missing character: There is no i in font nullfont!
Missing character: There is no n in font nullfont!
Missing character: There is no i in font nullfont!
Missing character: There is no t in font nullfont!
Missing character: There is no i in font nullfont!
Missing character: There is no o in font nullfont!
Missing character: There is no n in font nullfont!
Missing character: There is no s in font nullfont!
Missing character: There is no , in font nullfont!
Missing character: There is no n in font nullfont!
Missing character: There is no o in font nullfont!
Missing character: There is no w in font nullfont!
Missing character: There is no w in font nullfont!
Missing character: There is no e in font nullfont!
Missing character: There is no c in font nullfont!
Missing character: There is no a in font nullfont!
Missing character: There is no n in font nullfont!
Missing character: There is no s in font nullfont!
Missing character: There is no t in font nullfont!
Missing character: There is no u in font nullfont!
Missing character: There is no d in font nullfont!
Missing character: There is no y in font nullfont!
Missing character: There is no t in font nullfont!
Missing character: There is no h in font nullfont!
Missing character: There is no e in font nullfont!
Missing character: There is no c in font nullfont!
Missing character: There is no o in font nullfont!
Missing character: There is no n in font nullfont!
Missing character: There is no t in font nullfont!
Missing character: There is no i in font nullfont!
Missing character: There is no n in font nullfont!
Missing character: There is no u in font nullfont!
Missing character: There is no i in font nullfont!
Missing character: There is no t in font nullfont!
Missing character: There is no y in font nullfont!
Missing character: There is no o in font nullfont!
Missing character: There is no f in font nullfont!
Missing character: There is no a in font nullfont!
Missing character: There is no c in font nullfont!
Missing character: There is no o in font nullfont!
Missing character: There is no m in font nullfont!
Missing character: There is no p in font nullfont!
Missing character: There is no l in font nullfont!
Missing character: There is no e in font nullfont!
Missing character: There is no x in font nullfont!
Missing character: There is no f in font nullfont!
Missing character: There is no u in font nullfont!
Missing character: There is no n in font nullfont!
Missing character: There is no c in font nullfont!
Missing character: There is no t in font nullfont!
Missing character: There is no i in font nullfont!
Missing character: There is no o in font nullfont!
Missing character: There is no n in font nullfont!
Missing character: There is no . in font nullfont!

Overfull \hbox (20.0pt too wide) in paragraph at lines 104--105
[]
 []

/home/jonzoda/Documents/school/2024/MTH5103/notes/final_complex_variable/input/note03.tex:106: Undefined control sequence.
l.106 \section
              {Continuity}
The control sequence at the end of the top line
of your error message was never \def'ed. If you have
misspelled it (e.g., `\hobx'), type `I' and the correct
spelling (e.g., `I\hbox'). Otherwise just continue,
and I'll forget about whatever was undefined.

Missing character: There is no C in font nullfont!
Missing character: There is no o in font nullfont!
Missing character: There is no n in font nullfont!
Missing character: There is no t in font nullfont!
Missing character: There is no i in font nullfont!
Missing character: There is no n in font nullfont!
Missing character: There is no u in font nullfont!
Missing character: There is no i in font nullfont!
Missing character: There is no t in font nullfont!
Missing character: There is no y in font nullfont!
Missing character: There is no T in font nullfont!
Missing character: There is no h in font nullfont!
Missing character: There is no e in font nullfont!
Missing character: There is no f in font nullfont!
Missing character: There is no u in font nullfont!
Missing character: There is no n in font nullfont!
Missing character: There is no c in font nullfont!
Missing character: There is no t in font nullfont!
Missing character: There is no i in font nullfont!
Missing character: There is no o in font nullfont!
Missing character: There is no n in font nullfont!
Missing character: There is no i in font nullfont!
Missing character: There is no s in font nullfont!
Missing character: There is no c in font nullfont!
Missing character: There is no o in font nullfont!
Missing character: There is no n in font nullfont!
Missing character: There is no t in font nullfont!
Missing character: There is no i in font nullfont!
Missing character: There is no n in font nullfont!
Missing character: There is no u in font nullfont!
Missing character: There is no o in font nullfont!
Missing character: There is no u in font nullfont!
Missing character: There is no s in font nullfont!
Missing character: There is no a in font nullfont!
Missing character: There is no t in font nullfont!
Missing character: There is no t in font nullfont!
Missing character: There is no h in font nullfont!
Missing character: There is no e in font nullfont!
Missing character: There is no p in font nullfont!
Missing character: There is no o in font nullfont!
Missing character: There is no i in font nullfont!
Missing character: There is no n in font nullfont!
Missing character: There is no t in font nullfont!
Missing character: There is no i in font nullfont!
Missing character: There is no f in font nullfont!
Missing character: There is no i in font nullfont!
Missing character: There is no t in font nullfont!
Missing character: There is no i in font nullfont!
Missing character: There is no s in font nullfont!
Missing character: There is no d in font nullfont!
Missing character: There is no e in font nullfont!
Missing character: There is no f in font nullfont!
Missing character: There is no i in font nullfont!
Missing character: There is no n in font nullfont!
Missing character: There is no e in font nullfont!
Missing character: There is no d in font nullfont!
Missing character: There is no a in font nullfont!
Missing character: There is no t in font nullfont!
Missing character: There is no a in font nullfont!
Missing character: There is no n in font nullfont!
Missing character: There is no e in font nullfont!
Missing character: There is no i in font nullfont!
Missing character: There is no g in font nullfont!
Missing character: There is no h in font nullfont!
Missing character: There is no b in font nullfont!
Missing character: There is no o in font nullfont!
Missing character: There is no r in font nullfont!
Missing character: There is no h in font nullfont!
Missing character: There is no o in font nullfont!
Missing character: There is no o in font nullfont!
Missing character: There is no d in font nullfont!
Missing character: There is no o in font nullfont!
Missing character: There is no f in font nullfont!
Missing character: There is no ( in font nullfont!
Missing character: There is no a in font nullfont!
Missing character: There is no n in font nullfont!
Missing character: There is no d in font nullfont!
Missing character: There is no a in font nullfont!
Missing character: There is no t in font nullfont!
Missing character: There is no ) in font nullfont!
Missing character: There is no a in font nullfont!
Missing character: There is no n in font nullfont!
Missing character: There is no d in font nullfont!
Missing character: There is no . in font nullfont!
Missing character: There is no N in font nullfont!
Missing character: There is no a in font nullfont!
Missing character: There is no m in font nullfont!
Missing character: There is no e in font nullfont!
Missing character: There is no l in font nullfont!
Missing character: There is no y in font nullfont!
Missing character: There is no : in font nullfont!
Missing character: There is no i in font nullfont!
Missing character: There is no s in font nullfont!
Missing character: There is no d in font nullfont!
Missing character: There is no e in font nullfont!
Missing character: There is no f in font nullfont!
Missing character: There is no i in font nullfont!
Missing character: There is no n in font nullfont!
Missing character: There is no e in font nullfont!
Missing character: There is no d in font nullfont!
Missing character: There is no a in font nullfont!
Missing character: There is no t in font nullfont!
Missing character: There is no , in font nullfont!
Missing character: There is no a in font nullfont!
Missing character: There is no t in font nullfont!
Missing character: There is no s in font nullfont!
Missing character: There is no o in font nullfont!
Missing character: There is no m in font nullfont!
Missing character: There is no e in font nullfont!
Missing character: There is no - in font nullfont!
Missing character: There is no n in font nullfont!
Missing character: There is no e in font nullfont!
Missing character: There is no i in font nullfont!
Missing character: There is no g in font nullfont!
Missing character: There is no h in font nullfont!
Missing character: There is no b in font nullfont!
Missing character: There is no o in font nullfont!
Missing character: There is no r in font nullfont!
Missing character: There is no h in font nullfont!
Missing character: There is no o in font nullfont!
Missing character: There is no o in font nullfont!
Missing character: There is no d in font nullfont!
Missing character: There is no o in font nullfont!
Missing character: There is no f in font nullfont!
Missing character: There is no , in font nullfont!
Missing character: There is no t in font nullfont!
Missing character: There is no h in font nullfont!
Missing character: There is no e in font nullfont!
Missing character: There is no l in font nullfont!
Missing character: There is no i in font nullfont!
Missing character: There is no m in font nullfont!
Missing character: There is no i in font nullfont!
Missing character: There is no t in font nullfont!
Missing character: There is no a in font nullfont!
Missing character: There is no b in font nullfont!
Missing character: There is no o in font nullfont!
Missing character: There is no v in font nullfont!
Missing character: There is no e in font nullfont!
Missing character: There is no e in font nullfont!
Missing character: There is no x in font nullfont!
Missing character: There is no i in font nullfont!
Missing character: There is no s in font nullfont!
Missing character: There is no t in font nullfont!
Missing character: There is no s in font nullfont!
Missing character: There is no a in font nullfont!
Missing character: There is no n in font nullfont!
Missing character: There is no d in font nullfont!
Missing character: There is no i in font nullfont!
Missing character: There is no t in font nullfont!
Missing character: There is no i in font nullfont!
Missing character: There is no s in font nullfont!
Missing character: There is no e in font nullfont!
Missing character: There is no q in font nullfont!
Missing character: There is no u in font nullfont!
Missing character: There is no a in font nullfont!
Missing character: There is no l in font nullfont!
Missing character: There is no t in font nullfont!
Missing character: There is no o in font nullfont!
Missing character: There is no t in font nullfont!
Missing character: There is no h in font nullfont!
Missing character: There is no e in font nullfont!
Missing character: There is no v in font nullfont!
Missing character: There is no a in font nullfont!
Missing character: There is no l in font nullfont!
Missing character: There is no u in font nullfont!
Missing character: There is no e in font nullfont!
Missing character: There is no o in font nullfont!
Missing character: There is no f in font nullfont!
Missing character: There is no t in font nullfont!
Missing character: There is no h in font nullfont!
Missing character: There is no e in font nullfont!
Missing character: There is no f in font nullfont!
Missing character: There is no u in font nullfont!
Missing character: There is no n in font nullfont!
Missing character: There is no c in font nullfont!
Missing character: There is no t in font nullfont!
Missing character: There is no i in font nullfont!
Missing character: There is no o in font nullfont!
Missing character: There is no n in font nullfont!
Missing character: There is no a in font nullfont!
Missing character: There is no t in font nullfont!
Missing character: There is no t in font nullfont!
Missing character: There is no h in font nullfont!
Missing character: There is no e in font nullfont!
Missing character: There is no p in font nullfont!
Missing character: There is no o in font nullfont!
Missing character: There is no i in font nullfont!
Missing character: There is no n in font nullfont!
Missing character: There is no t in font nullfont!
Missing character: There is no . in font nullfont!
Missing character: There is no T in font nullfont!
Missing character: There is no h in font nullfont!
Missing character: There is no e in font nullfont!
Missing character: There is no f in font nullfont!
Missing character: There is no u in font nullfont!
Missing character: There is no n in font nullfont!
Missing character: There is no c in font nullfont!
Missing character: There is no t in font nullfont!
Missing character: There is no i in font nullfont!
Missing character: There is no o in font nullfont!
Missing character: There is no n in font nullfont!
Missing character: There is no i in font nullfont!
Missing character: There is no s in font nullfont!
Missing character: There is no c in font nullfont!
Missing character: There is no o in font nullfont!
Missing character: There is no n in font nullfont!
Missing character: There is no t in font nullfont!
Missing character: There is no i in font nullfont!
Missing character: There is no n in font nullfont!
Missing character: There is no u in font nullfont!
Missing character: There is no o in font nullfont!
Missing character: There is no u in font nullfont!
Missing character: There is no s in font nullfont!
Missing character: There is no i in font nullfont!
Missing character: There is no n in font nullfont!
Missing character: There is no s in font nullfont!
Missing character: There is no o in font nullfont!
Missing character: There is no m in font nullfont!
Missing character: There is no e in font nullfont!
Missing character: There is no d in font nullfont!
Missing character: There is no o in font nullfont!
Missing character: There is no m in font nullfont!
Missing character: There is no a in font nullfont!
Missing character: There is no i in font nullfont!
Missing character: There is no n in font nullfont!
Missing character: There is no i in font nullfont!
Missing character: There is no f in font nullfont!
Missing character: There is no i in font nullfont!
Missing character: There is no t in font nullfont!
Missing character: There is no i in font nullfont!
Missing character: There is no s in font nullfont!
Missing character: There is no c in font nullfont!
Missing character: There is no o in font nullfont!
Missing character: There is no n in font nullfont!
Missing character: There is no t in font nullfont!
Missing character: There is no i in font nullfont!
Missing character: There is no n in font nullfont!
Missing character: There is no u in font nullfont!
Missing character: There is no o in font nullfont!
Missing character: There is no u in font nullfont!
Missing character: There is no s in font nullfont!
Missing character: There is no a in font nullfont!
Missing character: There is no t in font nullfont!
Missing character: There is no e in font nullfont!
Missing character: There is no v in font nullfont!
Missing character: There is no e in font nullfont!
Missing character: There is no r in font nullfont!
Missing character: There is no y in font nullfont!
Missing character: There is no p in font nullfont!
Missing character: There is no o in font nullfont!
Missing character: There is no i in font nullfont!
Missing character: There is no n in font nullfont!
Missing character: There is no t in font nullfont!
Missing character: There is no . in font nullfont!

Overfull \hbox (20.0pt too wide) in paragraph at lines 106--110
[]
 []


Overfull \hbox (17.60408pt too wide) in paragraph at lines 106--110
\OT1/cmr/bx/n/10 Def
 []


Overfull \hbox (17.8888pt too wide) in paragraph at lines 106--110
\OT1/cmr/bx/n/10 5.1:
 []


Overfull \hbox (18.84036pt too wide) in paragraph at lines 106--110
\OML/cmm/m/it/10 f\OT1/cmr/m/n/10 (\OML/cmm/m/it/10 z\OT1/cmr/m/n/10 )$
 []


Overfull \hbox (9.13663pt too wide) in paragraph at lines 106--110
\OML/cmm/m/it/10 z[]$
 []


Overfull \hbox (9.13663pt too wide) in paragraph at lines 106--110
\OML/cmm/m/it/10 z[]$
 []


Overfull \hbox (9.13663pt too wide) in paragraph at lines 106--110
\OML/cmm/m/it/10 z[]$
 []


Overfull \hbox (65.25484pt too wide) in paragraph at lines 106--110
[][] \OML/cmm/m/it/10 f\OT1/cmr/m/n/10 (\OML/cmm/m/it/10 z\OT1/cmr/m/n/10 ) =
 []


Overfull \hbox (22.88669pt too wide) in paragraph at lines 106--110
\OML/cmm/m/it/10 f\OT1/cmr/m/n/10 (\OML/cmm/m/it/10 z[]\OT1/cmr/m/n/10 )$
 []


Overfull \hbox (5.97226pt too wide) in paragraph at lines 106--110
\OML/cmm/m/it/10 f$
 []


Overfull \hbox (9.13663pt too wide) in paragraph at lines 106--110
\OML/cmm/m/it/10 z[]$
 []


Overfull \hbox (4.05904pt too wide) in paragraph at lines 106--110
\OML/cmm/m/it/10 ^^O$
 []


Overfull \hbox (9.13663pt too wide) in paragraph at lines 106--110
\OML/cmm/m/it/10 z[]$
 []


Overfull \hbox (9.13663pt too wide) in paragraph at lines 106--110
\OML/cmm/m/it/10 z[]$
 []


Overfull \hbox (18.84036pt too wide) in paragraph at lines 106--110
\OML/cmm/m/it/10 f\OT1/cmr/m/n/10 (\OML/cmm/m/it/10 z\OT1/cmr/m/n/10 )$
 []


Overfull \hbox (6.70831pt too wide) in paragraph at lines 106--110
\OML/cmm/m/it/10 S$
 []


Overfull \hbox (14.5347pt too wide) in paragraph at lines 106--110
\OML/cmm/m/it/10 z \OMS/cmsy/m/n/10 2
 []


Overfull \hbox (6.70831pt too wide) in paragraph at lines 106--110
\OML/cmm/m/it/10 S$ 
 []

Missing character: There is no A in font nullfont!
Missing character: There is no s in font nullfont!
Missing character: There is no a in font nullfont!
Missing character: There is no c in font nullfont!
Missing character: There is no o in font nullfont!
Missing character: There is no n in font nullfont!
Missing character: There is no s in font nullfont!
Missing character: There is no e in font nullfont!
Missing character: There is no q in font nullfont!
Missing character: There is no u in font nullfont!
Missing character: There is no e in font nullfont!
Missing character: There is no n in font nullfont!
Missing character: There is no c in font nullfont!
Missing character: There is no e in font nullfont!
Missing character: There is no o in font nullfont!
Missing character: There is no f in font nullfont!
Missing character: There is no t in font nullfont!
Missing character: There is no h in font nullfont!
Missing character: There is no e in font nullfont!
Missing character: There is no l in font nullfont!
Missing character: There is no i in font nullfont!
Missing character: There is no m in font nullfont!
Missing character: There is no i in font nullfont!
Missing character: There is no t in font nullfont!
Missing character: There is no l in font nullfont!
Missing character: There is no a in font nullfont!
Missing character: There is no w in font nullfont!
Missing character: There is no s in font nullfont!
Missing character: There is no i in font nullfont!
Missing character: There is no n in font nullfont!
Missing character: There is no P in font nullfont!
Missing character: There is no r in font nullfont!
Missing character: There is no o in font nullfont!
Missing character: There is no p in font nullfont!
Missing character: There is no 3 in font nullfont!
Missing character: There is no . in font nullfont!
Missing character: There is no 1 in font nullfont!
Missing character: There is no , in font nullfont!
Missing character: There is no w in font nullfont!
Missing character: There is no e in font nullfont!
Missing character: There is no h in font nullfont!
Missing character: There is no a in font nullfont!
Missing character: There is no v in font nullfont!
Missing character: There is no e in font nullfont!
Missing character: There is no t in font nullfont!
Missing character: There is no h in font nullfont!
Missing character: There is no e in font nullfont!
Missing character: There is no f in font nullfont!
Missing character: There is no o in font nullfont!
Missing character: There is no l in font nullfont!
Missing character: There is no l in font nullfont!
Missing character: There is no o in font nullfont!
Missing character: There is no w in font nullfont!
Missing character: There is no i in font nullfont!
Missing character: There is no n in font nullfont!
Missing character: There is no g in font nullfont!
Missing character: There is no ( in font nullfont!
Missing character: There is no s in font nullfont!
Missing character: There is no i in font nullfont!
Missing character: There is no m in font nullfont!
Missing character: There is no i in font nullfont!
Missing character: There is no l in font nullfont!
Missing character: There is no a in font nullfont!
Missing character: There is no r in font nullfont!
Missing character: There is no ) in font nullfont!
Missing character: There is no p in font nullfont!
Missing character: There is no r in font nullfont!
Missing character: There is no o in font nullfont!
Missing character: There is no p in font nullfont!
Missing character: There is no o in font nullfont!
Missing character: There is no s in font nullfont!
Missing character: There is no i in font nullfont!
Missing character: There is no t in font nullfont!
Missing character: There is no i in font nullfont!
Missing character: There is no o in font nullfont!
Missing character: There is no n in font nullfont!
Missing character: There is no a in font nullfont!
Missing character: There is no b in font nullfont!
Missing character: There is no o in font nullfont!
Missing character: There is no u in font nullfont!
Missing character: There is no t in font nullfont!
Missing character: There is no t in font nullfont!
Missing character: There is no h in font nullfont!
Missing character: There is no e in font nullfont!
Missing character: There is no c in font nullfont!
Missing character: There is no o in font nullfont!
Missing character: There is no n in font nullfont!
Missing character: There is no t in font nullfont!
Missing character: There is no i in font nullfont!
Missing character: There is no n in font nullfont!
Missing character: There is no u in font nullfont!
Missing character: There is no i in font nullfont!
Missing character: There is no t in font nullfont!
Missing character: There is no y in font nullfont!
Missing character: There is no . in font nullfont!
Missing character: There is no I in font nullfont!
Missing character: There is no f in font nullfont!
Missing character: There is no a in font nullfont!
Missing character: There is no n in font nullfont!
Missing character: There is no d in font nullfont!
Missing character: There is no a in font nullfont!
Missing character: There is no r in font nullfont!
Missing character: There is no e in font nullfont!
Missing character: There is no c in font nullfont!
Missing character: There is no o in font nullfont!
Missing character: There is no n in font nullfont!
Missing character: There is no t in font nullfont!
Missing character: There is no i in font nullfont!
Missing character: There is no n in font nullfont!
Missing character: There is no u in font nullfont!
Missing character: There is no o in font nullfont!
Missing character: There is no u in font nullfont!
Missing character: There is no s in font nullfont!
Missing character: There is no a in font nullfont!
Missing character: There is no t in font nullfont!
/home/jonzoda/Documents/school/2024/MTH5103/notes/final_complex_variable/input/note03.tex:112: Undefined control sequence.
l.112 ...$g(z)$ are continuous at $z_0 \in \mathbb
                                                  {C}$, then so are $f+g$ an...
The control sequence at the end of the top line
of your error message was never \def'ed. If you have
misspelled it (e.g., `\hobx'), type `I' and the correct
spelling (e.g., `I\hbox'). Otherwise just continue,
and I'll forget about whatever was undefined.

Missing character: There is no , in font nullfont!
Missing character: There is no t in font nullfont!
Missing character: There is no h in font nullfont!
Missing character: There is no e in font nullfont!
Missing character: There is no n in font nullfont!
Missing character: There is no s in font nullfont!
Missing character: There is no o in font nullfont!
Missing character: There is no a in font nullfont!
Missing character: There is no r in font nullfont!
Missing character: There is no e in font nullfont!
Missing character: There is no a in font nullfont!
Missing character: There is no n in font nullfont!
Missing character: There is no d in font nullfont!
Missing character: There is no , in font nullfont!
Missing character: There is no a in font nullfont!
Missing character: There is no n in font nullfont!
Missing character: There is no d in font nullfont!
Missing character: There is no i in font nullfont!
Missing character: There is no f in font nullfont!
Missing character: There is no , in font nullfont!
Missing character: There is no t in font nullfont!
Missing character: There is no h in font nullfont!
Missing character: There is no e in font nullfont!
Missing character: There is no n in font nullfont!
Missing character: There is no i in font nullfont!
Missing character: There is no s in font nullfont!
Missing character: There is no c in font nullfont!
Missing character: There is no o in font nullfont!
Missing character: There is no n in font nullfont!
Missing character: There is no t in font nullfont!
Missing character: There is no i in font nullfont!
Missing character: There is no n in font nullfont!
Missing character: There is no u in font nullfont!
Missing character: There is no o in font nullfont!
Missing character: There is no u in font nullfont!
Missing character: There is no s in font nullfont!
Missing character: There is no a in font nullfont!
Missing character: There is no t in font nullfont!
Missing character: There is no . in font nullfont!
Missing character: There is no W in font nullfont!
Missing character: There is no e in font nullfont!
Missing character: There is no a in font nullfont!
Missing character: There is no l in font nullfont!
Missing character: There is no s in font nullfont!
Missing character: There is no o in font nullfont!
Missing character: There is no h in font nullfont!
Missing character: There is no a in font nullfont!
Missing character: There is no v in font nullfont!
Missing character: There is no e in font nullfont!
Missing character: There is no a in font nullfont!
Missing character: There is no n in font nullfont!
Missing character: There is no a in font nullfont!
Missing character: There is no n in font nullfont!
Missing character: There is no a in font nullfont!
Missing character: There is no l in font nullfont!
Missing character: There is no o in font nullfont!
Missing character: There is no g in font nullfont!
Missing character: There is no u in font nullfont!
Missing character: There is no e in font nullfont!
Missing character: There is no o in font nullfont!
Missing character: There is no f in font nullfont!
Missing character: There is no P in font nullfont!
Missing character: There is no r in font nullfont!
Missing character: There is no o in font nullfont!
Missing character: There is no p in font nullfont!
Missing character: There is no 3 in font nullfont!
Missing character: There is no . in font nullfont!
Missing character: There is no 2 in font nullfont!
Missing character: There is no : in font nullfont!

Overfull \hbox (20.0pt too wide) in paragraph at lines 111--114
[]
 []


Overfull \hbox (24.736pt too wide) in paragraph at lines 111--114
\OT1/cmr/bx/n/10 Prop
 []


Overfull \hbox (17.8888pt too wide) in paragraph at lines 111--114
\OT1/cmr/bx/n/10 5.1:
 []


Overfull \hbox (18.84036pt too wide) in paragraph at lines 111--114
\OML/cmm/m/it/10 f\OT1/cmr/m/n/10 (\OML/cmm/m/it/10 z\OT1/cmr/m/n/10 )$
 []


Overfull \hbox (17.99657pt too wide) in paragraph at lines 111--114
\OML/cmm/m/it/10 g\OT1/cmr/m/n/10 (\OML/cmm/m/it/10 z\OT1/cmr/m/n/10 )$
 []


Overfull \hbox (18.58102pt too wide) in paragraph at lines 111--114
\OML/cmm/m/it/10 z[] \OMS/cmsy/m/n/10 2
 []


Overfull \hbox (7.86249pt too wide) in paragraph at lines 111--114
\OML/cmm/m/it/10 C$
 []


Overfull \hbox (13.75006pt too wide) in paragraph at lines 111--114
\OML/cmm/m/it/10 f \OT1/cmr/m/n/10 +
 []


Overfull \hbox (5.12846pt too wide) in paragraph at lines 111--114
\OML/cmm/m/it/10 g$
 []


Overfull \hbox (8.75005pt too wide) in paragraph at lines 111--114
\OML/cmm/m/it/10 f \OMS/cmsy/m/n/10 ^^A
 []


Overfull \hbox (5.12846pt too wide) in paragraph at lines 111--114
\OML/cmm/m/it/10 g$
 []


Overfull \hbox (32.5984pt too wide) in paragraph at lines 111--114
\OML/cmm/m/it/10 g\OT1/cmr/m/n/10 (\OML/cmm/m/it/10 z[]\OT1/cmr/m/n/10 ) \OMS/cmsy/m/n/10 6\OT1/cmr/m/n/10 =
 []


Overfull \hbox (5.00002pt too wide) in paragraph at lines 111--114
\OT1/cmr/m/n/10 0$
 []


Overfull \hbox (7.08408pt too wide) in paragraph at lines 111--114
[]$
 []


Overfull \hbox (9.13663pt too wide) in paragraph at lines 111--114
\OML/cmm/m/it/10 z[]$
 []

Missing character: There is no T in font nullfont!
Missing character: There is no h in font nullfont!
Missing character: There is no e in font nullfont!
Missing character: There is no f in font nullfont!
Missing character: There is no u in font nullfont!
Missing character: There is no n in font nullfont!
Missing character: There is no c in font nullfont!
Missing character: There is no t in font nullfont!
Missing character: There is no i in font nullfont!
Missing character: There is no o in font nullfont!
Missing character: There is no n in font nullfont!
Missing character: There is no i in font nullfont!
Missing character: There is no s in font nullfont!
Missing character: There is no c in font nullfont!
Missing character: There is no o in font nullfont!
Missing character: There is no n in font nullfont!
Missing character: There is no t in font nullfont!
Missing character: There is no i in font nullfont!
Missing character: There is no n in font nullfont!
Missing character: There is no u in font nullfont!
Missing character: There is no o in font nullfont!
Missing character: There is no u in font nullfont!
Missing character: There is no s in font nullfont!
Missing character: There is no a in font nullfont!
Missing character: There is no t in font nullfont!
Missing character: There is no t in font nullfont!
Missing character: There is no h in font nullfont!
Missing character: There is no e in font nullfont!
Missing character: There is no p in font nullfont!
Missing character: There is no o in font nullfont!
Missing character: There is no i in font nullfont!
Missing character: There is no n in font nullfont!
Missing character: There is no t in font nullfont!
Missing character: There is no t in font nullfont!
Missing character: There is no h in font nullfont!
Missing character: There is no e in font nullfont!
Missing character: There is no r in font nullfont!
Missing character: There is no e in font nullfont!
Missing character: There is no a in font nullfont!
Missing character: There is no l in font nullfont!
Missing character: There is no f in font nullfont!
Missing character: There is no u in font nullfont!
Missing character: There is no n in font nullfont!
Missing character: There is no c in font nullfont!
Missing character: There is no t in font nullfont!
Missing character: There is no i in font nullfont!
Missing character: There is no o in font nullfont!
Missing character: There is no n in font nullfont!
Missing character: There is no s in font nullfont!
Missing character: There is no a in font nullfont!
Missing character: There is no r in font nullfont!
Missing character: There is no e in font nullfont!
Missing character: There is no c in font nullfont!
Missing character: There is no o in font nullfont!
Missing character: There is no n in font nullfont!
Missing character: There is no t in font nullfont!
Missing character: There is no i in font nullfont!
Missing character: There is no n in font nullfont!
Missing character: There is no u in font nullfont!
Missing character: There is no o in font nullfont!
Missing character: There is no u in font nullfont!
Missing character: There is no s in font nullfont!
Missing character: There is no a in font nullfont!
Missing character: There is no t in font nullfont!
Missing character: There is no t in font nullfont!
Missing character: There is no h in font nullfont!
Missing character: There is no e in font nullfont!
Missing character: There is no p in font nullfont!
Missing character: There is no o in font nullfont!
Missing character: There is no i in font nullfont!
Missing character: There is no n in font nullfont!
Missing character: There is no t in font nullfont!
Missing character: There is no . in font nullfont!

Overfull \hbox (44.736pt too wide) in paragraph at lines 115--116
[]\OT1/cmr/bx/n/10 Prop
 []


Overfull \hbox (17.8888pt too wide) in paragraph at lines 115--116
\OT1/cmr/bx/n/10 5.2:
 []


Overfull \hbox (29.39587pt too wide) in paragraph at lines 115--116
\OML/cmm/m/it/10 f\OT1/cmr/m/n/10 (\OML/cmm/m/it/10 z\OT1/cmr/m/n/10 ) =
 []


Overfull \hbox (36.70146pt too wide) in paragraph at lines 115--116
\OML/cmm/m/it/10 u\OT1/cmr/m/n/10 (\OML/cmm/m/it/10 x; y\OT1/cmr/m/n/10 ) +
 []


Overfull \hbox (31.85022pt too wide) in paragraph at lines 115--116
\OML/cmm/m/it/10 iv\OT1/cmr/m/n/10 (\OML/cmm/m/it/10 x; y\OT1/cmr/m/n/10 )$
 []


Overfull \hbox (19.69214pt too wide) in paragraph at lines 115--116
\OML/cmm/m/it/10 z[] \OT1/cmr/m/n/10 =
 []


Overfull \hbox (17.9792pt too wide) in paragraph at lines 115--116
\OML/cmm/m/it/10 x[] \OT1/cmr/m/n/10 +
 []


Overfull \hbox (36.7229pt too wide) in paragraph at lines 115--116
\OML/cmm/m/it/10 iy[]  \OMS/cmsy/m/n/10 ([])
 []


Overfull \hbox (61.77316pt too wide) in paragraph at lines 115--116
\OML/cmm/m/it/10 u\OT1/cmr/m/n/10 (\OML/cmm/m/it/10 x; y\OT1/cmr/m/n/10 )\OML/cmm/m/it/10 ; v\OT1/cmr/m/n/10 (\OML/cmm/m/it/10 x; y\OT1/cmr/m/n/10 )$
 []


Overfull \hbox (31.81256pt too wide) in paragraph at lines 115--116
\OT1/cmr/m/n/10 (\OML/cmm/m/it/10 x[]; y[]\OT1/cmr/m/n/10 )$ 
 []

Missing character: There is no L in font nullfont!
Missing character: There is no e in font nullfont!
Missing character: There is no t in font nullfont!
Missing character: There is no u in font nullfont!
Missing character: There is no s in font nullfont!
Missing character: There is no s in font nullfont!
Missing character: There is no e in font nullfont!
Missing character: There is no e in font nullfont!
Missing character: There is no s in font nullfont!
Missing character: There is no o in font nullfont!
Missing character: There is no m in font nullfont!
Missing character: There is no e in font nullfont!
Missing character: There is no e in font nullfont!
Missing character: There is no x in font nullfont!
Missing character: There is no a in font nullfont!
Missing character: There is no m in font nullfont!
Missing character: There is no p in font nullfont!
Missing character: There is no l in font nullfont!
Missing character: There is no e in font nullfont!
Missing character: There is no s in font nullfont!
Missing character: There is no o in font nullfont!
Missing character: There is no f in font nullfont!
Missing character: There is no c in font nullfont!
Missing character: There is no o in font nullfont!
Missing character: There is no n in font nullfont!
Missing character: There is no t in font nullfont!
Missing character: There is no i in font nullfont!
Missing character: There is no n in font nullfont!
Missing character: There is no u in font nullfont!
Missing character: There is no o in font nullfont!
Missing character: There is no u in font nullfont!
Missing character: There is no s in font nullfont!
Missing character: There is no f in font nullfont!
Missing character: There is no u in font nullfont!
Missing character: There is no n in font nullfont!
Missing character: There is no c in font nullfont!
Missing character: There is no t in font nullfont!
Missing character: There is no i in font nullfont!
Missing character: There is no o in font nullfont!
Missing character: There is no n in font nullfont!
Missing character: There is no s in font nullfont!
Missing character: There is no . in font nullfont!
Missing character: There is no a in font nullfont!
Missing character: There is no ) in font nullfont!
Missing character: There is no I in font nullfont!
Missing character: There is no t in font nullfont!
Missing character: There is no i in font nullfont!
Missing character: There is no s in font nullfont!
Missing character: There is no o in font nullfont!
Missing character: There is no b in font nullfont!
Missing character: There is no v in font nullfont!
Missing character: There is no i in font nullfont!
Missing character: There is no o in font nullfont!
Missing character: There is no u in font nullfont!
Missing character: There is no s in font nullfont!
Missing character: There is no t in font nullfont!
Missing character: There is no h in font nullfont!
Missing character: There is no a in font nullfont!
Missing character: There is no t in font nullfont!
Missing character: There is no t in font nullfont!
Missing character: There is no h in font nullfont!
Missing character: There is no e in font nullfont!
Missing character: There is no c in font nullfont!
Missing character: There is no o in font nullfont!
Missing character: There is no n in font nullfont!
Missing character: There is no s in font nullfont!
Missing character: There is no t in font nullfont!
Missing character: There is no a in font nullfont!
Missing character: There is no n in font nullfont!
Missing character: There is no t in font nullfont!
Missing character: There is no f in font nullfont!
Missing character: There is no u in font nullfont!
Missing character: There is no n in font nullfont!
Missing character: There is no c in font nullfont!
Missing character: There is no t in font nullfont!
Missing character: There is no i in font nullfont!
Missing character: There is no o in font nullfont!
Missing character: There is no n in font nullfont!
Missing character: There is no i in font nullfont!
Missing character: There is no s in font nullfont!
Missing character: There is no c in font nullfont!
Missing character: There is no o in font nullfont!
Missing character: There is no n in font nullfont!
Missing character: There is no t in font nullfont!
Missing character: There is no i in font nullfont!
Missing character: There is no n in font nullfont!
Missing character: There is no u in font nullfont!
Missing character: There is no o in font nullfont!
Missing character: There is no u in font nullfont!
Missing character: There is no s in font nullfont!
Missing character: There is no e in font nullfont!
Missing character: There is no v in font nullfont!
Missing character: There is no e in font nullfont!
Missing character: There is no r in font nullfont!
Missing character: There is no y in font nullfont!
Missing character: There is no w in font nullfont!
Missing character: There is no h in font nullfont!
Missing character: There is no e in font nullfont!
Missing character: There is no r in font nullfont!
Missing character: There is no e in font nullfont!
Missing character: There is no . in font nullfont!
Missing character: There is no i in font nullfont!
Missing character: There is no s in font nullfont!
Missing character: There is no c in font nullfont!
Missing character: There is no o in font nullfont!
Missing character: There is no n in font nullfont!
Missing character: There is no t in font nullfont!
Missing character: There is no i in font nullfont!
Missing character: There is no n in font nullfont!
Missing character: There is no u in font nullfont!
Missing character: There is no o in font nullfont!
Missing character: There is no u in font nullfont!
Missing character: There is no s in font nullfont!
Missing character: There is no a in font nullfont!
Missing character: There is no t in font nullfont!
Missing character: There is no e in font nullfont!
Missing character: There is no v in font nullfont!
Missing character: There is no e in font nullfont!
Missing character: There is no r in font nullfont!
Missing character: There is no y in font nullfont!
/home/jonzoda/Documents/school/2024/MTH5103/notes/final_complex_variable/input/note03.tex:118: Undefined control sequence.
l.118 ... c$ is continuous at every $z \in \mathbb
                                                  {C}$.
The control sequence at the end of the top line
of your error message was never \def'ed. If you have
misspelled it (e.g., `\hobx'), type `I' and the correct
spelling (e.g., `I\hbox'). Otherwise just continue,
and I'll forget about whatever was undefined.

Missing character: There is no . in font nullfont!
Missing character: There is no b in font nullfont!
Missing character: There is no ) in font nullfont!
Missing character: There is no I in font nullfont!
Missing character: There is no t in font nullfont!
Missing character: There is no i in font nullfont!
Missing character: There is no s in font nullfont!
Missing character: There is no a in font nullfont!
Missing character: There is no l in font nullfont!
Missing character: There is no s in font nullfont!
Missing character: There is no o in font nullfont!
Missing character: There is no c in font nullfont!
Missing character: There is no l in font nullfont!
Missing character: There is no e in font nullfont!
Missing character: There is no a in font nullfont!
Missing character: There is no r in font nullfont!
Missing character: There is no t in font nullfont!
Missing character: There is no h in font nullfont!
Missing character: There is no a in font nullfont!
Missing character: There is no t in font nullfont!
Missing character: There is no t in font nullfont!
Missing character: There is no h in font nullfont!
Missing character: There is no e in font nullfont!
Missing character: There is no i in font nullfont!
Missing character: There is no d in font nullfont!
Missing character: There is no e in font nullfont!
Missing character: There is no n in font nullfont!
Missing character: There is no t in font nullfont!
Missing character: There is no i in font nullfont!
Missing character: There is no t in font nullfont!
Missing character: There is no y in font nullfont!
Missing character: There is no f in font nullfont!
Missing character: There is no u in font nullfont!
Missing character: There is no n in font nullfont!
Missing character: There is no c in font nullfont!
Missing character: There is no t in font nullfont!
Missing character: There is no i in font nullfont!
Missing character: There is no o in font nullfont!
Missing character: There is no n in font nullfont!
Missing character: There is no i in font nullfont!
Missing character: There is no s in font nullfont!
Missing character: There is no c in font nullfont!
Missing character: There is no o in font nullfont!
Missing character: There is no n in font nullfont!
Missing character: There is no t in font nullfont!
Missing character: There is no i in font nullfont!
Missing character: There is no n in font nullfont!
Missing character: There is no u in font nullfont!
Missing character: There is no o in font nullfont!
Missing character: There is no u in font nullfont!
Missing character: There is no s in font nullfont!
Missing character: There is no e in font nullfont!
Missing character: There is no v in font nullfont!
Missing character: There is no e in font nullfont!
Missing character: There is no r in font nullfont!
Missing character: There is no y in font nullfont!
Missing character: There is no w in font nullfont!
Missing character: There is no h in font nullfont!
Missing character: There is no e in font nullfont!
Missing character: There is no r in font nullfont!
Missing character: There is no e in font nullfont!
Missing character: There is no : in font nullfont!
Missing character: There is no i in font nullfont!
Missing character: There is no s in font nullfont!
Missing character: There is no c in font nullfont!
Missing character: There is no o in font nullfont!
Missing character: There is no n in font nullfont!
Missing character: There is no t in font nullfont!
Missing character: There is no i in font nullfont!
Missing character: There is no n in font nullfont!
Missing character: There is no u in font nullfont!
Missing character: There is no o in font nullfont!
Missing character: There is no u in font nullfont!
Missing character: There is no s in font nullfont!
Missing character: There is no a in font nullfont!
Missing character: There is no t in font nullfont!
Missing character: There is no e in font nullfont!
Missing character: There is no v in font nullfont!
Missing character: There is no e in font nullfont!
Missing character: There is no r in font nullfont!
Missing character: There is no y in font nullfont!
/home/jonzoda/Documents/school/2024/MTH5103/notes/final_complex_variable/input/note03.tex:119: Undefined control sequence.
l.119 ... z$ is continuous at every $z \in \mathbb
                                                  {C}$ (Check - from Def 5.1!)
The control sequence at the end of the top line
of your error message was never \def'ed. If you have
misspelled it (e.g., `\hobx'), type `I' and the correct
spelling (e.g., `I\hbox'). Otherwise just continue,
and I'll forget about whatever was undefined.

Missing character: There is no ( in font nullfont!
Missing character: There is no C in font nullfont!
Missing character: There is no h in font nullfont!
Missing character: There is no e in font nullfont!
Missing character: There is no c in font nullfont!
Missing character: There is no k in font nullfont!
Missing character: There is no - in font nullfont!
Missing character: There is no f in font nullfont!
Missing character: There is no r in font nullfont!
Missing character: There is no o in font nullfont!
Missing character: There is no m in font nullfont!
Missing character: There is no D in font nullfont!
Missing character: There is no e in font nullfont!
Missing character: There is no f in font nullfont!
Missing character: There is no 5 in font nullfont!
Missing character: There is no . in font nullfont!
Missing character: There is no 1 in font nullfont!
Missing character: There is no ! in font nullfont!
Missing character: There is no ) in font nullfont!
Missing character: There is no c in font nullfont!
Missing character: There is no ) in font nullfont!
Missing character: There is no C in font nullfont!
Missing character: There is no o in font nullfont!
Missing character: There is no m in font nullfont!
Missing character: There is no b in font nullfont!
Missing character: There is no i in font nullfont!
Missing character: There is no n in font nullfont!
Missing character: There is no i in font nullfont!
Missing character: There is no n in font nullfont!
Missing character: There is no g in font nullfont!
Missing character: There is no a in font nullfont!
Missing character: There is no ) in font nullfont!
Missing character: There is no , in font nullfont!
Missing character: There is no b in font nullfont!
Missing character: There is no ) in font nullfont!
Missing character: There is no , in font nullfont!
Missing character: There is no a in font nullfont!
Missing character: There is no n in font nullfont!
Missing character: There is no d in font nullfont!
Missing character: There is no P in font nullfont!
Missing character: There is no r in font nullfont!
Missing character: There is no o in font nullfont!
Missing character: There is no p in font nullfont!
Missing character: There is no 5 in font nullfont!
Missing character: There is no . in font nullfont!
Missing character: There is no 1 in font nullfont!
Missing character: There is no : in font nullfont!
Missing character: There is no W in font nullfont!
Missing character: There is no e in font nullfont!
Missing character: There is no c in font nullfont!
Missing character: There is no o in font nullfont!
Missing character: There is no n in font nullfont!
Missing character: There is no c in font nullfont!
Missing character: There is no l in font nullfont!
Missing character: There is no u in font nullfont!
Missing character: There is no d in font nullfont!
Missing character: There is no e in font nullfont!
Missing character: There is no t in font nullfont!
Missing character: There is no h in font nullfont!
Missing character: There is no a in font nullfont!
Missing character: There is no t in font nullfont!
Missing character: There is no t in font nullfont!
Missing character: There is no h in font nullfont!
Missing character: There is no e in font nullfont!
Missing character: There is no l in font nullfont!
Missing character: There is no i in font nullfont!
Missing character: There is no n in font nullfont!
Missing character: There is no e in font nullfont!
Missing character: There is no a in font nullfont!
Missing character: There is no r in font nullfont!
Missing character: There is no f in font nullfont!
Missing character: There is no u in font nullfont!
Missing character: There is no n in font nullfont!
Missing character: There is no c in font nullfont!
Missing character: There is no t in font nullfont!
Missing character: There is no i in font nullfont!
Missing character: There is no o in font nullfont!
Missing character: There is no n in font nullfont!
Missing character: There is no i in font nullfont!
Missing character: There is no s in font nullfont!
Missing character: There is no c in font nullfont!
Missing character: There is no o in font nullfont!
Missing character: There is no n in font nullfont!
Missing character: There is no t in font nullfont!
Missing character: There is no i in font nullfont!
Missing character: There is no n in font nullfont!
Missing character: There is no u in font nullfont!
Missing character: There is no o in font nullfont!
Missing character: There is no u in font nullfont!
Missing character: There is no s in font nullfont!
Missing character: There is no e in font nullfont!
Missing character: There is no v in font nullfont!
Missing character: There is no e in font nullfont!
Missing character: There is no r in font nullfont!
Missing character: There is no y in font nullfont!
Missing character: There is no w in font nullfont!
Missing character: There is no h in font nullfont!
Missing character: There is no e in font nullfont!
Missing character: There is no r in font nullfont!
Missing character: There is no e in font nullfont!
Missing character: There is no : in font nullfont!
Missing character: There is no f in font nullfont!
Missing character: There is no o in font nullfont!
Missing character: There is no r in font nullfont!
Missing character: There is no c in font nullfont!
Missing character: There is no o in font nullfont!
Missing character: There is no n in font nullfont!
Missing character: There is no s in font nullfont!
Missing character: There is no t in font nullfont!
Missing character: There is no a in font nullfont!
Missing character: There is no n in font nullfont!
Missing character: There is no t in font nullfont!
Missing character: There is no s in font nullfont!
/home/jonzoda/Documents/school/2024/MTH5103/notes/final_complex_variable/input/note03.tex:120: Undefined control sequence.
l.120 ...erywhere: for constants $a, b \in \mathbb
                                                  {C}$, $f(z) = az + b$ is c...
The control sequence at the end of the top line
of your error message was never \def'ed. If you have
misspelled it (e.g., `\hobx'), type `I' and the correct
spelling (e.g., `I\hbox'). Otherwise just continue,
and I'll forget about whatever was undefined.

Missing character: There is no , in font nullfont!
Missing character: There is no i in font nullfont!
Missing character: There is no s in font nullfont!
Missing character: There is no c in font nullfont!
Missing character: There is no o in font nullfont!
Missing character: There is no n in font nullfont!
Missing character: There is no t in font nullfont!
Missing character: There is no i in font nullfont!
Missing character: There is no n in font nullfont!
Missing character: There is no u in font nullfont!
Missing character: There is no o in font nullfont!
Missing character: There is no u in font nullfont!
Missing character: There is no s in font nullfont!
Missing character: There is no a in font nullfont!
Missing character: There is no t in font nullfont!
Missing character: There is no e in font nullfont!
Missing character: There is no v in font nullfont!
Missing character: There is no e in font nullfont!
Missing character: There is no r in font nullfont!
Missing character: There is no y in font nullfont!
/home/jonzoda/Documents/school/2024/MTH5103/notes/final_complex_variable/input/note03.tex:120: Undefined control sequence.
l.120 ... b$ is continuous at every $z \in \mathbb
                                                  {C}$.
The control sequence at the end of the top line
of your error message was never \def'ed. If you have
misspelled it (e.g., `\hobx'), type `I' and the correct
spelling (e.g., `I\hbox'). Otherwise just continue,
and I'll forget about whatever was undefined.

Missing character: There is no . in font nullfont!

Overfull \hbox (20.0pt too wide) in paragraph at lines 117--121
[]
 []


Overfull \hbox (13.62492pt too wide) in paragraph at lines 117--121
\OT1/cmr/bx/n/10 Ex
 []


Overfull \hbox (17.8888pt too wide) in paragraph at lines 117--121
\OT1/cmr/bx/n/10 7.1:
 []


Overfull \hbox (29.39587pt too wide) in paragraph at lines 117--121
\OML/cmm/m/it/10 f\OT1/cmr/m/n/10 (\OML/cmm/m/it/10 z\OT1/cmr/m/n/10 ) =
 []


Overfull \hbox (4.32756pt too wide) in paragraph at lines 117--121
\OML/cmm/m/it/10 c$
 []


Overfull \hbox (14.5347pt too wide) in paragraph at lines 117--121
\OML/cmm/m/it/10 z \OMS/cmsy/m/n/10 2
 []


Overfull \hbox (7.86249pt too wide) in paragraph at lines 117--121
\OML/cmm/m/it/10 C$
 []


Overfull \hbox (29.39587pt too wide) in paragraph at lines 117--121
\OML/cmm/m/it/10 f\OT1/cmr/m/n/10 (\OML/cmm/m/it/10 z\OT1/cmr/m/n/10 ) =
 []


Overfull \hbox (5.0903pt too wide) in paragraph at lines 117--121
\OML/cmm/m/it/10 z$
 []


Overfull \hbox (14.5347pt too wide) in paragraph at lines 117--121
\OML/cmm/m/it/10 z \OMS/cmsy/m/n/10 2
 []


Overfull \hbox (7.86249pt too wide) in paragraph at lines 117--121
\OML/cmm/m/it/10 C$
 []


Overfull \hbox (23.46635pt too wide) in paragraph at lines 117--121
\OML/cmm/m/it/10 a; b \OMS/cmsy/m/n/10 2
 []


Overfull \hbox (7.86249pt too wide) in paragraph at lines 117--121
\OML/cmm/m/it/10 C$
 []


Overfull \hbox (29.39587pt too wide) in paragraph at lines 117--121
\OML/cmm/m/it/10 f\OT1/cmr/m/n/10 (\OML/cmm/m/it/10 z\OT1/cmr/m/n/10 ) =
 []


Overfull \hbox (18.15399pt too wide) in paragraph at lines 117--121
\OML/cmm/m/it/10 az \OT1/cmr/m/n/10 +
 []


Overfull \hbox (4.29166pt too wide) in paragraph at lines 117--121
\OML/cmm/m/it/10 b$
 []


Overfull \hbox (14.5347pt too wide) in paragraph at lines 117--121
\OML/cmm/m/it/10 z \OMS/cmsy/m/n/10 2
 []


Overfull \hbox (7.86249pt too wide) in paragraph at lines 117--121
\OML/cmm/m/it/10 C$ 
 []

Missing character: There is no P in font nullfont!
Missing character: There is no r in font nullfont!
Missing character: There is no o in font nullfont!
Missing character: There is no v in font nullfont!
Missing character: There is no e in font nullfont!
Missing character: There is no t in font nullfont!
Missing character: There is no h in font nullfont!
Missing character: There is no a in font nullfont!
Missing character: There is no t in font nullfont!
/home/jonzoda/Documents/school/2024/MTH5103/notes/final_complex_variable/input/note03.tex:122: Undefined control sequence.
l.122 ...f{Ex 7.2:} Prove that $z^n, n \in \mathbb
                                                  {N}$ is continuous for all...
The control sequence at the end of the top line
of your error message was never \def'ed. If you have
misspelled it (e.g., `\hobx'), type `I' and the correct
spelling (e.g., `I\hbox'). Otherwise just continue,
and I'll forget about whatever was undefined.

Missing character: There is no i in font nullfont!
Missing character: There is no s in font nullfont!
Missing character: There is no c in font nullfont!
Missing character: There is no o in font nullfont!
Missing character: There is no n in font nullfont!
Missing character: There is no t in font nullfont!
Missing character: There is no i in font nullfont!
Missing character: There is no n in font nullfont!
Missing character: There is no u in font nullfont!
Missing character: There is no o in font nullfont!
Missing character: There is no u in font nullfont!
Missing character: There is no s in font nullfont!
Missing character: There is no f in font nullfont!
Missing character: There is no o in font nullfont!
Missing character: There is no r in font nullfont!
Missing character: There is no a in font nullfont!
Missing character: There is no l in font nullfont!
Missing character: There is no l in font nullfont!
/home/jonzoda/Documents/school/2024/MTH5103/notes/final_complex_variable/input/note03.tex:122: Undefined control sequence.
l.122 ...{N}$ is continuous for all $z \in \mathbb
                                                  {C}$.
The control sequence at the end of the top line
of your error message was never \def'ed. If you have
misspelled it (e.g., `\hobx'), type `I' and the correct
spelling (e.g., `I\hbox'). Otherwise just continue,
and I'll forget about whatever was undefined.

Missing character: There is no . in font nullfont!
Missing character: There is no P in font nullfont!
Missing character: There is no f in font nullfont!
Missing character: There is no : in font nullfont!
Missing character: There is no W in font nullfont!
Missing character: There is no e in font nullfont!
Missing character: There is no p in font nullfont!
Missing character: There is no r in font nullfont!
Missing character: There is no o in font nullfont!
Missing character: There is no v in font nullfont!
Missing character: There is no e in font nullfont!
Missing character: There is no i in font nullfont!
Missing character: There is no t in font nullfont!
Missing character: There is no b in font nullfont!
Missing character: There is no y in font nullfont!
Missing character: There is no c in font nullfont!
Missing character: There is no h in font nullfont!
Missing character: There is no e in font nullfont!
Missing character: There is no c in font nullfont!
Missing character: There is no k in font nullfont!
Missing character: There is no i in font nullfont!
Missing character: There is no n in font nullfont!
Missing character: There is no g in font nullfont!
Missing character: There is no t in font nullfont!
Missing character: There is no h in font nullfont!
Missing character: There is no e in font nullfont!
Missing character: There is no d in font nullfont!
Missing character: There is no e in font nullfont!
Missing character: There is no f in font nullfont!
Missing character: There is no i in font nullfont!
Missing character: There is no n in font nullfont!
Missing character: There is no i in font nullfont!
Missing character: There is no t in font nullfont!
Missing character: There is no i in font nullfont!
Missing character: There is no o in font nullfont!
Missing character: There is no n in font nullfont!
Missing character: There is no D in font nullfont!
Missing character: There is no e in font nullfont!
Missing character: There is no f in font nullfont!
Missing character: There is no 5 in font nullfont!
Missing character: There is no . in font nullfont!
Missing character: There is no 1 in font nullfont!
Missing character: There is no a in font nullfont!
Missing character: There is no t in font nullfont!
Missing character: There is no s in font nullfont!
Missing character: There is no o in font nullfont!
Missing character: There is no m in font nullfont!
Missing character: There is no e in font nullfont!
/home/jonzoda/Documents/school/2024/MTH5103/notes/final_complex_variable/input/note03.tex:123: Undefined control sequence.
l.123 ...finition Def 5.1 at some $z_0 \in \mathbb
                                                  {C}$. Consider:
The control sequence at the end of the top line
of your error message was never \def'ed. If you have
misspelled it (e.g., `\hobx'), type `I' and the correct
spelling (e.g., `I\hbox'). Otherwise just continue,
and I'll forget about whatever was undefined.

Missing character: There is no . in font nullfont!
Missing character: There is no C in font nullfont!
Missing character: There is no o in font nullfont!
Missing character: There is no n in font nullfont!
Missing character: There is no s in font nullfont!
Missing character: There is no i in font nullfont!
Missing character: There is no d in font nullfont!
Missing character: There is no e in font nullfont!
Missing character: There is no r in font nullfont!
Missing character: There is no : in font nullfont!

Overfull \hbox (33.62492pt too wide) in paragraph at lines 122--124
[]\OT1/cmr/bx/n/10 Ex
 []


Overfull \hbox (17.8888pt too wide) in paragraph at lines 122--124
\OT1/cmr/bx/n/10 7.2:
 []


Overfull \hbox (30.42479pt too wide) in paragraph at lines 122--124
\OML/cmm/m/it/10 z[]; n \OMS/cmsy/m/n/10 2
 []


Overfull \hbox (9.12497pt too wide) in paragraph at lines 122--124
\OML/cmm/m/it/10 N$
 []


Overfull \hbox (14.5347pt too wide) in paragraph at lines 122--124
\OML/cmm/m/it/10 z \OMS/cmsy/m/n/10 2
 []


Overfull \hbox (7.86249pt too wide) in paragraph at lines 122--124
\OML/cmm/m/it/10 C$
 []


Overfull \hbox (18.58102pt too wide) in paragraph at lines 122--124
\OML/cmm/m/it/10 z[] \OMS/cmsy/m/n/10 2
 []


Overfull \hbox (7.86249pt too wide) in paragraph at lines 122--124
\OML/cmm/m/it/10 C$
 []


Overfull \hbox (257.94647pt too wide) detected at line 124
\OML/cmm/m/it/10 z[] \OMS/cmsy/m/n/10 ^^@ \OML/cmm/m/it/10 z[] \OT1/cmr/m/n/10 = (\OML/cmm/m/it/10 z \OMS/cmsy/m/n/10 ^^@ \OML/cmm/m/it/10 z[]\OT1/cmr/m/n/10 )(\OML/cmm/m/it/10 z[] \OT1/cmr/m/n/10 + \OML/cmm/m/it/10 z[]z[] \OT1/cmr/m/n/10 + \OML/cmm/m/it/10 z[]z[] \OT1/cmr/m/n/10 + [] + \OML/cmm/m/it/10 zz[] \OT1/cmr/m/n/10 + \OML/cmm/m/it/10 z[]\OT1/cmr/m/n/10 )
 []

Missing character: There is no D in font nullfont!
Missing character: There is no e in font nullfont!
Missing character: There is no n in font nullfont!
Missing character: There is no o in font nullfont!
Missing character: There is no t in font nullfont!
Missing character: There is no e in font nullfont!
Missing character: There is no . in font nullfont!
Missing character: There is no T in font nullfont!
Missing character: There is no h in font nullfont!
Missing character: There is no e in font nullfont!
Missing character: There is no n in font nullfont!
Missing character: There is no , in font nullfont!
Missing character: There is no w in font nullfont!
Missing character: There is no e in font nullfont!
Missing character: There is no o in font nullfont!
Missing character: There is no b in font nullfont!
Missing character: There is no t in font nullfont!
Missing character: There is no a in font nullfont!
Missing character: There is no i in font nullfont!
Missing character: There is no n in font nullfont!

Overfull \hbox (21.20139pt too wide) in paragraph at lines 124--126
 $\OMS/cmsy/m/n/10 j\OML/cmm/m/it/10 z\OMS/cmsy/m/n/10 j \OT1/cmr/m/n/10 =
 []


Overfull \hbox (33.92593pt too wide) in paragraph at lines 124--126
\OML/cmm/m/it/10 r; \OMS/cmsy/m/n/10 j\OML/cmm/m/it/10 z[]\OMS/cmsy/m/n/10 j \OT1/cmr/m/n/10 =
 []


Overfull \hbox (8.99771pt too wide) in paragraph at lines 124--126
\OML/cmm/m/it/10 r[]$
 []


Overfull \hbox (221.51222pt too wide) detected at line 126
\OMS/cmsy/m/n/10 j\OML/cmm/m/it/10 z[] \OMS/cmsy/m/n/10 ^^@ \OML/cmm/m/it/10 z[]\OMS/cmsy/m/n/10 j ^^T j\OML/cmm/m/it/10 z \OMS/cmsy/m/n/10 ^^@ \OML/cmm/m/it/10 z[]\OMS/cmsy/m/n/10 j\OT1/cmr/m/n/10 (\OML/cmm/m/it/10 r[] \OT1/cmr/m/n/10 + \OML/cmm/m/it/10 r[]r[] \OT1/cmr/m/n/10 + [] + \OML/cmm/m/it/10 rr[] \OT1/cmr/m/n/10 + \OML/cmm/m/it/10 r[]\OT1/cmr/m/n/10 )
 []

Missing character: There is no L in font nullfont!
Missing character: There is no e in font nullfont!
Missing character: There is no t in font nullfont!
Missing character: There is no u in font nullfont!
Missing character: There is no s in font nullfont!
Missing character: There is no l in font nullfont!
Missing character: There is no o in font nullfont!
Missing character: There is no o in font nullfont!
Missing character: There is no k in font nullfont!
Missing character: There is no a in font nullfont!
Missing character: There is no t in font nullfont!
Missing character: There is no a in font nullfont!
Missing character: There is no l in font nullfont!
Missing character: There is no l in font nullfont!
Missing character: There is no t in font nullfont!
Missing character: There is no h in font nullfont!
Missing character: There is no e in font nullfont!
Missing character: There is no - in font nullfont!
Missing character: There is no s in font nullfont!
Missing character: There is no i in font nullfont!
Missing character: There is no n in font nullfont!
Missing character: There is no s in font nullfont!
Missing character: There is no i in font nullfont!
Missing character: There is no d in font nullfont!
Missing character: There is no e in font nullfont!
Missing character: There is no t in font nullfont!
Missing character: There is no h in font nullfont!
Missing character: There is no e in font nullfont!
Missing character: There is no d in font nullfont!
Missing character: There is no i in font nullfont!
Missing character: There is no s in font nullfont!
Missing character: There is no c in font nullfont!
Missing character: There is no o in font nullfont!
Missing character: There is no f in font nullfont!
Missing character: There is no r in font nullfont!
Missing character: There is no a in font nullfont!
Missing character: There is no d in font nullfont!
Missing character: There is no i in font nullfont!
Missing character: There is no u in font nullfont!
Missing character: There is no s in font nullfont!
Missing character: There is no c in font nullfont!
Missing character: There is no e in font nullfont!
Missing character: There is no n in font nullfont!
Missing character: There is no t in font nullfont!
Missing character: There is no e in font nullfont!
Missing character: There is no r in font nullfont!
Missing character: There is no e in font nullfont!
Missing character: There is no d in font nullfont!
Missing character: There is no a in font nullfont!
Missing character: There is no t in font nullfont!
/home/jonzoda/Documents/school/2024/MTH5103/notes/final_complex_variable/input/note03.tex:127: Undefined control sequence.
l.127 ...\delta$ centered at $z_0: \{z \in \mathbb
                                                  {C} | |z - z_0| < \delta\}...
The control sequence at the end of the top line
of your error message was never \def'ed. If you have
misspelled it (e.g., `\hobx'), type `I' and the correct
spelling (e.g., `I\hbox'). Otherwise just continue,
and I'll forget about whatever was undefined.

Missing character: There is no . in font nullfont!
Missing character: There is no F in font nullfont!
Missing character: There is no o in font nullfont!
Missing character: There is no r in font nullfont!
Missing character: There is no e in font nullfont!
Missing character: There is no v in font nullfont!
Missing character: There is no e in font nullfont!
Missing character: There is no r in font nullfont!
Missing character: There is no y in font nullfont!
Missing character: There is no i in font nullfont!
Missing character: There is no n in font nullfont!
Missing character: There is no t in font nullfont!
Missing character: There is no h in font nullfont!
Missing character: There is no i in font nullfont!
Missing character: There is no s in font nullfont!
Missing character: There is no s in font nullfont!
Missing character: There is no e in font nullfont!
Missing character: There is no t in font nullfont!
Missing character: There is no , in font nullfont!
Missing character: There is no t in font nullfont!
Missing character: There is no h in font nullfont!
Missing character: There is no u in font nullfont!
Missing character: There is no s in font nullfont!

/home/jonzoda/Documents/school/2024/MTH5103/notes/final_complex_variable/input/note03.tex:128: LaTeX Error: Environment align* undefined.

See the LaTeX manual or LaTeX Companion for explanation.
Type  H <return>  for immediate help.
 ...                                              
                                                  
l.128 \begin{align*}
                    
Your command was ignored.
Type  I <command> <return>  to replace it with another command,
or  <return>  to continue without it.

Missing character: There is no | in font nullfont!
Missing character: There is no z in font nullfont!
/home/jonzoda/Documents/school/2024/MTH5103/notes/final_complex_variable/input/note03.tex:129: Missing $ inserted.
<inserted text> 
                $
l.129 |z^
         n - z_0^n| &\leq |z - z_0|((r_0 + \delta)^{n-1} + (r_0 + \delta)^{n...
I've inserted a begin-math/end-math symbol since I think
you left one out. Proceed, with fingers crossed.

/home/jonzoda/Documents/school/2024/MTH5103/notes/final_complex_variable/input/note03.tex:129: Misplaced alignment tab character &.
l.129 |z^n - z_0^n| &
                     \leq |z - z_0|((r_0 + \delta)^{n-1} + (r_0 + \delta)^{n...
I can't figure out why you would want to use a tab mark
here. If you just want an ampersand, the remedy is
simple: Just type `I\&' now. But if some right brace
up above has ended a previous alignment prematurely,
you're probably due for more error messages, and you
might try typing `S' now just to see what is salvageable.

/home/jonzoda/Documents/school/2024/MTH5103/notes/final_complex_variable/input/note03.tex:130: Misplaced alignment tab character &.
<recently read> &
                 
l.130 &
       \leq |z - z_0| n(r_0 + \delta)^{n-1}
I can't figure out why you would want to use a tab mark
here. If you just want an ampersand, the remedy is
simple: Just type `I\&' now. But if some right brace
up above has ended a previous alignment prematurely,
you're probably due for more error messages, and you
might try typing `S' now just to see what is salvageable.


/home/jonzoda/Documents/school/2024/MTH5103/notes/final_complex_variable/input/note03.tex:131: LaTeX Error: \begin{document} ended by \end{align*}.

See the LaTeX manual or LaTeX Companion for explanation.
Type  H <return>  for immediate help.
 ...                                              
                                                  
l.131 \end{align*}
                  
Your command was ignored.
Type  I <command> <return>  to replace it with another command,
or  <return>  to continue without it.

/home/jonzoda/Documents/school/2024/MTH5103/notes/final_complex_variable/input/note03.tex:131: Missing $ inserted.
<inserted text> 
                $
l.131 \end{align*}
                  
I've inserted something that you may have forgotten.
(See the <inserted text> above.)
With luck, this will get me unwedged. But if you
really didn't forget anything, try typing `2' now; then
my insertion and my current dilemma will both disappear.

Missing character: There is no T in font nullfont!
Missing character: There is no h in font nullfont!
Missing character: There is no e in font nullfont!
Missing character: There is no c in font nullfont!
Missing character: There is no h in font nullfont!
Missing character: There is no o in font nullfont!
Missing character: There is no i in font nullfont!
Missing character: There is no c in font nullfont!
Missing character: There is no e in font nullfont!
Missing character: There is no o in font nullfont!
Missing character: There is no f in font nullfont!
Missing character: There is no s in font nullfont!
Missing character: There is no m in font nullfont!
Missing character: There is no a in font nullfont!
Missing character: There is no l in font nullfont!
Missing character: There is no l in font nullfont!
Missing character: There is no e in font nullfont!
Missing character: There is no n in font nullfont!
Missing character: There is no o in font nullfont!
Missing character: There is no u in font nullfont!
Missing character: There is no g in font nullfont!
Missing character: There is no h in font nullfont!
Missing character: There is no s in font nullfont!
Missing character: There is no o in font nullfont!
Missing character: There is no t in font nullfont!
Missing character: There is no h in font nullfont!
Missing character: There is no a in font nullfont!
Missing character: There is no t in font nullfont!
Missing character: There is no i in font nullfont!
Missing character: There is no s in font nullfont!
Missing character: There is no s in font nullfont!
Missing character: There is no m in font nullfont!
Missing character: There is no a in font nullfont!
Missing character: There is no l in font nullfont!
Missing character: There is no l in font nullfont!
Missing character: There is no e in font nullfont!
Missing character: There is no r in font nullfont!
Missing character: There is no t in font nullfont!
Missing character: There is no h in font nullfont!
Missing character: There is no a in font nullfont!
Missing character: There is no n in font nullfont!
Missing character: There is no t in font nullfont!
Missing character: There is no h in font nullfont!
Missing character: There is no e in font nullfont!
Missing character: There is no g in font nullfont!
Missing character: There is no i in font nullfont!
Missing character: There is no v in font nullfont!
Missing character: There is no e in font nullfont!
Missing character: There is no n in font nullfont!
Missing character: There is no f in font nullfont!
Missing character: There is no i in font nullfont!
Missing character: There is no n in font nullfont!
Missing character: There is no i in font nullfont!
Missing character: There is no s in font nullfont!
Missing character: There is no h in font nullfont!
Missing character: There is no e in font nullfont!
Missing character: There is no s in font nullfont!
Missing character: There is no t in font nullfont!
Missing character: There is no h in font nullfont!
Missing character: There is no e in font nullfont!
Missing character: There is no p in font nullfont!
Missing character: There is no r in font nullfont!
Missing character: There is no o in font nullfont!
Missing character: There is no o in font nullfont!
Missing character: There is no f in font nullfont!
Missing character: There is no . in font nullfont!

Overfull \hbox (5.0903pt too wide) in paragraph at lines 126--133
      $\OML/cmm/m/it/10 z$
 []


Overfull \hbox (4.8229pt too wide) in paragraph at lines 126--133
\OML/cmm/m/it/10 ^^N$
 []


Overfull \hbox (14.69212pt too wide) in paragraph at lines 126--133
\OML/cmm/m/it/10 z[] \OT1/cmr/m/n/10 :
 []


Overfull \hbox (19.53471pt too wide) in paragraph at lines 126--133
\OMS/cmsy/m/n/10 f\OML/cmm/m/it/10 z \OMS/cmsy/m/n/10 2
 []


Overfull \hbox (26.28616pt too wide) in paragraph at lines 126--133
\OML/cmm/m/it/10 C\OMS/cmsy/m/n/10 jj\OML/cmm/m/it/10 z \OMS/cmsy/m/n/10 ^^@
 []


Overfull \hbox (22.46992pt too wide) in paragraph at lines 126--133
\OML/cmm/m/it/10 z[]\OMS/cmsy/m/n/10 j \OML/cmm/m/it/10 <
 []


Overfull \hbox (9.82292pt too wide) in paragraph at lines 126--133
\OML/cmm/m/it/10 ^^N\OMS/cmsy/m/n/10 g$
 []


Overfull \hbox (5.0903pt too wide) in paragraph at lines 126--133
\OML/cmm/m/it/10 z$
 []


Overfull \hbox (15.34488pt too wide) in paragraph at lines 126--133
\OML/cmm/m/it/10 r \OT1/cmr/m/n/10 =
 []


Overfull \hbox (21.20139pt too wide) in paragraph at lines 126--133
\OMS/cmsy/m/n/10 j\OML/cmm/m/it/10 z\OMS/cmsy/m/n/10 j \OT1/cmr/m/n/10 =
 []


Overfull \hbox (15.64589pt too wide) in paragraph at lines 126--133
\OMS/cmsy/m/n/10 j\OML/cmm/m/it/10 z \OMS/cmsy/m/n/10 ^^@
 []


Overfull \hbox (16.91443pt too wide) in paragraph at lines 126--133
\OML/cmm/m/it/10 z[] \OT1/cmr/m/n/10 +
 []


Overfull \hbox (22.46992pt too wide) in paragraph at lines 126--133
\OML/cmm/m/it/10 z[]\OMS/cmsy/m/n/10 j ^^T
 []


Overfull \hbox (15.64589pt too wide) in paragraph at lines 126--133
\OMS/cmsy/m/n/10 j\OML/cmm/m/it/10 z \OMS/cmsy/m/n/10 ^^@
 []


Overfull \hbox (19.69221pt too wide) in paragraph at lines 126--133
\OML/cmm/m/it/10 z[]\OMS/cmsy/m/n/10 j \OT1/cmr/m/n/10 +
 []


Overfull \hbox (25.24771pt too wide) in paragraph at lines 126--133
\OMS/cmsy/m/n/10 j\OML/cmm/m/it/10 z[]\OMS/cmsy/m/n/10 j \OML/cmm/m/it/10 <
 []


Overfull \hbox (12.60071pt too wide) in paragraph at lines 126--133
\OML/cmm/m/it/10 ^^N \OT1/cmr/m/n/10 +
 []


Overfull \hbox (8.99771pt too wide) in paragraph at lines 126--133
\OML/cmm/m/it/10 r[]$
 []


Overfull \hbox (13.22113pt too wide) in paragraph at lines 126--133
[] \OMS/cmsy/m/n/10 ^^@
 []


Overfull \hbox (23.86693pt too wide) in paragraph at lines 126--133
\OML/cmm/m/it/10 z[]\OMS/cmsy/m/n/10 j ^^T
 []


Overfull \hbox (15.64589pt too wide) in paragraph at lines 126--133
\OMS/cmsy/m/n/10 j\OML/cmm/m/it/10 z \OMS/cmsy/m/n/10 ^^@
 []


Overfull \hbox (36.46773pt too wide) in paragraph at lines 126--133
\OML/cmm/m/it/10 z[]\OMS/cmsy/m/n/10 j\OT1/cmr/m/n/10 ((\OML/cmm/m/it/10 r[] \OT1/cmr/m/n/10 +
 []


Overfull \hbox (32.16908pt too wide) in paragraph at lines 126--133
\OML/cmm/m/it/10 ^^N\OT1/cmr/m/n/10 )[] +
 []


Overfull \hbox (20.66441pt too wide) in paragraph at lines 126--133
\OT1/cmr/m/n/10 (\OML/cmm/m/it/10 r[] \OT1/cmr/m/n/10 +
 []


Overfull \hbox (41.1668pt too wide) in paragraph at lines 126--133
\OML/cmm/m/it/10 ^^N\OT1/cmr/m/n/10 )[]\OML/cmm/m/it/10 r[] \OT1/cmr/m/n/10 +
 []


Overfull \hbox (19.44441pt too wide) in paragraph at lines 126--133
[] \OT1/cmr/m/n/10 +
 []


Overfull \hbox (20.66441pt too wide) in paragraph at lines 126--133
\OT1/cmr/m/n/10 (\OML/cmm/m/it/10 r[] \OT1/cmr/m/n/10 +
 []


Overfull \hbox (36.95845pt too wide) in paragraph at lines 126--133
\OML/cmm/m/it/10 ^^N\OT1/cmr/m/n/10 )\OML/cmm/m/it/10 r[] \OT1/cmr/m/n/10 +
 []


Overfull \hbox (24.35774pt too wide) in paragraph at lines 126--133
\OML/cmm/m/it/10 r[]\OT1/cmr/m/n/10 )[] 
 []


Overfull \hbox (7.7778pt too wide) in paragraph at lines 126--133
\OMS/cmsy/m/n/10 ^^T
 []


Overfull \hbox (15.64589pt too wide) in paragraph at lines 126--133
\OMS/cmsy/m/n/10 j\OML/cmm/m/it/10 z \OMS/cmsy/m/n/10 ^^@
 []


Overfull \hbox (38.58118pt too wide) in paragraph at lines 126--133
\OML/cmm/m/it/10 z[]\OMS/cmsy/m/n/10 j\OML/cmm/m/it/10 n\OT1/cmr/m/n/10 (\OML/cmm/m/it/10 r[] \OT1/cmr/m/n/10 +
 []


Overfull \hbox (24.39128pt too wide) in paragraph at lines 126--133
\OML/cmm/m/it/10 ^^N\OT1/cmr/m/n/10 )[]$
 []


Overfull \hbox (4.8229pt too wide) in paragraph at lines 126--133
\OML/cmm/m/it/10 ^^N$
 []


Overfull \hbox (21.08922pt too wide) in paragraph at lines 126--133
\OMS/cmsy/m/n/10 j\OML/cmm/m/it/10 z[] \OMS/cmsy/m/n/10 ^^@
 []


Overfull \hbox (13.31142pt too wide) in paragraph at lines 126--133
\OML/cmm/m/it/10 z[]\OMS/cmsy/m/n/10 j$
 []


Overfull \hbox (4.05904pt too wide) in paragraph at lines 126--133
\OML/cmm/m/it/10 ^^O$
 []

Missing character: There is no C in font nullfont!
Missing character: There is no o in font nullfont!
Missing character: There is no m in font nullfont!
Missing character: There is no b in font nullfont!
Missing character: There is no i in font nullfont!
Missing character: There is no n in font nullfont!
Missing character: There is no i in font nullfont!
Missing character: There is no n in font nullfont!
Missing character: There is no g in font nullfont!
Missing character: There is no P in font nullfont!
Missing character: There is no r in font nullfont!
Missing character: There is no o in font nullfont!
Missing character: There is no p in font nullfont!
Missing character: There is no 5 in font nullfont!
Missing character: There is no . in font nullfont!
Missing character: There is no 1 in font nullfont!
Missing character: There is no , in font nullfont!
Missing character: There is no E in font nullfont!
Missing character: There is no x in font nullfont!
Missing character: There is no 7 in font nullfont!
Missing character: There is no . in font nullfont!
Missing character: There is no 2 in font nullfont!
Missing character: There is no , in font nullfont!
Missing character: There is no a in font nullfont!
Missing character: There is no n in font nullfont!
Missing character: There is no d in font nullfont!
Missing character: There is no E in font nullfont!
Missing character: There is no x in font nullfont!
Missing character: There is no 7 in font nullfont!
Missing character: There is no . in font nullfont!
Missing character: There is no 1 in font nullfont!
Missing character: There is no a in font nullfont!
Missing character: There is no ) in font nullfont!
Missing character: There is no , in font nullfont!
Missing character: There is no b in font nullfont!
Missing character: There is no ) in font nullfont!
Missing character: There is no , in font nullfont!
Missing character: There is no w in font nullfont!
Missing character: There is no e in font nullfont!
Missing character: There is no c in font nullfont!
Missing character: There is no o in font nullfont!
Missing character: There is no n in font nullfont!
Missing character: There is no c in font nullfont!
Missing character: There is no l in font nullfont!
Missing character: There is no u in font nullfont!
Missing character: There is no d in font nullfont!
Missing character: There is no e in font nullfont!
Missing character: There is no : in font nullfont!
Missing character: There is no E in font nullfont!
Missing character: There is no v in font nullfont!
Missing character: There is no e in font nullfont!
Missing character: There is no r in font nullfont!
Missing character: There is no y in font nullfont!
Missing character: There is no p in font nullfont!
Missing character: There is no o in font nullfont!
Missing character: There is no l in font nullfont!
Missing character: There is no y in font nullfont!
Missing character: There is no n in font nullfont!
Missing character: There is no o in font nullfont!
Missing character: There is no m in font nullfont!
Missing character: There is no i in font nullfont!
Missing character: There is no a in font nullfont!
Missing character: There is no l in font nullfont!
Missing character: There is no w in font nullfont!
Missing character: There is no i in font nullfont!
Missing character: There is no t in font nullfont!
Missing character: There is no h in font nullfont!
Missing character: There is no c in font nullfont!
Missing character: There is no o in font nullfont!
Missing character: There is no m in font nullfont!
Missing character: There is no p in font nullfont!
Missing character: There is no l in font nullfont!
Missing character: There is no e in font nullfont!
Missing character: There is no x in font nullfont!
Missing character: There is no c in font nullfont!
Missing character: There is no o in font nullfont!
Missing character: There is no e in font nullfont!
Missing character: There is no f in font nullfont!
Missing character: There is no f in font nullfont!
Missing character: There is no i in font nullfont!
Missing character: There is no c in font nullfont!
Missing character: There is no i in font nullfont!
Missing character: There is no e in font nullfont!
Missing character: There is no n in font nullfont!
Missing character: There is no t in font nullfont!
Missing character: There is no s in font nullfont!
/home/jonzoda/Documents/school/2024/MTH5103/notes/final_complex_variable/input/note03.tex:135: Undefined control sequence.
l.135 ..._0, a_1, a_2, a_3, \dots, a_n \in \mathbb
                                                  {C}$ is continuous at ever...
The control sequence at the end of the top line
of your error message was never \def'ed. If you have
misspelled it (e.g., `\hobx'), type `I' and the correct
spelling (e.g., `I\hbox'). Otherwise just continue,
and I'll forget about whatever was undefined.

Missing character: There is no i in font nullfont!
Missing character: There is no s in font nullfont!
Missing character: There is no c in font nullfont!
Missing character: There is no o in font nullfont!
Missing character: There is no n in font nullfont!
Missing character: There is no t in font nullfont!
Missing character: There is no i in font nullfont!
Missing character: There is no n in font nullfont!
Missing character: There is no u in font nullfont!
Missing character: There is no o in font nullfont!
Missing character: There is no u in font nullfont!
Missing character: There is no s in font nullfont!
Missing character: There is no a in font nullfont!
Missing character: There is no t in font nullfont!
Missing character: There is no e in font nullfont!
Missing character: There is no v in font nullfont!
Missing character: There is no e in font nullfont!
Missing character: There is no r in font nullfont!
Missing character: There is no y in font nullfont!
/home/jonzoda/Documents/school/2024/MTH5103/notes/final_complex_variable/input/note03.tex:135: Undefined control sequence.
l.135 ...C}$ is continuous at every $z \in \mathbb
                                                  {C}$. Furthermore, every r...
The control sequence at the end of the top line
of your error message was never \def'ed. If you have
misspelled it (e.g., `\hobx'), type `I' and the correct
spelling (e.g., `I\hbox'). Otherwise just continue,
and I'll forget about whatever was undefined.

Missing character: There is no . in font nullfont!
Missing character: There is no F in font nullfont!
Missing character: There is no u in font nullfont!
Missing character: There is no r in font nullfont!
Missing character: There is no t in font nullfont!
Missing character: There is no h in font nullfont!
Missing character: There is no e in font nullfont!
Missing character: There is no r in font nullfont!
Missing character: There is no m in font nullfont!
Missing character: There is no o in font nullfont!
Missing character: There is no r in font nullfont!
Missing character: There is no e in font nullfont!
Missing character: There is no , in font nullfont!
Missing character: There is no e in font nullfont!
Missing character: There is no v in font nullfont!
Missing character: There is no e in font nullfont!
Missing character: There is no r in font nullfont!
Missing character: There is no y in font nullfont!
Missing character: There is no r in font nullfont!
Missing character: There is no a in font nullfont!
Missing character: There is no t in font nullfont!
Missing character: There is no i in font nullfont!
Missing character: There is no o in font nullfont!
Missing character: There is no n in font nullfont!
Missing character: There is no a in font nullfont!
Missing character: There is no l in font nullfont!
Missing character: There is no f in font nullfont!
Missing character: There is no u in font nullfont!
Missing character: There is no n in font nullfont!
Missing character: There is no c in font nullfont!
Missing character: There is no t in font nullfont!
Missing character: There is no i in font nullfont!
Missing character: There is no o in font nullfont!
Missing character: There is no n in font nullfont!
Missing character: There is no ( in font nullfont!
Missing character: There is no p in font nullfont!
Missing character: There is no o in font nullfont!
Missing character: There is no l in font nullfont!
Missing character: There is no y in font nullfont!
Missing character: There is no n in font nullfont!
Missing character: There is no o in font nullfont!
Missing character: There is no m in font nullfont!
Missing character: There is no i in font nullfont!
Missing character: There is no a in font nullfont!
Missing character: There is no l in font nullfont!
Missing character: There is no s in font nullfont!
Missing character: There is no o in font nullfont!
Missing character: There is no f in font nullfont!
Missing character: There is no d in font nullfont!
Missing character: There is no e in font nullfont!
Missing character: There is no g in font nullfont!
Missing character: There is no r in font nullfont!
Missing character: There is no e in font nullfont!
Missing character: There is no e in font nullfont!
Missing character: There is no r in font nullfont!
Missing character: There is no e in font nullfont!
Missing character: There is no s in font nullfont!
Missing character: There is no p in font nullfont!
Missing character: There is no e in font nullfont!
Missing character: There is no c in font nullfont!
Missing character: There is no t in font nullfont!
Missing character: There is no i in font nullfont!
Missing character: There is no v in font nullfont!
Missing character: There is no e in font nullfont!
Missing character: There is no l in font nullfont!
Missing character: There is no y in font nullfont!
Missing character: There is no ) in font nullfont!
Missing character: There is no i in font nullfont!
Missing character: There is no s in font nullfont!
Missing character: There is no c in font nullfont!
Missing character: There is no o in font nullfont!
Missing character: There is no n in font nullfont!
Missing character: There is no t in font nullfont!
Missing character: There is no i in font nullfont!
Missing character: There is no n in font nullfont!
Missing character: There is no u in font nullfont!
Missing character: There is no o in font nullfont!
Missing character: There is no u in font nullfont!
Missing character: There is no s in font nullfont!
Missing character: There is no a in font nullfont!
Missing character: There is no t in font nullfont!
Missing character: There is no e in font nullfont!
Missing character: There is no v in font nullfont!
Missing character: There is no e in font nullfont!
Missing character: There is no r in font nullfont!
Missing character: There is no y in font nullfont!
/home/jonzoda/Documents/school/2024/MTH5103/notes/final_complex_variable/input/note03.tex:135: Undefined control sequence.
l.135 ...ly) is continuous at every $z \in \mathbb
                                                  {C}$, except possibly at t...
The control sequence at the end of the top line
of your error message was never \def'ed. If you have
misspelled it (e.g., `\hobx'), type `I' and the correct
spelling (e.g., `I\hbox'). Otherwise just continue,
and I'll forget about whatever was undefined.

Missing character: There is no , in font nullfont!
Missing character: There is no e in font nullfont!
Missing character: There is no x in font nullfont!
Missing character: There is no c in font nullfont!
Missing character: There is no e in font nullfont!
Missing character: There is no p in font nullfont!
Missing character: There is no t in font nullfont!
Missing character: There is no p in font nullfont!
Missing character: There is no o in font nullfont!
Missing character: There is no s in font nullfont!
Missing character: There is no s in font nullfont!
Missing character: There is no i in font nullfont!
Missing character: There is no b in font nullfont!
Missing character: There is no l in font nullfont!
Missing character: There is no y in font nullfont!
Missing character: There is no a in font nullfont!
Missing character: There is no t in font nullfont!
Missing character: There is no t in font nullfont!
Missing character: There is no h in font nullfont!
Missing character: There is no e in font nullfont!
Missing character: There is no r in font nullfont!
Missing character: There is no o in font nullfont!
Missing character: There is no o in font nullfont!
Missing character: There is no t in font nullfont!
Missing character: There is no s in font nullfont!
Missing character: There is no o in font nullfont!
Missing character: There is no f in font nullfont!
Missing character: There is no . in font nullfont!

Overfull \hbox (20.0pt too wide) in paragraph at lines 134--136
[]
 []


Overfull \hbox (24.736pt too wide) in paragraph at lines 134--136
\OT1/cmr/bx/n/10 Prop
 []


Overfull \hbox (17.8888pt too wide) in paragraph at lines 134--136
\OT1/cmr/bx/n/10 5.3:
 []


Overfull \hbox (35.28708pt too wide) in paragraph at lines 134--136
\OML/cmm/m/it/10 P[]\OT1/cmr/m/n/10 (\OML/cmm/m/it/10 z\OT1/cmr/m/n/10 ) =
 []


Overfull \hbox (17.54982pt too wide) in paragraph at lines 134--136
\OML/cmm/m/it/10 a[] \OT1/cmr/m/n/10 +
 []


Overfull \hbox (22.64012pt too wide) in paragraph at lines 134--136
\OML/cmm/m/it/10 a[]z \OT1/cmr/m/n/10 +
 []


Overfull \hbox (27.12625pt too wide) in paragraph at lines 134--136
\OML/cmm/m/it/10 a[]z[] \OT1/cmr/m/n/10 +
 []


Overfull \hbox (19.44441pt too wide) in paragraph at lines 134--136
[] \OT1/cmr/m/n/10 +
 []


Overfull \hbox (21.26285pt too wide) in paragraph at lines 134--136
\OML/cmm/m/it/10 a[]z[]$
 []


Overfull \hbox (94.81699pt too wide) in paragraph at lines 134--136
\OML/cmm/m/it/10 a[]; a[]; a[]; a[]; [] ; a[] \OMS/cmsy/m/n/10 2
 []


Overfull \hbox (7.86249pt too wide) in paragraph at lines 134--136
\OML/cmm/m/it/10 C$
 []


Overfull \hbox (14.5347pt too wide) in paragraph at lines 134--136
\OML/cmm/m/it/10 z \OMS/cmsy/m/n/10 2
 []


Overfull \hbox (7.86249pt too wide) in paragraph at lines 134--136
\OML/cmm/m/it/10 C$
 []


Overfull \hbox (29.39587pt too wide) in paragraph at lines 134--136
\OML/cmm/m/it/10 f\OT1/cmr/m/n/10 (\OML/cmm/m/it/10 z\OT1/cmr/m/n/10 ) =
 []


Overfull \hbox (25.69562pt too wide) in paragraph at lines 134--136
[]$
 []


Overfull \hbox (31.80954pt too wide) in paragraph at lines 134--136
\OML/cmm/m/it/10 P[]; Q[]$
 []


Overfull \hbox (19.2269pt too wide) in paragraph at lines 134--136
\OML/cmm/m/it/10 n; m$
 []


Overfull \hbox (14.5347pt too wide) in paragraph at lines 134--136
\OML/cmm/m/it/10 z \OMS/cmsy/m/n/10 2
 []


Overfull \hbox (7.86249pt too wide) in paragraph at lines 134--136
\OML/cmm/m/it/10 C$
 []


Overfull \hbox (28.36977pt too wide) in paragraph at lines 134--136
\OML/cmm/m/it/10 Q[]\OT1/cmr/m/n/10 (\OML/cmm/m/it/10 z\OT1/cmr/m/n/10 )$ 
 []

Missing character: There is no " in font nullfont!
Missing character: There is no P in font nullfont!
Missing character: There is no o in font nullfont!
Missing character: There is no s in font nullfont!
Missing character: There is no s in font nullfont!
Missing character: There is no i in font nullfont!
Missing character: There is no b in font nullfont!
Missing character: There is no l in font nullfont!
Missing character: There is no y in font nullfont!
Missing character: There is no " in font nullfont!
Missing character: There is no s in font nullfont!
Missing character: There is no i in font nullfont!
Missing character: There is no n in font nullfont!
Missing character: There is no c in font nullfont!
Missing character: There is no e in font nullfont!
Missing character: There is no i in font nullfont!
Missing character: There is no f in font nullfont!
Missing character: There is no t in font nullfont!
Missing character: There is no h in font nullfont!
Missing character: There is no e in font nullfont!
Missing character: There is no r in font nullfont!
Missing character: There is no e in font nullfont!
Missing character: There is no i in font nullfont!
Missing character: There is no s in font nullfont!
Missing character: There is no a in font nullfont!
Missing character: There is no c in font nullfont!
Missing character: There is no o in font nullfont!
Missing character: There is no m in font nullfont!
Missing character: There is no m in font nullfont!
Missing character: There is no o in font nullfont!
Missing character: There is no n in font nullfont!
Missing character: There is no r in font nullfont!
Missing character: There is no o in font nullfont!
Missing character: There is no o in font nullfont!
Missing character: There is no t in font nullfont!
Missing character: There is no t in font nullfont!
Missing character: There is no o in font nullfont!
Missing character: There is no a in font nullfont!
Missing character: There is no n in font nullfont!
Missing character: There is no d in font nullfont!
Missing character: There is no t in font nullfont!
Missing character: There is no h in font nullfont!
Missing character: There is no a in font nullfont!
Missing character: There is no t in font nullfont!
Missing character: There is no c in font nullfont!
Missing character: There is no a in font nullfont!
Missing character: There is no n in font nullfont!
Missing character: There is no b in font nullfont!
Missing character: There is no e in font nullfont!
Missing character: There is no f in font nullfont!
Missing character: There is no a in font nullfont!
Missing character: There is no c in font nullfont!
Missing character: There is no t in font nullfont!
Missing character: There is no o in font nullfont!
Missing character: There is no r in font nullfont!
Missing character: There is no i in font nullfont!
Missing character: There is no z in font nullfont!
Missing character: There is no e in font nullfont!
Missing character: There is no d in font nullfont!
Missing character: There is no , in font nullfont!
Missing character: There is no t in font nullfont!
Missing character: There is no h in font nullfont!
Missing character: There is no e in font nullfont!
Missing character: There is no f in font nullfont!
Missing character: There is no u in font nullfont!
Missing character: There is no n in font nullfont!
Missing character: There is no c in font nullfont!
Missing character: There is no t in font nullfont!
Missing character: There is no i in font nullfont!
Missing character: There is no o in font nullfont!
Missing character: There is no n in font nullfont!
Missing character: There is no * in font nullfont!
Missing character: There is no m in font nullfont!
Missing character: There is no a in font nullfont!
Missing character: There is no y in font nullfont!
Missing character: There is no * in font nullfont!
Missing character: There is no b in font nullfont!
Missing character: There is no e in font nullfont!
Missing character: There is no c in font nullfont!
Missing character: There is no o in font nullfont!
Missing character: There is no n in font nullfont!
Missing character: There is no t in font nullfont!
Missing character: There is no i in font nullfont!
Missing character: There is no n in font nullfont!
Missing character: There is no u in font nullfont!
Missing character: There is no o in font nullfont!
Missing character: There is no u in font nullfont!
Missing character: There is no s in font nullfont!
Missing character: There is no a in font nullfont!
Missing character: There is no t in font nullfont!
Missing character: There is no t in font nullfont!
Missing character: There is no h in font nullfont!
Missing character: There is no a in font nullfont!
Missing character: There is no t in font nullfont!
Missing character: There is no r in font nullfont!
Missing character: There is no o in font nullfont!
Missing character: There is no o in font nullfont!
Missing character: There is no t in font nullfont!
Missing character: There is no . in font nullfont!
Missing character: There is no W in font nullfont!
Missing character: There is no e in font nullfont!
Missing character: There is no s in font nullfont!
Missing character: There is no a in font nullfont!
Missing character: There is no i in font nullfont!
Missing character: There is no d in font nullfont!
Missing character: There is no t in font nullfont!
Missing character: There is no h in font nullfont!
Missing character: There is no a in font nullfont!
Missing character: There is no t in font nullfont!
Missing character: There is no r in font nullfont!
Missing character: There is no a in font nullfont!
Missing character: There is no t in font nullfont!
Missing character: There is no i in font nullfont!
Missing character: There is no o in font nullfont!
Missing character: There is no n in font nullfont!
Missing character: There is no a in font nullfont!
Missing character: There is no l in font nullfont!
Missing character: There is no f in font nullfont!
Missing character: There is no u in font nullfont!
Missing character: There is no n in font nullfont!
Missing character: There is no c in font nullfont!
Missing character: There is no t in font nullfont!
Missing character: There is no i in font nullfont!
Missing character: There is no o in font nullfont!
Missing character: There is no n in font nullfont!
Missing character: There is no s in font nullfont!
Missing character: There is no a in font nullfont!
Missing character: There is no r in font nullfont!
Missing character: There is no e in font nullfont!
Missing character: There is no c in font nullfont!
Missing character: There is no o in font nullfont!
Missing character: There is no n in font nullfont!
Missing character: There is no t in font nullfont!
Missing character: There is no i in font nullfont!
Missing character: There is no n in font nullfont!
Missing character: There is no u in font nullfont!
Missing character: There is no o in font nullfont!
Missing character: There is no u in font nullfont!
Missing character: There is no s in font nullfont!
Missing character: There is no e in font nullfont!
Missing character: There is no x in font nullfont!
Missing character: There is no c in font nullfont!
Missing character: There is no e in font nullfont!
Missing character: There is no p in font nullfont!
Missing character: There is no t in font nullfont!
Missing character: There is no p in font nullfont!
Missing character: There is no o in font nullfont!
Missing character: There is no s in font nullfont!
Missing character: There is no s in font nullfont!
Missing character: There is no i in font nullfont!
Missing character: There is no b in font nullfont!
Missing character: There is no l in font nullfont!
Missing character: There is no y in font nullfont!
Missing character: There is no a in font nullfont!
Missing character: There is no t in font nullfont!
Missing character: There is no t in font nullfont!
Missing character: There is no h in font nullfont!
Missing character: There is no e in font nullfont!
Missing character: There is no r in font nullfont!
Missing character: There is no o in font nullfont!
Missing character: There is no o in font nullfont!
Missing character: There is no t in font nullfont!
Missing character: There is no s in font nullfont!
Missing character: There is no o in font nullfont!
Missing character: There is no f in font nullfont!
Missing character: There is no t in font nullfont!
Missing character: There is no h in font nullfont!
Missing character: There is no e in font nullfont!
Missing character: There is no d in font nullfont!
Missing character: There is no e in font nullfont!
Missing character: There is no n in font nullfont!
Missing character: There is no o in font nullfont!
Missing character: There is no m in font nullfont!
Missing character: There is no i in font nullfont!
Missing character: There is no n in font nullfont!
Missing character: There is no a in font nullfont!
Missing character: There is no t in font nullfont!
Missing character: There is no o in font nullfont!
Missing character: There is no r in font nullfont!
Missing character: There is no , in font nullfont!
Missing character: There is no h in font nullfont!
Missing character: There is no o in font nullfont!
Missing character: There is no w in font nullfont!
Missing character: There is no e in font nullfont!
Missing character: There is no v in font nullfont!
Missing character: There is no e in font nullfont!
Missing character: There is no r in font nullfont!
Missing character: There is no , in font nullfont!
Missing character: There is no r in font nullfont!
Missing character: There is no e in font nullfont!
Missing character: There is no c in font nullfont!
Missing character: There is no a in font nullfont!
Missing character: There is no l in font nullfont!
Missing character: There is no l in font nullfont!
Missing character: There is no i in font nullfont!
Missing character: There is no n in font nullfont!
Missing character: There is no g in font nullfont!
Missing character: There is no D in font nullfont!
Missing character: There is no e in font nullfont!
Missing character: There is no f in font nullfont!
Missing character: There is no 3 in font nullfont!
Missing character: There is no . in font nullfont!
Missing character: There is no 3 in font nullfont!
Missing character: There is no : in font nullfont!
Missing character: There is no D in font nullfont!
Missing character: There is no e in font nullfont!
Missing character: There is no f in font nullfont!
Missing character: There is no 3 in font nullfont!
Missing character: There is no . in font nullfont!
Missing character: There is no 3 in font nullfont!
/home/jonzoda/Documents/school/2024/MTH5103/notes/final_complex_variable/input/note03.tex:137: Undefined control sequence.
<recently read> \implies 
                         
l.137 ...ver, recalling Def 3.3: Def 3.3 $\implies
                                                  $ Rational functions can b...
The control sequence at the end of the top line
of your error message was never \def'ed. If you have
misspelled it (e.g., `\hobx'), type `I' and the correct
spelling (e.g., `I\hbox'). Otherwise just continue,
and I'll forget about whatever was undefined.

Missing character: There is no R in font nullfont!
Missing character: There is no a in font nullfont!
Missing character: There is no t in font nullfont!
Missing character: There is no i in font nullfont!
Missing character: There is no o in font nullfont!
Missing character: There is no n in font nullfont!
Missing character: There is no a in font nullfont!
Missing character: There is no l in font nullfont!
Missing character: There is no f in font nullfont!
Missing character: There is no u in font nullfont!
Missing character: There is no n in font nullfont!
Missing character: There is no c in font nullfont!
Missing character: There is no t in font nullfont!
Missing character: There is no i in font nullfont!
Missing character: There is no o in font nullfont!
Missing character: There is no n in font nullfont!
Missing character: There is no s in font nullfont!
Missing character: There is no c in font nullfont!
Missing character: There is no a in font nullfont!
Missing character: There is no n in font nullfont!
Missing character: There is no b in font nullfont!
Missing character: There is no e in font nullfont!
Missing character: There is no r in font nullfont!
Missing character: There is no e in font nullfont!
Missing character: There is no g in font nullfont!
Missing character: There is no a in font nullfont!
Missing character: There is no r in font nullfont!
Missing character: There is no d in font nullfont!
Missing character: There is no e in font nullfont!
Missing character: There is no d in font nullfont!
Missing character: There is no a in font nullfont!
Missing character: There is no s in font nullfont!
Missing character: There is no c in font nullfont!
Missing character: There is no o in font nullfont!
Missing character: There is no n in font nullfont!
Missing character: There is no t in font nullfont!
Missing character: There is no i in font nullfont!
Missing character: There is no n in font nullfont!
Missing character: There is no u in font nullfont!
Missing character: There is no o in font nullfont!
Missing character: There is no u in font nullfont!
Missing character: There is no s in font nullfont!
Missing character: There is no e in font nullfont!
Missing character: There is no v in font nullfont!
Missing character: There is no e in font nullfont!
Missing character: There is no r in font nullfont!
Missing character: There is no y in font nullfont!
Missing character: There is no w in font nullfont!
Missing character: There is no h in font nullfont!
Missing character: There is no e in font nullfont!
Missing character: There is no r in font nullfont!
Missing character: There is no e in font nullfont!
Missing character: There is no o in font nullfont!
Missing character: There is no n in font nullfont!
/home/jonzoda/Documents/school/2024/MTH5103/notes/final_complex_variable/input/note03.tex:137: Undefined control sequence.
<recently read> \mathbb 
                        
l.137 ...rded as continuous everywhere on $\mathbb
                                                  {C} \cup \{\infty\}$.
The control sequence at the end of the top line
of your error message was never \def'ed. If you have
misspelled it (e.g., `\hobx'), type `I' and the correct
spelling (e.g., `I\hbox'). Otherwise just continue,
and I'll forget about whatever was undefined.

Missing character: There is no . in font nullfont!

Overfull \hbox (20.0pt too wide) in paragraph at lines 137--138
[]
 []


Overfull \hbox (24.73157pt too wide) in paragraph at lines 137--138
\OML/cmm/m/it/10 P[]\OT1/cmr/m/n/10 (\OML/cmm/m/it/10 z\OT1/cmr/m/n/10 )$
 []


Overfull \hbox (28.36977pt too wide) in paragraph at lines 137--138
\OML/cmm/m/it/10 Q[]\OT1/cmr/m/n/10 (\OML/cmm/m/it/10 z\OT1/cmr/m/n/10 )$
 []


Overfull \hbox (14.52917pt too wide) in paragraph at lines 137--138
\OML/cmm/m/it/10 C \OMS/cmsy/m/n/10 [
 []


Overfull \hbox (20.00005pt too wide) in paragraph at lines 137--138
\OMS/cmsy/m/n/10 f1g$ 
 []

Missing character: There is no I in font nullfont!
Missing character: There is no n in font nullfont!
Missing character: There is no p in font nullfont!
Missing character: There is no r in font nullfont!
Missing character: There is no a in font nullfont!
Missing character: There is no c in font nullfont!
Missing character: There is no t in font nullfont!
Missing character: There is no i in font nullfont!
Missing character: There is no c in font nullfont!
Missing character: There is no e in font nullfont!
Missing character: There is no , in font nullfont!
Missing character: There is no o in font nullfont!
Missing character: There is no n in font nullfont!
Missing character: There is no e in font nullfont!
Missing character: There is no o in font nullfont!
Missing character: There is no f in font nullfont!
Missing character: There is no t in font nullfont!
Missing character: There is no h in font nullfont!
Missing character: There is no e in font nullfont!
Missing character: There is no b in font nullfont!
Missing character: There is no e in font nullfont!
Missing character: There is no s in font nullfont!
Missing character: There is no t in font nullfont!
Missing character: There is no w in font nullfont!
Missing character: There is no a in font nullfont!
Missing character: There is no y in font nullfont!
Missing character: There is no s in font nullfont!
Missing character: There is no o in font nullfont!
Missing character: There is no f in font nullfont!
Missing character: There is no d in font nullfont!
Missing character: There is no e in font nullfont!
Missing character: There is no a in font nullfont!
Missing character: There is no l in font nullfont!
Missing character: There is no i in font nullfont!
Missing character: There is no n in font nullfont!
Missing character: There is no g in font nullfont!
Missing character: There is no w in font nullfont!
Missing character: There is no i in font nullfont!
Missing character: There is no t in font nullfont!
Missing character: There is no h in font nullfont!
Missing character: There is no " in font nullfont!
Missing character: There is no " in font nullfont!
Missing character: There is no i in font nullfont!
Missing character: There is no n in font nullfont!
Missing character: There is no l in font nullfont!
Missing character: There is no i in font nullfont!
Missing character: There is no m in font nullfont!
Missing character: There is no i in font nullfont!
Missing character: There is no t in font nullfont!
Missing character: There is no s in font nullfont!
Missing character: There is no i in font nullfont!
Missing character: There is no s in font nullfont!
Missing character: There is no t in font nullfont!
Missing character: There is no o in font nullfont!
Missing character: There is no u in font nullfont!
Missing character: There is no s in font nullfont!
Missing character: There is no e in font nullfont!
Missing character: There is no s in font nullfont!
Missing character: There is no u in font nullfont!
Missing character: There is no b in font nullfont!
Missing character: There is no s in font nullfont!
Missing character: There is no t in font nullfont!
Missing character: There is no i in font nullfont!
Missing character: There is no t in font nullfont!
Missing character: There is no u in font nullfont!
Missing character: There is no t in font nullfont!
Missing character: There is no i in font nullfont!
Missing character: There is no o in font nullfont!
Missing character: There is no n in font nullfont!
Missing character: There is no a in font nullfont!
Missing character: There is no n in font nullfont!
Missing character: There is no d in font nullfont!
Missing character: There is no l in font nullfont!
Missing character: There is no e in font nullfont!
Missing character: There is no t in font nullfont!
Missing character: There is no . in font nullfont!

Overfull \hbox (20.0pt too wide) in paragraph at lines 139--140
[]
 []


Overfull \hbox (10.00002pt too wide) in paragraph at lines 139--140
\OMS/cmsy/m/n/10 1$
 []


Overfull \hbox (15.64581pt too wide) in paragraph at lines 139--140
\OML/cmm/m/it/10 z \OT1/cmr/m/n/10 =
 []


Overfull \hbox (6.49287pt too wide) in paragraph at lines 139--140
[]$
 []


Overfull \hbox (17.89058pt too wide) in paragraph at lines 139--140
\OML/cmm/m/it/10 ^^P \OMS/cmsy/m/n/10 !
 []


Overfull \hbox (5.00002pt too wide) in paragraph at lines 139--140
\OT1/cmr/m/n/10 0$ 
 []

Missing character: There is no 1 in font nullfont!
Missing character: There is no ) in font nullfont!
Missing character: There is no s in font nullfont!
Missing character: There is no i in font nullfont!
Missing character: There is no n in font nullfont!
Missing character: There is no c in font nullfont!
Missing character: There is no e in font nullfont!
Missing character: There is no . in font nullfont!

Overfull \hbox (33.62492pt too wide) in paragraph at lines 141--142
[]\OT1/cmr/bx/n/10 Ex
 []


Overfull \hbox (17.8888pt too wide) in paragraph at lines 141--142
\OT1/cmr/bx/n/10 7.3:
 []


Overfull \hbox (60.98228pt too wide) in paragraph at lines 141--142
[][] [] \OT1/cmr/m/n/10 =
 []


Overfull \hbox (10.00002pt too wide) in paragraph at lines 141--142
\OMS/cmsy/m/n/10 1$
 []


Overfull \hbox (68.38914pt too wide) in paragraph at lines 141--142
[][] [] \OT1/cmr/m/n/10 =
 []


Overfull \hbox (33.3167pt too wide) in paragraph at lines 141--142
[] \OT1/cmr/m/n/10 =
 []


Overfull \hbox (5.00002pt too wide) in paragraph at lines 141--142
\OT1/cmr/m/n/10 0$ 
 []


Overfull \hbox (20.0pt too wide) in paragraph at lines 143--143
[] 
 []

Missing character: There is no . in font nullfont!

Overfull \hbox (70.02808pt too wide) in paragraph at lines 145--146
[][] [] \OT1/cmr/m/n/10 =
 []


Overfull \hbox (67.91757pt too wide) in paragraph at lines 145--146
[][] [] \OT1/cmr/m/n/10 =
 []


Overfull \hbox (76.43857pt too wide) in paragraph at lines 145--146
[][] [] \OT1/cmr/m/n/10 =
 []


Overfull \hbox (108.88478pt too wide) in paragraph at lines 145--146
[][] \OML/cmm/m/it/10 ^^P [][] [] \OT1/cmr/m/n/10 =
 []


Overfull \hbox (7.7778pt too wide) in paragraph at lines 145--146
\OT1/cmr/m/n/10 0 \OMS/cmsy/m/n/10 ^^A
 []


Overfull \hbox (15.55553pt too wide) in paragraph at lines 145--146
\OT1/cmr/m/n/10 1 =
 []


Overfull \hbox (5.00002pt too wide) in paragraph at lines 145--146
\OT1/cmr/m/n/10 0$ 
 []

Missing character: There is no . in font nullfont!

Overfull \hbox (66.12524pt too wide) in paragraph at lines 146--147
[][] [] \OT1/cmr/m/n/10 =
 []


Overfull \hbox (60.02861pt too wide) in paragraph at lines 146--147
[][] [] \OT1/cmr/m/n/10 =
 []


Overfull \hbox (62.10953pt too wide) in paragraph at lines 146--147
[][] [] \OT1/cmr/m/n/10 =
 []


Overfull \hbox (47.1069pt too wide) in paragraph at lines 146--147
[][]\OT1/cmr/m/n/10 (5 +
 []


Overfull \hbox (76.22304pt too wide) in paragraph at lines 146--147
\OML/cmm/m/it/10 i^^P\OT1/cmr/m/n/10 ) [][] [] =
 []


Overfull \hbox (7.7778pt too wide) in paragraph at lines 146--147
\OT1/cmr/m/n/10 5 \OMS/cmsy/m/n/10 ^^A
 []


Overfull \hbox (15.55553pt too wide) in paragraph at lines 146--147
\OT1/cmr/m/n/10 1 =
 []


Overfull \hbox (5.00002pt too wide) in paragraph at lines 146--147
\OT1/cmr/m/n/10 5$ 
 []

Missing character: There is no I in font nullfont!
Missing character: There is no s in font nullfont!
Missing character: There is no c in font nullfont!
Missing character: There is no o in font nullfont!
Missing character: There is no n in font nullfont!
Missing character: There is no t in font nullfont!
Missing character: There is no i in font nullfont!
Missing character: There is no n in font nullfont!
Missing character: There is no u in font nullfont!
Missing character: There is no o in font nullfont!
Missing character: There is no u in font nullfont!
Missing character: There is no s in font nullfont!
Missing character: There is no a in font nullfont!
Missing character: There is no t in font nullfont!
Missing character: There is no ? in font nullfont!

Overfull \hbox (33.62492pt too wide) in paragraph at lines 149--150
[]\OT1/cmr/bx/n/10 Ex
 []


Overfull \hbox (17.8888pt too wide) in paragraph at lines 149--150
\OT1/cmr/bx/n/10 7.4:
 []


Overfull \hbox (23.36484pt too wide) in paragraph at lines 149--150
[]$
 []


Overfull \hbox (15.64581pt too wide) in paragraph at lines 149--150
\OML/cmm/m/it/10 z \OT1/cmr/m/n/10 =
 []


Overfull \hbox (8.44514pt too wide) in paragraph at lines 149--150
\OT1/cmr/m/n/10 2\OML/cmm/m/it/10 i$ 
 []

Missing character: There is no S in font nullfont!
Missing character: There is no o in font nullfont!
Missing character: There is no l in font nullfont!
Missing character: There is no : in font nullfont!
Missing character: There is no S in font nullfont!
Missing character: There is no i in font nullfont!
Missing character: There is no n in font nullfont!
Missing character: There is no c in font nullfont!
Missing character: There is no e in font nullfont!
Missing character: There is no , in font nullfont!
Missing character: There is no b in font nullfont!
Missing character: There is no y in font nullfont!
Missing character: There is no P in font nullfont!
Missing character: There is no r in font nullfont!
Missing character: There is no o in font nullfont!
Missing character: There is no p in font nullfont!
Missing character: There is no 5 in font nullfont!
Missing character: There is no . in font nullfont!
Missing character: There is no 1 in font nullfont!
Missing character: There is no : in font nullfont!
/home/jonzoda/Documents/school/2024/MTH5103/notes/final_complex_variable/input/note03.tex:151: Undefined control sequence.
<recently read> \implies 
                         
l.151 ... = \frac{-8i + 8i}{2i + 1} = 0$ $\implies
                                                  $ continuous. The function...
The control sequence at the end of the top line
of your error message was never \def'ed. If you have
misspelled it (e.g., `\hobx'), type `I' and the correct
spelling (e.g., `I\hbox'). Otherwise just continue,
and I'll forget about whatever was undefined.

Missing character: There is no c in font nullfont!
Missing character: There is no o in font nullfont!
Missing character: There is no n in font nullfont!
Missing character: There is no t in font nullfont!
Missing character: There is no i in font nullfont!
Missing character: There is no n in font nullfont!
Missing character: There is no u in font nullfont!
Missing character: There is no o in font nullfont!
Missing character: There is no u in font nullfont!
Missing character: There is no s in font nullfont!
Missing character: There is no . in font nullfont!
Missing character: There is no T in font nullfont!
Missing character: There is no h in font nullfont!
Missing character: There is no e in font nullfont!
Missing character: There is no f in font nullfont!
Missing character: There is no u in font nullfont!
Missing character: There is no n in font nullfont!
Missing character: There is no c in font nullfont!
Missing character: There is no t in font nullfont!
Missing character: There is no i in font nullfont!
Missing character: There is no o in font nullfont!
Missing character: There is no n in font nullfont!
Missing character: There is no i in font nullfont!
Missing character: There is no s in font nullfont!
Missing character: There is no d in font nullfont!
Missing character: There is no e in font nullfont!
Missing character: There is no f in font nullfont!
Missing character: There is no i in font nullfont!
Missing character: There is no n in font nullfont!
Missing character: There is no e in font nullfont!
Missing character: There is no d in font nullfont!
Missing character: There is no a in font nullfont!
Missing character: There is no t in font nullfont!
Missing character: There is no a in font nullfont!
Missing character: There is no n in font nullfont!
Missing character: There is no d in font nullfont!
Missing character: There is no i in font nullfont!
Missing character: There is no n in font nullfont!
Missing character: There is no a in font nullfont!
Missing character: There is no n in font nullfont!
Missing character: There is no e in font nullfont!
Missing character: There is no i in font nullfont!
Missing character: There is no g in font nullfont!
Missing character: There is no h in font nullfont!
Missing character: There is no b in font nullfont!
Missing character: There is no o in font nullfont!
Missing character: There is no r in font nullfont!
Missing character: There is no h in font nullfont!
Missing character: There is no o in font nullfont!
Missing character: There is no o in font nullfont!
Missing character: There is no d in font nullfont!
Missing character: There is no o in font nullfont!
Missing character: There is no f in font nullfont!
Missing character: There is no , in font nullfont!
Missing character: There is no t in font nullfont!
Missing character: There is no h in font nullfont!
Missing character: There is no e in font nullfont!
Missing character: There is no l in font nullfont!
Missing character: There is no i in font nullfont!
Missing character: There is no m in font nullfont!
Missing character: There is no i in font nullfont!
Missing character: There is no t in font nullfont!
Missing character: There is no e in font nullfont!
Missing character: There is no x in font nullfont!
Missing character: There is no i in font nullfont!
Missing character: There is no s in font nullfont!
Missing character: There is no t in font nullfont!
Missing character: There is no s in font nullfont!
Missing character: There is no a in font nullfont!
Missing character: There is no n in font nullfont!
Missing character: There is no d in font nullfont!
Missing character: There is no e in font nullfont!
Missing character: There is no q in font nullfont!
Missing character: There is no u in font nullfont!
Missing character: There is no a in font nullfont!
Missing character: There is no l in font nullfont!
Missing character: There is no t in font nullfont!
Missing character: There is no o in font nullfont!
Missing character: There is no t in font nullfont!
Missing character: There is no h in font nullfont!
Missing character: There is no e in font nullfont!
Missing character: There is no v in font nullfont!
Missing character: There is no a in font nullfont!
Missing character: There is no l in font nullfont!
Missing character: There is no u in font nullfont!
Missing character: There is no e in font nullfont!
Missing character: There is no o in font nullfont!
Missing character: There is no f in font nullfont!
Missing character: There is no t in font nullfont!
Missing character: There is no h in font nullfont!
Missing character: There is no e in font nullfont!
Missing character: There is no f in font nullfont!
Missing character: There is no u in font nullfont!
Missing character: There is no n in font nullfont!
Missing character: There is no c in font nullfont!
Missing character: There is no t in font nullfont!
Missing character: There is no i in font nullfont!
Missing character: There is no o in font nullfont!
Missing character: There is no n in font nullfont!
/home/jonzoda/Documents/school/2024/MTH5103/notes/final_complex_variable/input/note03.tex:151: Undefined control sequence.
<recently read> \implies 
                         
l.151 ...al to the value of the function $\implies
                                                  $ the function is continuo...
The control sequence at the end of the top line
of your error message was never \def'ed. If you have
misspelled it (e.g., `\hobx'), type `I' and the correct
spelling (e.g., `I\hbox'). Otherwise just continue,
and I'll forget about whatever was undefined.

Missing character: There is no t in font nullfont!
Missing character: There is no h in font nullfont!
Missing character: There is no e in font nullfont!
Missing character: There is no f in font nullfont!
Missing character: There is no u in font nullfont!
Missing character: There is no n in font nullfont!
Missing character: There is no c in font nullfont!
Missing character: There is no t in font nullfont!
Missing character: There is no i in font nullfont!
Missing character: There is no o in font nullfont!
Missing character: There is no n in font nullfont!
Missing character: There is no i in font nullfont!
Missing character: There is no s in font nullfont!
Missing character: There is no c in font nullfont!
Missing character: There is no o in font nullfont!
Missing character: There is no n in font nullfont!
Missing character: There is no t in font nullfont!
Missing character: There is no i in font nullfont!
Missing character: There is no n in font nullfont!
Missing character: There is no u in font nullfont!
Missing character: There is no o in font nullfont!
Missing character: There is no u in font nullfont!
Missing character: There is no s in font nullfont!
Missing character: There is no a in font nullfont!
Missing character: There is no t in font nullfont!
Missing character: There is no . in font nullfont!

Overfull \hbox (20.0pt too wide) in paragraph at lines 151--152
[]
 []


Overfull \hbox (16.22295pt too wide) in paragraph at lines 151--152
\OT1/cmr/m/n/10 2\OML/cmm/m/it/10 i \OT1/cmr/m/n/10 +
 []


Overfull \hbox (15.55553pt too wide) in paragraph at lines 151--152
\OT1/cmr/m/n/10 1 \OMS/cmsy/m/n/10 6\OT1/cmr/m/n/10 =
 []


Overfull \hbox (5.00002pt too wide) in paragraph at lines 151--152
\OT1/cmr/m/n/10 0$
 []


Overfull \hbox (68.87125pt too wide) in paragraph at lines 151--152
[][] [] \OT1/cmr/m/n/10 =
 []


Overfull \hbox (68.27246pt too wide) in paragraph at lines 151--152
[] \OT1/cmr/m/n/10 =
 []


Overfull \hbox (42.87811pt too wide) in paragraph at lines 151--152
[] \OT1/cmr/m/n/10 =
 []


Overfull \hbox (38.97527pt too wide) in paragraph at lines 151--152
[] \OT1/cmr/m/n/10 =
 []


Overfull \hbox (5.00002pt too wide) in paragraph at lines 151--152
\OT1/cmr/m/n/10 0$
 []


Overfull \hbox (15.64581pt too wide) in paragraph at lines 151--152
\OML/cmm/m/it/10 z \OT1/cmr/m/n/10 =
 []


Overfull \hbox (8.44514pt too wide) in paragraph at lines 151--152
\OT1/cmr/m/n/10 2\OML/cmm/m/it/10 i$
 []


Overfull \hbox (15.64581pt too wide) in paragraph at lines 151--152
\OML/cmm/m/it/10 z \OT1/cmr/m/n/10 =
 []


Overfull \hbox (8.44514pt too wide) in paragraph at lines 151--152
\OT1/cmr/m/n/10 2\OML/cmm/m/it/10 i$
 []


Overfull \hbox (15.64581pt too wide) in paragraph at lines 151--152
\OML/cmm/m/it/10 z \OT1/cmr/m/n/10 =
 []


Overfull \hbox (8.44514pt too wide) in paragraph at lines 151--152
\OT1/cmr/m/n/10 2\OML/cmm/m/it/10 i$ 
 []

/home/jonzoda/Documents/school/2024/MTH5103/notes/final_complex_variable/input/note03.tex:153: Undefined control sequence.
l.153 \section
              {Lectures 8+9}
The control sequence at the end of the top line
of your error message was never \def'ed. If you have
misspelled it (e.g., `\hobx'), type `I' and the correct
spelling (e.g., `I\hbox'). Otherwise just continue,
and I'll forget about whatever was undefined.

Missing character: There is no L in font nullfont!
Missing character: There is no e in font nullfont!
Missing character: There is no c in font nullfont!
Missing character: There is no t in font nullfont!
Missing character: There is no u in font nullfont!
Missing character: There is no r in font nullfont!
Missing character: There is no e in font nullfont!
Missing character: There is no s in font nullfont!
Missing character: There is no 8 in font nullfont!
Missing character: There is no + in font nullfont!
Missing character: There is no 9 in font nullfont!
Missing character: There is no W in font nullfont!
Missing character: There is no e in font nullfont!
Missing character: There is no h in font nullfont!
Missing character: There is no a in font nullfont!
Missing character: There is no v in font nullfont!
Missing character: There is no e in font nullfont!
Missing character: There is no s in font nullfont!
Missing character: There is no t in font nullfont!
Missing character: There is no u in font nullfont!
Missing character: There is no d in font nullfont!
Missing character: There is no i in font nullfont!
Missing character: There is no e in font nullfont!
Missing character: There is no d in font nullfont!
Missing character: There is no t in font nullfont!
Missing character: There is no h in font nullfont!
Missing character: There is no e in font nullfont!
Missing character: There is no l in font nullfont!
Missing character: There is no i in font nullfont!
Missing character: There is no m in font nullfont!
Missing character: There is no i in font nullfont!
Missing character: There is no t in font nullfont!
Missing character: There is no s in font nullfont!
Missing character: There is no a in font nullfont!
Missing character: There is no n in font nullfont!
Missing character: There is no d in font nullfont!
Missing character: There is no t in font nullfont!
Missing character: There is no h in font nullfont!
Missing character: There is no e in font nullfont!
Missing character: There is no c in font nullfont!
Missing character: There is no o in font nullfont!
Missing character: There is no n in font nullfont!
Missing character: There is no t in font nullfont!
Missing character: There is no i in font nullfont!
Missing character: There is no n in font nullfont!
Missing character: There is no u in font nullfont!
Missing character: There is no i in font nullfont!
Missing character: There is no t in font nullfont!
Missing character: There is no y in font nullfont!
Missing character: There is no o in font nullfont!
Missing character: There is no f in font nullfont!
Missing character: There is no c in font nullfont!
Missing character: There is no o in font nullfont!
Missing character: There is no m in font nullfont!
Missing character: There is no p in font nullfont!
Missing character: There is no l in font nullfont!
Missing character: There is no e in font nullfont!
Missing character: There is no x in font nullfont!
Missing character: There is no f in font nullfont!
Missing character: There is no u in font nullfont!
Missing character: There is no n in font nullfont!
Missing character: There is no c in font nullfont!
Missing character: There is no t in font nullfont!
Missing character: There is no i in font nullfont!
Missing character: There is no o in font nullfont!
Missing character: There is no n in font nullfont!
Missing character: There is no s in font nullfont!
Missing character: There is no . in font nullfont!
Missing character: There is no N in font nullfont!
Missing character: There is no o in font nullfont!
Missing character: There is no w in font nullfont!
Missing character: There is no w in font nullfont!
Missing character: There is no e in font nullfont!
Missing character: There is no w in font nullfont!
Missing character: There is no i in font nullfont!
Missing character: There is no l in font nullfont!
Missing character: There is no l in font nullfont!
Missing character: There is no s in font nullfont!
Missing character: There is no t in font nullfont!
Missing character: There is no u in font nullfont!
Missing character: There is no d in font nullfont!
Missing character: There is no y in font nullfont!
Missing character: There is no w in font nullfont!
Missing character: There is no h in font nullfont!
Missing character: There is no a in font nullfont!
Missing character: There is no t in font nullfont!
Missing character: There is no d in font nullfont!
Missing character: There is no o in font nullfont!
Missing character: There is no e in font nullfont!
Missing character: There is no s in font nullfont!
Missing character: There is no i in font nullfont!
Missing character: There is no t in font nullfont!
Missing character: There is no m in font nullfont!
Missing character: There is no e in font nullfont!
Missing character: There is no a in font nullfont!
Missing character: There is no n in font nullfont!
Missing character: There is no f in font nullfont!
Missing character: There is no o in font nullfont!
Missing character: There is no r in font nullfont!
Missing character: There is no t in font nullfont!
Missing character: There is no h in font nullfont!
Missing character: There is no e in font nullfont!
Missing character: There is no c in font nullfont!
Missing character: There is no o in font nullfont!
Missing character: There is no m in font nullfont!
Missing character: There is no p in font nullfont!
Missing character: There is no l in font nullfont!
Missing character: There is no e in font nullfont!
Missing character: There is no x in font nullfont!
Missing character: There is no f in font nullfont!
Missing character: There is no u in font nullfont!
Missing character: There is no n in font nullfont!
Missing character: There is no c in font nullfont!
Missing character: There is no t in font nullfont!
Missing character: There is no i in font nullfont!
Missing character: There is no o in font nullfont!
Missing character: There is no n in font nullfont!
Missing character: There is no t in font nullfont!
Missing character: There is no o in font nullfont!
Missing character: There is no b in font nullfont!
Missing character: There is no e in font nullfont!
Missing character: There is no d in font nullfont!
Missing character: There is no i in font nullfont!
Missing character: There is no f in font nullfont!
Missing character: There is no f in font nullfont!
Missing character: There is no e in font nullfont!
Missing character: There is no r in font nullfont!
Missing character: There is no e in font nullfont!
Missing character: There is no n in font nullfont!
Missing character: There is no t in font nullfont!
Missing character: There is no i in font nullfont!
Missing character: There is no a in font nullfont!
Missing character: There is no b in font nullfont!
Missing character: There is no l in font nullfont!
Missing character: There is no e in font nullfont!
Missing character: There is no . in font nullfont!

Overfull \hbox (20.0pt too wide) in paragraph at lines 153--155
[]
 []

/home/jonzoda/Documents/school/2024/MTH5103/notes/final_complex_variable/input/note03.tex:156: Undefined control sequence.
l.156 \section
              {Differentiability}
The control sequence at the end of the top line
of your error message was never \def'ed. If you have
misspelled it (e.g., `\hobx'), type `I' and the correct
spelling (e.g., `I\hbox'). Otherwise just continue,
and I'll forget about whatever was undefined.

Missing character: There is no D in font nullfont!
Missing character: There is no i in font nullfont!
Missing character: There is no f in font nullfont!
Missing character: There is no f in font nullfont!
Missing character: There is no e in font nullfont!
Missing character: There is no r in font nullfont!
Missing character: There is no e in font nullfont!
Missing character: There is no n in font nullfont!
Missing character: There is no t in font nullfont!
Missing character: There is no i in font nullfont!
Missing character: There is no a in font nullfont!
Missing character: There is no b in font nullfont!
Missing character: There is no i in font nullfont!
Missing character: There is no l in font nullfont!
Missing character: There is no i in font nullfont!
Missing character: There is no t in font nullfont!
Missing character: There is no y in font nullfont!
Missing character: There is no L in font nullfont!
Missing character: There is no e in font nullfont!
Missing character: There is no t in font nullfont!
Missing character: There is no b in font nullfont!
Missing character: There is no e in font nullfont!
Missing character: There is no d in font nullfont!
Missing character: There is no e in font nullfont!
Missing character: There is no f in font nullfont!
Missing character: There is no i in font nullfont!
Missing character: There is no n in font nullfont!
Missing character: There is no e in font nullfont!
Missing character: There is no d in font nullfont!
Missing character: There is no i in font nullfont!
Missing character: There is no n in font nullfont!
Missing character: There is no a in font nullfont!
Missing character: There is no n in font nullfont!
Missing character: There is no e in font nullfont!
Missing character: There is no i in font nullfont!
Missing character: There is no g in font nullfont!
Missing character: There is no h in font nullfont!
Missing character: There is no b in font nullfont!
Missing character: There is no o in font nullfont!
Missing character: There is no r in font nullfont!
Missing character: There is no h in font nullfont!
Missing character: There is no o in font nullfont!
Missing character: There is no o in font nullfont!
Missing character: There is no d in font nullfont!
Missing character: There is no o in font nullfont!
Missing character: There is no f in font nullfont!
Missing character: There is no a in font nullfont!
Missing character: There is no p in font nullfont!
Missing character: There is no o in font nullfont!
Missing character: There is no i in font nullfont!
Missing character: There is no n in font nullfont!
Missing character: There is no t in font nullfont!
/home/jonzoda/Documents/school/2024/MTH5103/notes/final_complex_variable/input/note03.tex:157: Undefined control sequence.
l.157 ... neighborhood of a point $z_0 \in \mathbb
                                                  {C}$. If the limit $\lim_{...
The control sequence at the end of the top line
of your error message was never \def'ed. If you have
misspelled it (e.g., `\hobx'), type `I' and the correct
spelling (e.g., `I\hbox'). Otherwise just continue,
and I'll forget about whatever was undefined.

Missing character: There is no . in font nullfont!
Missing character: There is no I in font nullfont!
Missing character: There is no f in font nullfont!
Missing character: There is no t in font nullfont!
Missing character: There is no h in font nullfont!
Missing character: There is no e in font nullfont!
Missing character: There is no l in font nullfont!
Missing character: There is no i in font nullfont!
Missing character: There is no m in font nullfont!
Missing character: There is no i in font nullfont!
Missing character: There is no t in font nullfont!
Missing character: There is no e in font nullfont!
Missing character: There is no x in font nullfont!
Missing character: There is no i in font nullfont!
Missing character: There is no s in font nullfont!
Missing character: There is no t in font nullfont!
Missing character: There is no s in font nullfont!
Missing character: There is no , in font nullfont!
Missing character: There is no t in font nullfont!
Missing character: There is no h in font nullfont!
Missing character: There is no e in font nullfont!
Missing character: There is no n in font nullfont!
Missing character: There is no i in font nullfont!
Missing character: There is no s in font nullfont!
Missing character: There is no d in font nullfont!
Missing character: There is no i in font nullfont!
Missing character: There is no f in font nullfont!
Missing character: There is no f in font nullfont!
Missing character: There is no e in font nullfont!
Missing character: There is no r in font nullfont!
Missing character: There is no e in font nullfont!
Missing character: There is no n in font nullfont!
Missing character: There is no t in font nullfont!
Missing character: There is no i in font nullfont!
Missing character: There is no a in font nullfont!
Missing character: There is no b in font nullfont!
Missing character: There is no l in font nullfont!
Missing character: There is no e in font nullfont!
Missing character: There is no a in font nullfont!
Missing character: There is no t in font nullfont!
Missing character: There is no a in font nullfont!
Missing character: There is no n in font nullfont!
Missing character: There is no d in font nullfont!
Missing character: There is no . in font nullfont!

Overfull \hbox (20.0pt too wide) in paragraph at lines 156--158
[]
 []


Overfull \hbox (17.60408pt too wide) in paragraph at lines 156--158
\OT1/cmr/bx/n/10 Def
 []


Overfull \hbox (14.69437pt too wide) in paragraph at lines 156--158
\OT1/cmr/bx/n/10 6.1
 []


Overfull \hbox (18.84036pt too wide) in paragraph at lines 156--158
\OML/cmm/m/it/10 f\OT1/cmr/m/n/10 (\OML/cmm/m/it/10 z\OT1/cmr/m/n/10 )$
 []


Overfull \hbox (18.58102pt too wide) in paragraph at lines 156--158
\OML/cmm/m/it/10 z[] \OMS/cmsy/m/n/10 2
 []


Overfull \hbox (7.86249pt too wide) in paragraph at lines 156--158
\OML/cmm/m/it/10 C$
 []


Overfull \hbox (78.20836pt too wide) in paragraph at lines 156--158
[][] []$
 []


Overfull \hbox (5.97226pt too wide) in paragraph at lines 156--158
\OML/cmm/m/it/10 f$
 []


Overfull \hbox (9.13663pt too wide) in paragraph at lines 156--158
\OML/cmm/m/it/10 z[]$
 []


Overfull \hbox (36.24776pt too wide) in paragraph at lines 156--158
\OML/cmm/m/it/10 f[]\OT1/cmr/m/n/10 (\OML/cmm/m/it/10 z[]\OT1/cmr/m/n/10 ) =
 []


Overfull \hbox (78.20836pt too wide) in paragraph at lines 156--158
[][] []$ 
 []

Missing character: There is no A in font nullfont!
Missing character: There is no l in font nullfont!
Missing character: There is no t in font nullfont!
Missing character: There is no e in font nullfont!
Missing character: There is no r in font nullfont!
Missing character: There is no n in font nullfont!
Missing character: There is no a in font nullfont!
Missing character: There is no t in font nullfont!
Missing character: There is no i in font nullfont!
Missing character: There is no v in font nullfont!
Missing character: There is no e in font nullfont!
Missing character: There is no n in font nullfont!
Missing character: There is no o in font nullfont!
Missing character: There is no t in font nullfont!
Missing character: There is no a in font nullfont!
Missing character: There is no t in font nullfont!
Missing character: There is no i in font nullfont!
Missing character: There is no o in font nullfont!
Missing character: There is no n in font nullfont!
Missing character: There is no : in font nullfont!
Missing character: There is no D in font nullfont!
Missing character: There is no e in font nullfont!
Missing character: There is no n in font nullfont!
Missing character: There is no o in font nullfont!
Missing character: There is no t in font nullfont!
Missing character: There is no e in font nullfont!
Missing character: There is no . in font nullfont!
Missing character: There is no T in font nullfont!
Missing character: There is no h in font nullfont!
Missing character: There is no e in font nullfont!
Missing character: There is no n in font nullfont!
Missing character: There is no . in font nullfont!

Overfull \hbox (20.0pt too wide) in paragraph at lines 159--160
[]
 []


Overfull \hbox (23.97917pt too wide) in paragraph at lines 159--160
\OT1/cmr/m/n/10 ^^A\OML/cmm/m/it/10 z \OT1/cmr/m/n/10 =
 []


Overfull \hbox (12.8681pt too wide) in paragraph at lines 159--160
\OML/cmm/m/it/10 z \OMS/cmsy/m/n/10 ^^@
 []


Overfull \hbox (9.13663pt too wide) in paragraph at lines 159--160
\OML/cmm/m/it/10 z[]$
 []


Overfull \hbox (36.24776pt too wide) in paragraph at lines 159--160
\OML/cmm/m/it/10 f[]\OT1/cmr/m/n/10 (\OML/cmm/m/it/10 z[]\OT1/cmr/m/n/10 ) =
 []


Overfull \hbox (101.47235pt too wide) in paragraph at lines 159--160
[][] []$ 
 []

Missing character: There is no U in font nullfont!
Missing character: There is no s in font nullfont!
Missing character: There is no i in font nullfont!
Missing character: There is no n in font nullfont!
Missing character: There is no g in font nullfont!
Missing character: There is no D in font nullfont!
Missing character: There is no e in font nullfont!
Missing character: There is no f in font nullfont!
Missing character: There is no 6 in font nullfont!
Missing character: There is no . in font nullfont!
Missing character: There is no 1 in font nullfont!
Missing character: There is no c in font nullfont!
Missing character: There is no o in font nullfont!
Missing character: There is no m in font nullfont!
Missing character: There is no p in font nullfont!
Missing character: There is no u in font nullfont!
Missing character: There is no t in font nullfont!
Missing character: There is no e in font nullfont!
Missing character: There is no t in font nullfont!
Missing character: There is no h in font nullfont!
Missing character: There is no e in font nullfont!
Missing character: There is no d in font nullfont!
Missing character: There is no e in font nullfont!
Missing character: There is no r in font nullfont!
Missing character: There is no i in font nullfont!
Missing character: There is no v in font nullfont!
Missing character: There is no a in font nullfont!
Missing character: There is no t in font nullfont!
Missing character: There is no i in font nullfont!
Missing character: There is no v in font nullfont!
Missing character: There is no e in font nullfont!
Missing character: There is no o in font nullfont!
Missing character: There is no f in font nullfont!
Missing character: There is no a in font nullfont!
Missing character: There is no ) in font nullfont!
Missing character: There is no b in font nullfont!
Missing character: There is no ) in font nullfont!
Missing character: There is no . in font nullfont!

Overfull \hbox (33.62492pt too wide) in paragraph at lines 161--162
[]\OT1/cmr/bx/n/10 Ex
 []


Overfull \hbox (17.8888pt too wide) in paragraph at lines 161--162
\OT1/cmr/bx/n/10 8.1:
 []


Overfull \hbox (29.39587pt too wide) in paragraph at lines 161--162
\OML/cmm/m/it/10 f\OT1/cmr/m/n/10 (\OML/cmm/m/it/10 z\OT1/cmr/m/n/10 ) =
 []


Overfull \hbox (5.0903pt too wide) in paragraph at lines 161--162
\OML/cmm/m/it/10 z$
 []


Overfull \hbox (29.39587pt too wide) in paragraph at lines 161--162
\OML/cmm/m/it/10 f\OT1/cmr/m/n/10 (\OML/cmm/m/it/10 z\OT1/cmr/m/n/10 ) =
 []


Overfull \hbox (9.57643pt too wide) in paragraph at lines 161--162
\OML/cmm/m/it/10 z[]$ 
 []

Missing character: There is no S in font nullfont!
Missing character: There is no o in font nullfont!
Missing character: There is no l in font nullfont!
Missing character: There is no : in font nullfont!
Missing character: There is no a in font nullfont!
Missing character: There is no ) in font nullfont!
/home/jonzoda/Documents/school/2024/MTH5103/notes/final_complex_variable/input/note03.tex:163: Undefined control sequence.
l.163 ...0} \frac{\Delta z}{\Delta z} = 1 \implies
                                                   f'(z)$ exists for all $z$...
The control sequence at the end of the top line
of your error message was never \def'ed. If you have
misspelled it (e.g., `\hobx'), type `I' and the correct
spelling (e.g., `I\hbox'). Otherwise just continue,
and I'll forget about whatever was undefined.

Missing character: There is no e in font nullfont!
Missing character: There is no x in font nullfont!
Missing character: There is no i in font nullfont!
Missing character: There is no s in font nullfont!
Missing character: There is no t in font nullfont!
Missing character: There is no s in font nullfont!
Missing character: There is no f in font nullfont!
Missing character: There is no o in font nullfont!
Missing character: There is no r in font nullfont!
Missing character: There is no a in font nullfont!
Missing character: There is no l in font nullfont!
Missing character: There is no l in font nullfont!
Missing character: There is no a in font nullfont!
Missing character: There is no n in font nullfont!
Missing character: There is no d in font nullfont!
Missing character: There is no . in font nullfont!

Overfull \hbox (20.0pt too wide) in paragraph at lines 163--164
[]
 []


Overfull \hbox (112.02786pt too wide) in paragraph at lines 163--164
[][] [] \OT1/cmr/m/n/10 =
 []


Overfull \hbox (90.15964pt too wide) in paragraph at lines 163--164
[][] [] \OT1/cmr/m/n/10 =
 []


Overfull \hbox (62.32375pt too wide) in paragraph at lines 163--164
[][] [] \OT1/cmr/m/n/10 =
 []


Overfull \hbox (26.64594pt too wide) in paragraph at lines 163--164
\OT1/cmr/m/n/10 1\OML/cmm/m/it/10 f[]\OT1/cmr/m/n/10 (\OML/cmm/m/it/10 z\OT1/cmr/m/n/10 )$
 []


Overfull \hbox (5.0903pt too wide) in paragraph at lines 163--164
\OML/cmm/m/it/10 z$
 []


Overfull \hbox (32.20143pt too wide) in paragraph at lines 163--164
\OML/cmm/m/it/10 f[]\OT1/cmr/m/n/10 (\OML/cmm/m/it/10 z\OT1/cmr/m/n/10 ) =
 []


Overfull \hbox (5.00002pt too wide) in paragraph at lines 163--164
\OT1/cmr/m/n/10 1$ 
 []

Missing character: There is no b in font nullfont!
Missing character: There is no ) in font nullfont!
/home/jonzoda/Documents/school/2024/MTH5103/notes/final_complex_variable/input/note03.tex:165: Undefined control sequence.
l.165 ...{\Delta z \to 0} \Delta z = 2z_0 \implies
                                                   f'(z)$ exists for all $z$...
The control sequence at the end of the top line
of your error message was never \def'ed. If you have
misspelled it (e.g., `\hobx'), type `I' and the correct
spelling (e.g., `I\hbox'). Otherwise just continue,
and I'll forget about whatever was undefined.

Missing character: There is no e in font nullfont!
Missing character: There is no x in font nullfont!
Missing character: There is no i in font nullfont!
Missing character: There is no s in font nullfont!
Missing character: There is no t in font nullfont!
Missing character: There is no s in font nullfont!
Missing character: There is no f in font nullfont!
Missing character: There is no o in font nullfont!
Missing character: There is no r in font nullfont!
Missing character: There is no a in font nullfont!
Missing character: There is no l in font nullfont!
Missing character: There is no l in font nullfont!
Missing character: There is no a in font nullfont!
Missing character: There is no n in font nullfont!
Missing character: There is no d in font nullfont!
Missing character: There is no . in font nullfont!

Overfull \hbox (20.0pt too wide) in paragraph at lines 165--166
[]
 []


Overfull \hbox (112.02786pt too wide) in paragraph at lines 165--166
[][] [] \OT1/cmr/m/n/10 =
 []


Overfull \hbox (100.59953pt too wide) in paragraph at lines 165--166
[][] [] \OT1/cmr/m/n/10 =
 []


Overfull \hbox (123.16222pt too wide) in paragraph at lines 165--166
[][] [] \OT1/cmr/m/n/10 =
 []


Overfull \hbox (97.09946pt too wide) in paragraph at lines 165--166
[][] [] \OT1/cmr/m/n/10 =
 []


Overfull \hbox (21.91444pt too wide) in paragraph at lines 165--166
\OT1/cmr/m/n/10 2\OML/cmm/m/it/10 z[] \OT1/cmr/m/n/10 +
 []


Overfull \hbox (62.67026pt too wide) in paragraph at lines 165--166
[][] \OT1/cmr/m/n/10 ^^A\OML/cmm/m/it/10 z \OT1/cmr/m/n/10 =
 []


Overfull \hbox (35.78256pt too wide) in paragraph at lines 165--166
\OT1/cmr/m/n/10 2\OML/cmm/m/it/10 z[]f[]\OT1/cmr/m/n/10 (\OML/cmm/m/it/10 z\OT1/cmr/m/n/10 )$
 []


Overfull \hbox (5.0903pt too wide) in paragraph at lines 165--166
\OML/cmm/m/it/10 z$
 []


Overfull \hbox (32.20143pt too wide) in paragraph at lines 165--166
\OML/cmm/m/it/10 f[]\OT1/cmr/m/n/10 (\OML/cmm/m/it/10 z\OT1/cmr/m/n/10 ) =
 []


Overfull \hbox (10.09032pt too wide) in paragraph at lines 165--166
\OT1/cmr/m/n/10 2\OML/cmm/m/it/10 z$ 
 []

Missing character: There is no P in font nullfont!
Missing character: There is no r in font nullfont!
Missing character: There is no o in font nullfont!
Missing character: There is no v in font nullfont!
Missing character: There is no e in font nullfont!
Missing character: There is no t in font nullfont!
Missing character: There is no h in font nullfont!
Missing character: There is no a in font nullfont!
Missing character: There is no t in font nullfont!
Missing character: There is no f in font nullfont!
Missing character: There is no o in font nullfont!
Missing character: There is no r in font nullfont!
Missing character: There is no a in font nullfont!
Missing character: There is no n in font nullfont!
Missing character: There is no y in font nullfont!
/home/jonzoda/Documents/school/2024/MTH5103/notes/final_complex_variable/input/note03.tex:167: Undefined control sequence.
l.167 ...x 8.2:} Prove that for any $n \in \mathbb
                                                  {N}$, $(z^n)' = nz^{n-1}$ ...
The control sequence at the end of the top line
of your error message was never \def'ed. If you have
misspelled it (e.g., `\hobx'), type `I' and the correct
spelling (e.g., `I\hbox'). Otherwise just continue,
and I'll forget about whatever was undefined.

Missing character: There is no , in font nullfont!
Missing character: There is no f in font nullfont!
Missing character: There is no o in font nullfont!
Missing character: There is no r in font nullfont!
Missing character: There is no a in font nullfont!
Missing character: There is no l in font nullfont!
Missing character: There is no l in font nullfont!
/home/jonzoda/Documents/school/2024/MTH5103/notes/final_complex_variable/input/note03.tex:167: Undefined control sequence.
l.167 ...(z^n)' = nz^{n-1}$ for all $z \in \mathbb
                                                  {C}$.
The control sequence at the end of the top line
of your error message was never \def'ed. If you have
misspelled it (e.g., `\hobx'), type `I' and the correct
spelling (e.g., `I\hbox'). Otherwise just continue,
and I'll forget about whatever was undefined.

Missing character: There is no . in font nullfont!

Overfull \hbox (33.62492pt too wide) in paragraph at lines 167--168
[]\OT1/cmr/bx/n/10 Ex
 []


Overfull \hbox (17.8888pt too wide) in paragraph at lines 167--168
\OT1/cmr/bx/n/10 8.2:
 []


Overfull \hbox (15.44675pt too wide) in paragraph at lines 167--168
\OML/cmm/m/it/10 n \OMS/cmsy/m/n/10 2
 []


Overfull \hbox (9.12497pt too wide) in paragraph at lines 167--168
\OML/cmm/m/it/10 N$
 []


Overfull \hbox (31.6725pt too wide) in paragraph at lines 167--168
\OT1/cmr/m/n/10 (\OML/cmm/m/it/10 z[]\OT1/cmr/m/n/10 )[] =
 []


Overfull \hbox (26.77213pt too wide) in paragraph at lines 167--168
\OML/cmm/m/it/10 nz[]$
 []


Overfull \hbox (14.5347pt too wide) in paragraph at lines 167--168
\OML/cmm/m/it/10 z \OMS/cmsy/m/n/10 2
 []


Overfull \hbox (7.86249pt too wide) in paragraph at lines 167--168
\OML/cmm/m/it/10 C$ 
 []

Missing character: There is no P in font nullfont!
Missing character: There is no f in font nullfont!
Missing character: There is no : in font nullfont!
Missing character: There is no R in font nullfont!
Missing character: There is no e in font nullfont!
Missing character: There is no c in font nullfont!
Missing character: There is no a in font nullfont!
Missing character: There is no l in font nullfont!
Missing character: There is no l in font nullfont!
Missing character: There is no : in font nullfont!
/home/jonzoda/Documents/school/2024/MTH5103/notes/final_complex_variable/input/note03.tex:169: Undefined control sequence.
l.169 ...ecall: $(a + b)^n = \sum_{k=0}^{n} \binom
                                                  {n}{k} a^k b^{n-k}$, where...
The control sequence at the end of the top line
of your error message was never \def'ed. If you have
misspelled it (e.g., `\hobx'), type `I' and the correct
spelling (e.g., `I\hbox'). Otherwise just continue,
and I'll forget about whatever was undefined.

Missing character: There is no , in font nullfont!
Missing character: There is no w in font nullfont!
Missing character: There is no h in font nullfont!
Missing character: There is no e in font nullfont!
Missing character: There is no r in font nullfont!
Missing character: There is no e in font nullfont!
/home/jonzoda/Documents/school/2024/MTH5103/notes/final_complex_variable/input/note03.tex:169: Undefined control sequence.
<recently read> \binom 
                       
l.169 ... \binom{n}{k} a^k b^{n-k}$, where $\binom
                                                  {n}{k} = \frac{n!}{k!(n-k)...
The control sequence at the end of the top line
of your error message was never \def'ed. If you have
misspelled it (e.g., `\hobx'), type `I' and the correct
spelling (e.g., `I\hbox'). Otherwise just continue,
and I'll forget about whatever was undefined.

Missing character: There is no . in font nullfont!

Overfull \hbox (20.0pt too wide) in paragraph at lines 169--170
[]
 []


Overfull \hbox (16.95259pt too wide) in paragraph at lines 169--170
\OT1/cmr/m/n/10 (\OML/cmm/m/it/10 a \OT1/cmr/m/n/10 +
 []


Overfull \hbox (24.1794pt too wide) in paragraph at lines 169--170
\OML/cmm/m/it/10 b\OT1/cmr/m/n/10 )[] =
 []


Overfull \hbox (69.40184pt too wide) in paragraph at lines 169--170
[][] \OML/cmm/m/it/10 nka[]b[]$
 []


Overfull \hbox (22.0787pt too wide) in paragraph at lines 169--170
\OML/cmm/m/it/10 nk \OT1/cmr/m/n/10 =
 []


Overfull \hbox (33.2115pt too wide) in paragraph at lines 169--170
[]$ 
 []


Overfull \hbox (481.53325pt too wide) detected at line 170
[] [] \OT1/cmr/m/n/10 = [] [] = [] []
 []


Overfull \hbox (267.49167pt too wide) detected at line 171
\OT1/cmr/m/n/10 = [] [] = \OML/cmm/m/it/10 nz[]
 []

/home/jonzoda/Documents/school/2024/MTH5103/notes/final_complex_variable/input/note03.tex:172: Undefined control sequence.
<recently read> \implies 
                         
l.172 $\implies
                f'(z)$ exists for all $z$ and $f'(z) = nz^{n-1}$.
The control sequence at the end of the top line
of your error message was never \def'ed. If you have
misspelled it (e.g., `\hobx'), type `I' and the correct
spelling (e.g., `I\hbox'). Otherwise just continue,
and I'll forget about whatever was undefined.

Missing character: There is no e in font nullfont!
Missing character: There is no x in font nullfont!
Missing character: There is no i in font nullfont!
Missing character: There is no s in font nullfont!
Missing character: There is no t in font nullfont!
Missing character: There is no s in font nullfont!
Missing character: There is no f in font nullfont!
Missing character: There is no o in font nullfont!
Missing character: There is no r in font nullfont!
Missing character: There is no a in font nullfont!
Missing character: There is no l in font nullfont!
Missing character: There is no l in font nullfont!
Missing character: There is no a in font nullfont!
Missing character: There is no n in font nullfont!
Missing character: There is no d in font nullfont!
Missing character: There is no . in font nullfont!

Overfull \hbox (21.64592pt too wide) in paragraph at lines 171--173
$\OML/cmm/m/it/10 f[]\OT1/cmr/m/n/10 (\OML/cmm/m/it/10 z\OT1/cmr/m/n/10 )$
 []


Overfull \hbox (5.0903pt too wide) in paragraph at lines 171--173
\OML/cmm/m/it/10 z$
 []


Overfull \hbox (32.20143pt too wide) in paragraph at lines 171--173
\OML/cmm/m/it/10 f[]\OT1/cmr/m/n/10 (\OML/cmm/m/it/10 z\OT1/cmr/m/n/10 ) =
 []


Overfull \hbox (26.77213pt too wide) in paragraph at lines 171--173
\OML/cmm/m/it/10 nz[]$ 
 []

Missing character: There is no T in font nullfont!
Missing character: There is no h in font nullfont!
Missing character: There is no e in font nullfont!
Missing character: There is no s in font nullfont!
Missing character: There is no e in font nullfont!
Missing character: There is no e in font nullfont!
Missing character: There is no x in font nullfont!
Missing character: There is no a in font nullfont!
Missing character: There is no m in font nullfont!
Missing character: There is no p in font nullfont!
Missing character: There is no l in font nullfont!
Missing character: There is no e in font nullfont!
Missing character: There is no s in font nullfont!
Missing character: There is no s in font nullfont!
Missing character: There is no u in font nullfont!
Missing character: There is no g in font nullfont!
Missing character: There is no g in font nullfont!
Missing character: There is no e in font nullfont!
Missing character: There is no s in font nullfont!
Missing character: There is no t in font nullfont!
Missing character: There is no t in font nullfont!
Missing character: There is no h in font nullfont!
Missing character: There is no a in font nullfont!
Missing character: There is no t in font nullfont!
Missing character: There is no t in font nullfont!
Missing character: There is no h in font nullfont!
Missing character: There is no e in font nullfont!
Missing character: There is no d in font nullfont!
Missing character: There is no i in font nullfont!
Missing character: There is no f in font nullfont!
Missing character: There is no f in font nullfont!
Missing character: There is no e in font nullfont!
Missing character: There is no r in font nullfont!
Missing character: There is no e in font nullfont!
Missing character: There is no n in font nullfont!
Missing character: There is no t in font nullfont!
Missing character: There is no i in font nullfont!
Missing character: There is no a in font nullfont!
Missing character: There is no t in font nullfont!
Missing character: There is no i in font nullfont!
Missing character: There is no o in font nullfont!
Missing character: There is no n in font nullfont!
Missing character: There is no o in font nullfont!
Missing character: There is no f in font nullfont!
Missing character: There is no c in font nullfont!
Missing character: There is no o in font nullfont!
Missing character: There is no m in font nullfont!
Missing character: There is no p in font nullfont!
Missing character: There is no l in font nullfont!
Missing character: There is no e in font nullfont!
Missing character: There is no x in font nullfont!
Missing character: There is no f in font nullfont!
Missing character: There is no u in font nullfont!
Missing character: There is no n in font nullfont!
Missing character: There is no c in font nullfont!
Missing character: There is no t in font nullfont!
Missing character: There is no i in font nullfont!
Missing character: There is no o in font nullfont!
Missing character: There is no n in font nullfont!
Missing character: There is no s in font nullfont!
Missing character: There is no i in font nullfont!
Missing character: There is no s in font nullfont!
Missing character: There is no s in font nullfont!
Missing character: There is no i in font nullfont!
Missing character: There is no m in font nullfont!
Missing character: There is no i in font nullfont!
Missing character: There is no l in font nullfont!
Missing character: There is no a in font nullfont!
Missing character: There is no r in font nullfont!
Missing character: There is no t in font nullfont!
Missing character: There is no o in font nullfont!
Missing character: There is no t in font nullfont!
Missing character: There is no h in font nullfont!
Missing character: There is no e in font nullfont!
Missing character: There is no d in font nullfont!
Missing character: There is no i in font nullfont!
Missing character: There is no f in font nullfont!
Missing character: There is no f in font nullfont!
Missing character: There is no e in font nullfont!
Missing character: There is no r in font nullfont!
Missing character: There is no e in font nullfont!
Missing character: There is no n in font nullfont!
Missing character: There is no t in font nullfont!
Missing character: There is no i in font nullfont!
Missing character: There is no a in font nullfont!
Missing character: There is no t in font nullfont!
Missing character: There is no i in font nullfont!
Missing character: There is no o in font nullfont!
Missing character: There is no n in font nullfont!
Missing character: There is no o in font nullfont!
Missing character: There is no f in font nullfont!
Missing character: There is no r in font nullfont!
Missing character: There is no e in font nullfont!
Missing character: There is no a in font nullfont!
Missing character: There is no l in font nullfont!
Missing character: There is no f in font nullfont!
Missing character: There is no u in font nullfont!
Missing character: There is no n in font nullfont!
Missing character: There is no c in font nullfont!
Missing character: There is no t in font nullfont!
Missing character: There is no i in font nullfont!
Missing character: There is no o in font nullfont!
Missing character: There is no n in font nullfont!
Missing character: There is no s in font nullfont!
Missing character: There is no . in font nullfont!
Missing character: There is no L in font nullfont!
Missing character: There is no e in font nullfont!
Missing character: There is no t in font nullfont!
Missing character: There is no u in font nullfont!
Missing character: There is no s in font nullfont!
Missing character: There is no s in font nullfont!
Missing character: There is no e in font nullfont!
Missing character: There is no e in font nullfont!
Missing character: There is no e in font nullfont!
Missing character: There is no x in font nullfont!
Missing character: There is no a in font nullfont!
Missing character: There is no m in font nullfont!
Missing character: There is no p in font nullfont!
Missing character: There is no l in font nullfont!
Missing character: There is no e in font nullfont!
Missing character: There is no s in font nullfont!
Missing character: There is no t in font nullfont!
Missing character: There is no h in font nullfont!
Missing character: There is no a in font nullfont!
Missing character: There is no t in font nullfont!
Missing character: There is no i in font nullfont!
Missing character: There is no t in font nullfont!
Missing character: There is no m in font nullfont!
Missing character: There is no a in font nullfont!
Missing character: There is no y in font nullfont!
Missing character: There is no b in font nullfont!
Missing character: There is no e in font nullfont!
Missing character: There is no v in font nullfont!
Missing character: There is no e in font nullfont!
Missing character: There is no r in font nullfont!
Missing character: There is no y in font nullfont!
Missing character: There is no d in font nullfont!
Missing character: There is no i in font nullfont!
Missing character: There is no f in font nullfont!
Missing character: There is no f in font nullfont!
Missing character: There is no e in font nullfont!
Missing character: There is no r in font nullfont!
Missing character: There is no e in font nullfont!
Missing character: There is no n in font nullfont!
Missing character: There is no t in font nullfont!
Missing character: There is no ! in font nullfont!

Overfull \hbox (20.0pt too wide) in paragraph at lines 174--175
[]
 []

Missing character: There is no C in font nullfont!
Missing character: There is no o in font nullfont!
Missing character: There is no m in font nullfont!
Missing character: There is no p in font nullfont!
Missing character: There is no u in font nullfont!
Missing character: There is no t in font nullfont!
Missing character: There is no e in font nullfont!
Missing character: There is no t in font nullfont!
Missing character: There is no h in font nullfont!
Missing character: There is no e in font nullfont!
Missing character: There is no d in font nullfont!
Missing character: There is no e in font nullfont!
Missing character: There is no r in font nullfont!
Missing character: There is no i in font nullfont!
Missing character: There is no v in font nullfont!
Missing character: There is no a in font nullfont!
Missing character: There is no t in font nullfont!
Missing character: There is no i in font nullfont!
Missing character: There is no v in font nullfont!
Missing character: There is no e in font nullfont!
Missing character: There is no o in font nullfont!
Missing character: There is no f in font nullfont!
Missing character: There is no . in font nullfont!
Missing character: There is no S in font nullfont!
Missing character: There is no o in font nullfont!
Missing character: There is no l in font nullfont!
Missing character: There is no : in font nullfont!
Missing character: There is no - in font nullfont!
Missing character: There is no d in font nullfont!
Missing character: There is no o in font nullfont!
Missing character: There is no e in font nullfont!
Missing character: There is no s in font nullfont!
Missing character: There is no n in font nullfont!
Missing character: There is no ' in font nullfont!
Missing character: There is no t in font nullfont!
Missing character: There is no e in font nullfont!
Missing character: There is no x in font nullfont!
Missing character: There is no i in font nullfont!
Missing character: There is no s in font nullfont!
Missing character: There is no t in font nullfont!
Missing character: There is no ! in font nullfont!
Missing character: There is no ( in font nullfont!
Missing character: There is no E in font nullfont!
Missing character: There is no x in font nullfont!
Missing character: There is no 5 in font nullfont!
Missing character: There is no . in font nullfont!
Missing character: There is no 2 in font nullfont!
Missing character: There is no ) in font nullfont!

Overfull \hbox (33.62492pt too wide) in paragraph at lines 176--178
[]\OT1/cmr/bx/n/10 Ex
 []


Overfull \hbox (14.69437pt too wide) in paragraph at lines 176--178
\OT1/cmr/bx/n/10 8.3
 []


Overfull \hbox (29.39587pt too wide) in paragraph at lines 176--178
\OML/cmm/m/it/10 f\OT1/cmr/m/n/10 (\OML/cmm/m/it/10 z\OT1/cmr/m/n/10 ) =
 []


Overfull \hbox (5.0903pt too wide) in paragraph at lines 176--178
[]$
 []


Overfull \hbox (112.02786pt too wide) in paragraph at lines 176--178
[][] [] \OT1/cmr/m/n/10 =
 []


Overfull \hbox (90.15964pt too wide) in paragraph at lines 176--178
[][] [] \OT1/cmr/m/n/10 =
 []


Overfull \hbox (90.15964pt too wide) in paragraph at lines 176--178
[][] [] \OT1/cmr/m/n/10 =
 []


Overfull \hbox (51.76823pt too wide) in paragraph at lines 176--178
[][] []$
 []

Missing character: There is no W in font nullfont!
Missing character: There is no e in font nullfont!
Missing character: There is no h in font nullfont!
Missing character: There is no a in font nullfont!
Missing character: There is no v in font nullfont!
Missing character: There is no e in font nullfont!
Missing character: There is no p in font nullfont!
Missing character: There is no r in font nullfont!
Missing character: There is no o in font nullfont!
Missing character: There is no v in font nullfont!
Missing character: There is no e in font nullfont!
Missing character: There is no d in font nullfont!
Missing character: There is no ( in font nullfont!
Missing character: There is no E in font nullfont!
Missing character: There is no x in font nullfont!
Missing character: There is no 5 in font nullfont!
Missing character: There is no . in font nullfont!
Missing character: There is no 2 in font nullfont!
Missing character: There is no ) in font nullfont!
Missing character: There is no t in font nullfont!
Missing character: There is no h in font nullfont!
Missing character: There is no a in font nullfont!
Missing character: There is no t in font nullfont!
Missing character: There is no t in font nullfont!
Missing character: There is no h in font nullfont!
Missing character: There is no i in font nullfont!
Missing character: There is no s in font nullfont!
Missing character: There is no l in font nullfont!
Missing character: There is no i in font nullfont!
Missing character: There is no m in font nullfont!
Missing character: There is no i in font nullfont!
Missing character: There is no t in font nullfont!
Missing character: There is no d in font nullfont!
Missing character: There is no o in font nullfont!
Missing character: There is no e in font nullfont!
Missing character: There is no s in font nullfont!
Missing character: There is no n in font nullfont!
Missing character: There is no o in font nullfont!
Missing character: There is no t in font nullfont!
Missing character: There is no e in font nullfont!
Missing character: There is no x in font nullfont!
Missing character: There is no i in font nullfont!
Missing character: There is no s in font nullfont!
Missing character: There is no t in font nullfont!
Missing character: There is no b in font nullfont!
Missing character: There is no y in font nullfont!
Missing character: There is no l in font nullfont!
Missing character: There is no o in font nullfont!
Missing character: There is no o in font nullfont!
Missing character: There is no k in font nullfont!
Missing character: There is no i in font nullfont!
Missing character: There is no n in font nullfont!
Missing character: There is no g in font nullfont!
Missing character: There is no a in font nullfont!
Missing character: There is no t in font nullfont!
Missing character: There is no t in font nullfont!
Missing character: There is no h in font nullfont!
Missing character: There is no e in font nullfont!
Missing character: There is no l in font nullfont!
Missing character: There is no i in font nullfont!
Missing character: There is no m in font nullfont!
Missing character: There is no i in font nullfont!
Missing character: There is no t in font nullfont!
Missing character: There is no s in font nullfont!
Missing character: There is no a in font nullfont!
Missing character: There is no l in font nullfont!
Missing character: There is no o in font nullfont!
Missing character: There is no n in font nullfont!
Missing character: There is no g in font nullfont!
Missing character: There is no r in font nullfont!
Missing character: There is no e in font nullfont!
Missing character: There is no a in font nullfont!
Missing character: There is no l in font nullfont!
Missing character: There is no a in font nullfont!
Missing character: There is no n in font nullfont!
Missing character: There is no d in font nullfont!
Missing character: There is no i in font nullfont!
Missing character: There is no m in font nullfont!
Missing character: There is no a in font nullfont!
Missing character: There is no g in font nullfont!
Missing character: There is no i in font nullfont!
Missing character: There is no n in font nullfont!
Missing character: There is no a in font nullfont!
Missing character: There is no r in font nullfont!
Missing character: There is no y in font nullfont!
Missing character: There is no a in font nullfont!
Missing character: There is no x in font nullfont!
Missing character: There is no e in font nullfont!
Missing character: There is no s in font nullfont!
Missing character: There is no a in font nullfont!
Missing character: There is no n in font nullfont!
Missing character: There is no d in font nullfont!
Missing character: There is no s in font nullfont!
Missing character: There is no h in font nullfont!
Missing character: There is no o in font nullfont!
Missing character: There is no w in font nullfont!
Missing character: There is no i in font nullfont!
Missing character: There is no n in font nullfont!
Missing character: There is no g in font nullfont!
Missing character: There is no t in font nullfont!
Missing character: There is no h in font nullfont!
Missing character: There is no a in font nullfont!
Missing character: There is no t in font nullfont!
Missing character: There is no t in font nullfont!
Missing character: There is no h in font nullfont!
Missing character: There is no e in font nullfont!
Missing character: There is no y in font nullfont!
Missing character: There is no d in font nullfont!
Missing character: There is no o in font nullfont!
Missing character: There is no n in font nullfont!
Missing character: There is no o in font nullfont!
Missing character: There is no t in font nullfont!
Missing character: There is no a in font nullfont!
Missing character: There is no g in font nullfont!
Missing character: There is no r in font nullfont!
Missing character: There is no e in font nullfont!
Missing character: There is no e in font nullfont!
Missing character: There is no . in font nullfont!
/home/jonzoda/Documents/school/2024/MTH5103/notes/final_complex_variable/input/note03.tex:180: Undefined control sequence.
<recently read> \implies 
                         
l.180 $\implies
                f(z) = \bar{z}$ is not differentiable at any $z \in \mathbb{...
The control sequence at the end of the top line
of your error message was never \def'ed. If you have
misspelled it (e.g., `\hobx'), type `I' and the correct
spelling (e.g., `I\hbox'). Otherwise just continue,
and I'll forget about whatever was undefined.

Missing character: There is no i in font nullfont!
Missing character: There is no s in font nullfont!
Missing character: There is no n in font nullfont!
Missing character: There is no o in font nullfont!
Missing character: There is no t in font nullfont!
Missing character: There is no d in font nullfont!
Missing character: There is no i in font nullfont!
Missing character: There is no f in font nullfont!
Missing character: There is no f in font nullfont!
Missing character: There is no e in font nullfont!
Missing character: There is no r in font nullfont!
Missing character: There is no e in font nullfont!
Missing character: There is no n in font nullfont!
Missing character: There is no t in font nullfont!
Missing character: There is no i in font nullfont!
Missing character: There is no a in font nullfont!
Missing character: There is no b in font nullfont!
Missing character: There is no l in font nullfont!
Missing character: There is no e in font nullfont!
Missing character: There is no a in font nullfont!
Missing character: There is no t in font nullfont!
Missing character: There is no a in font nullfont!
Missing character: There is no n in font nullfont!
Missing character: There is no y in font nullfont!
/home/jonzoda/Documents/school/2024/MTH5103/notes/final_complex_variable/input/note03.tex:180: Undefined control sequence.
l.180 ... not differentiable at any $z \in \mathbb
                                                  {C}$.
The control sequence at the end of the top line
of your error message was never \def'ed. If you have
misspelled it (e.g., `\hobx'), type `I' and the correct
spelling (e.g., `I\hbox'). Otherwise just continue,
and I'll forget about whatever was undefined.

Missing character: There is no . in font nullfont!

Overfull \hbox (20.0pt too wide) in paragraph at lines 179--181
[]
 []


Overfull \hbox (29.39587pt too wide) in paragraph at lines 179--181
\OML/cmm/m/it/10 f\OT1/cmr/m/n/10 (\OML/cmm/m/it/10 z\OT1/cmr/m/n/10 ) =
 []


Overfull \hbox (5.0903pt too wide) in paragraph at lines 179--181
[]$
 []


Overfull \hbox (14.5347pt too wide) in paragraph at lines 179--181
\OML/cmm/m/it/10 z \OMS/cmsy/m/n/10 2
 []


Overfull \hbox (7.86249pt too wide) in paragraph at lines 179--181
\OML/cmm/m/it/10 C$ 
 []

Missing character: There is no C in font nullfont!
Missing character: There is no o in font nullfont!
Missing character: There is no m in font nullfont!
Missing character: There is no p in font nullfont!
Missing character: There is no u in font nullfont!
Missing character: There is no t in font nullfont!
Missing character: There is no e in font nullfont!
Missing character: There is no t in font nullfont!
Missing character: There is no h in font nullfont!
Missing character: There is no e in font nullfont!
Missing character: There is no d in font nullfont!
Missing character: There is no e in font nullfont!
Missing character: There is no r in font nullfont!
Missing character: There is no i in font nullfont!
Missing character: There is no v in font nullfont!
Missing character: There is no a in font nullfont!
Missing character: There is no t in font nullfont!
Missing character: There is no i in font nullfont!
Missing character: There is no v in font nullfont!
Missing character: There is no e in font nullfont!
Missing character: There is no o in font nullfont!
Missing character: There is no f in font nullfont!
Missing character: There is no . in font nullfont!
Missing character: There is no S in font nullfont!
Missing character: There is no o in font nullfont!
Missing character: There is no l in font nullfont!
Missing character: There is no : in font nullfont!
Missing character: There is no ( in font nullfont!
Missing character: There is no * in font nullfont!
Missing character: There is no ) in font nullfont!

Overfull \hbox (33.62492pt too wide) in paragraph at lines 182--184
[]\OT1/cmr/bx/n/10 Ex
 []


Overfull \hbox (17.8888pt too wide) in paragraph at lines 182--184
\OT1/cmr/bx/n/10 8.4:
 []


Overfull \hbox (29.39587pt too wide) in paragraph at lines 182--184
\OML/cmm/m/it/10 f\OT1/cmr/m/n/10 (\OML/cmm/m/it/10 z\OT1/cmr/m/n/10 ) =
 []


Overfull \hbox (15.132pt too wide) in paragraph at lines 182--184
\OMS/cmsy/m/n/10 j\OML/cmm/m/it/10 z\OMS/cmsy/m/n/10 j[]$
 []


Overfull \hbox (100.2337pt too wide) in paragraph at lines 182--184
[][] [] \OT1/cmr/m/n/10 =
 []


Overfull \hbox (125.00468pt too wide) in paragraph at lines 182--184
[][] [] \OT1/cmr/m/n/10 =
 []


Overfull \hbox (143.66806pt too wide) in paragraph at lines 182--184
[][] [] \OT1/cmr/m/n/10 =
 []


Overfull \hbox (111.76123pt too wide) in paragraph at lines 182--184
[][] []$
 []

Missing character: There is no I in font nullfont!
Missing character: There is no f in font nullfont!
Missing character: There is no , in font nullfont!
Missing character: There is no t in font nullfont!
Missing character: There is no h in font nullfont!
Missing character: There is no e in font nullfont!
Missing character: There is no n in font nullfont!
Missing character: There is no d in font nullfont!
Missing character: There is no o in font nullfont!
Missing character: There is no e in font nullfont!
Missing character: There is no s in font nullfont!
Missing character: There is no n in font nullfont!
Missing character: There is no o in font nullfont!
Missing character: There is no t in font nullfont!
Missing character: There is no e in font nullfont!
Missing character: There is no x in font nullfont!
Missing character: There is no i in font nullfont!
Missing character: There is no s in font nullfont!
Missing character: There is no t in font nullfont!
Missing character: There is no ! in font nullfont!
Missing character: There is no ( in font nullfont!
Missing character: There is no t in font nullfont!
Missing character: There is no e in font nullfont!
Missing character: There is no n in font nullfont!
Missing character: There is no d in font nullfont!
Missing character: There is no s in font nullfont!
Missing character: There is no t in font nullfont!
Missing character: There is no o in font nullfont!
Missing character: There is no a in font nullfont!
Missing character: There is no l in font nullfont!
Missing character: There is no o in font nullfont!
Missing character: There is no n in font nullfont!
Missing character: There is no g in font nullfont!
Missing character: There is no t in font nullfont!
Missing character: There is no h in font nullfont!
Missing character: There is no e in font nullfont!
Missing character: There is no r in font nullfont!
Missing character: There is no e in font nullfont!
Missing character: There is no a in font nullfont!
Missing character: There is no l in font nullfont!
Missing character: There is no a in font nullfont!
Missing character: There is no x in font nullfont!
Missing character: There is no i in font nullfont!
Missing character: There is no s in font nullfont!
Missing character: There is no a in font nullfont!
Missing character: There is no n in font nullfont!
Missing character: There is no d in font nullfont!
Missing character: There is no t in font nullfont!
Missing character: There is no o in font nullfont!
Missing character: There is no a in font nullfont!
Missing character: There is no l in font nullfont!
Missing character: There is no o in font nullfont!
Missing character: There is no n in font nullfont!
Missing character: There is no g in font nullfont!
Missing character: There is no i in font nullfont!
Missing character: There is no m in font nullfont!
Missing character: There is no a in font nullfont!
Missing character: There is no g in font nullfont!
Missing character: There is no i in font nullfont!
Missing character: There is no n in font nullfont!
Missing character: There is no a in font nullfont!
Missing character: There is no r in font nullfont!
Missing character: There is no y in font nullfont!
Missing character: There is no a in font nullfont!
Missing character: There is no x in font nullfont!
Missing character: There is no i in font nullfont!
Missing character: There is no s in font nullfont!
/home/jonzoda/Documents/school/2024/MTH5103/notes/final_complex_variable/input/note03.tex:185: Undefined control sequence.
<recently read> \implies 
                         
l.185 ... to $(-z)$ along imaginary axis $\implies
                                                  $ does not exist) $\implie...
The control sequence at the end of the top line
of your error message was never \def'ed. If you have
misspelled it (e.g., `\hobx'), type `I' and the correct
spelling (e.g., `I\hbox'). Otherwise just continue,
and I'll forget about whatever was undefined.

Missing character: There is no d in font nullfont!
Missing character: There is no o in font nullfont!
Missing character: There is no e in font nullfont!
Missing character: There is no s in font nullfont!
Missing character: There is no n in font nullfont!
Missing character: There is no o in font nullfont!
Missing character: There is no t in font nullfont!
Missing character: There is no e in font nullfont!
Missing character: There is no x in font nullfont!
Missing character: There is no i in font nullfont!
Missing character: There is no s in font nullfont!
Missing character: There is no t in font nullfont!
Missing character: There is no ) in font nullfont!
/home/jonzoda/Documents/school/2024/MTH5103/notes/final_complex_variable/input/note03.tex:185: Undefined control sequence.
<recently read> \implies 
                         
l.185 ...axis $\implies$ does not exist) $\implies
                                                  $ The limit (*) does not e...
The control sequence at the end of the top line
of your error message was never \def'ed. If you have
misspelled it (e.g., `\hobx'), type `I' and the correct
spelling (e.g., `I\hbox'). Otherwise just continue,
and I'll forget about whatever was undefined.

Missing character: There is no T in font nullfont!
Missing character: There is no h in font nullfont!
Missing character: There is no e in font nullfont!
Missing character: There is no l in font nullfont!
Missing character: There is no i in font nullfont!
Missing character: There is no m in font nullfont!
Missing character: There is no i in font nullfont!
Missing character: There is no t in font nullfont!
Missing character: There is no ( in font nullfont!
Missing character: There is no * in font nullfont!
Missing character: There is no ) in font nullfont!
Missing character: There is no d in font nullfont!
Missing character: There is no o in font nullfont!
Missing character: There is no e in font nullfont!
Missing character: There is no s in font nullfont!
Missing character: There is no n in font nullfont!
Missing character: There is no o in font nullfont!
Missing character: There is no t in font nullfont!
Missing character: There is no e in font nullfont!
Missing character: There is no x in font nullfont!
Missing character: There is no i in font nullfont!
Missing character: There is no s in font nullfont!
Missing character: There is no t in font nullfont!
/home/jonzoda/Documents/school/2024/MTH5103/notes/final_complex_variable/input/note03.tex:185: Undefined control sequence.
<recently read> \implies 
                         
l.185 ...s$ The limit (*) does not exist $\implies
                                                   f'(z)$ does not exist.
The control sequence at the end of the top line
of your error message was never \def'ed. If you have
misspelled it (e.g., `\hobx'), type `I' and the correct
spelling (e.g., `I\hbox'). Otherwise just continue,
and I'll forget about whatever was undefined.

Missing character: There is no d in font nullfont!
Missing character: There is no o in font nullfont!
Missing character: There is no e in font nullfont!
Missing character: There is no s in font nullfont!
Missing character: There is no n in font nullfont!
Missing character: There is no o in font nullfont!
Missing character: There is no t in font nullfont!
Missing character: There is no e in font nullfont!
Missing character: There is no x in font nullfont!
Missing character: There is no i in font nullfont!
Missing character: There is no s in font nullfont!
Missing character: There is no t in font nullfont!
Missing character: There is no . in font nullfont!

Overfull \hbox (20.0pt too wide) in paragraph at lines 185--186
[]
 []


Overfull \hbox (15.64581pt too wide) in paragraph at lines 185--186
\OML/cmm/m/it/10 z \OMS/cmsy/m/n/10 6\OT1/cmr/m/n/10 =
 []


Overfull \hbox (5.00002pt too wide) in paragraph at lines 185--186
\OT1/cmr/m/n/10 0$
 []


Overfull \hbox (51.76823pt too wide) in paragraph at lines 185--186
[][] []$
 []


Overfull \hbox (5.0903pt too wide) in paragraph at lines 185--186
\OML/cmm/m/it/10 z$
 []


Overfull \hbox (20.6459pt too wide) in paragraph at lines 185--186
\OT1/cmr/m/n/10 (\OMS/cmsy/m/n/10 ^^@\OML/cmm/m/it/10 z\OT1/cmr/m/n/10 )$
 []


Overfull \hbox (21.64592pt too wide) in paragraph at lines 185--186
\OML/cmm/m/it/10 f[]\OT1/cmr/m/n/10 (\OML/cmm/m/it/10 z\OT1/cmr/m/n/10 )$
 []

Missing character: There is no I in font nullfont!
Missing character: There is no f in font nullfont!
/home/jonzoda/Documents/school/2024/MTH5103/notes/final_complex_variable/input/note03.tex:187: Undefined control sequence.
l.187 ...elta z} \cdot 0 = 0, \bar{z} = 0 \implies
                                                  $ the limit (*) exists and...
The control sequence at the end of the top line
of your error message was never \def'ed. If you have
misspelled it (e.g., `\hobx'), type `I' and the correct
spelling (e.g., `I\hbox'). Otherwise just continue,
and I'll forget about whatever was undefined.

Missing character: There is no t in font nullfont!
Missing character: There is no h in font nullfont!
Missing character: There is no e in font nullfont!
Missing character: There is no l in font nullfont!
Missing character: There is no i in font nullfont!
Missing character: There is no m in font nullfont!
Missing character: There is no i in font nullfont!
Missing character: There is no t in font nullfont!
Missing character: There is no ( in font nullfont!
Missing character: There is no * in font nullfont!
Missing character: There is no ) in font nullfont!
Missing character: There is no e in font nullfont!
Missing character: There is no x in font nullfont!
Missing character: There is no i in font nullfont!
Missing character: There is no s in font nullfont!
Missing character: There is no t in font nullfont!
Missing character: There is no s in font nullfont!
Missing character: There is no a in font nullfont!
Missing character: There is no n in font nullfont!
Missing character: There is no d in font nullfont!
Missing character: There is no . in font nullfont!

Overfull \hbox (20.0pt too wide) in paragraph at lines 187--188
[]
 []


Overfull \hbox (15.64581pt too wide) in paragraph at lines 187--188
\OML/cmm/m/it/10 z \OT1/cmr/m/n/10 =
 []


Overfull \hbox (10.55551pt too wide) in paragraph at lines 187--188
\OT1/cmr/m/n/10 0 :
 []


Overfull \hbox (54.54602pt too wide) in paragraph at lines 187--188
[][] [] \OMS/cmsy/m/n/10 ^^A
 []


Overfull \hbox (15.55553pt too wide) in paragraph at lines 187--188
\OT1/cmr/m/n/10 0 =
 []


Overfull \hbox (25.09024pt too wide) in paragraph at lines 187--188
\OT1/cmr/m/n/10 0\OML/cmm/m/it/10 ; [] \OT1/cmr/m/n/10 =
 []


Overfull \hbox (5.00002pt too wide) in paragraph at lines 187--188
\OT1/cmr/m/n/10 0$
 []


Overfull \hbox (32.11115pt too wide) in paragraph at lines 187--188
\OML/cmm/m/it/10 f[]\OT1/cmr/m/n/10 (0) =
 []


Overfull \hbox (5.00002pt too wide) in paragraph at lines 187--188
\OT1/cmr/m/n/10 0$ 
 []

Missing character: There is no T in font nullfont!
Missing character: There is no h in font nullfont!
Missing character: There is no u in font nullfont!
Missing character: There is no s in font nullfont!
Missing character: There is no , in font nullfont!
Missing character: There is no i in font nullfont!
Missing character: There is no s in font nullfont!
Missing character: There is no d in font nullfont!
Missing character: There is no i in font nullfont!
Missing character: There is no f in font nullfont!
Missing character: There is no f in font nullfont!
Missing character: There is no e in font nullfont!
Missing character: There is no r in font nullfont!
Missing character: There is no e in font nullfont!
Missing character: There is no n in font nullfont!
Missing character: There is no t in font nullfont!
Missing character: There is no i in font nullfont!
Missing character: There is no a in font nullfont!
Missing character: There is no b in font nullfont!
Missing character: There is no l in font nullfont!
Missing character: There is no e in font nullfont!
Missing character: There is no o in font nullfont!
Missing character: There is no n in font nullfont!
Missing character: There is no l in font nullfont!
Missing character: There is no y in font nullfont!
Missing character: There is no a in font nullfont!
Missing character: There is no t in font nullfont!
Missing character: There is no . in font nullfont!

Overfull \hbox (20.0pt too wide) in paragraph at lines 189--190
[]
 []


Overfull \hbox (29.39587pt too wide) in paragraph at lines 189--190
\OML/cmm/m/it/10 f\OT1/cmr/m/n/10 (\OML/cmm/m/it/10 z\OT1/cmr/m/n/10 ) =
 []


Overfull \hbox (15.132pt too wide) in paragraph at lines 189--190
\OMS/cmsy/m/n/10 j\OML/cmm/m/it/10 z\OMS/cmsy/m/n/10 j[]$
 []


Overfull \hbox (15.64581pt too wide) in paragraph at lines 189--190
\OML/cmm/m/it/10 z \OT1/cmr/m/n/10 =
 []


Overfull \hbox (5.00002pt too wide) in paragraph at lines 189--190
\OT1/cmr/m/n/10 0$ 
 []

Missing character: There is no N in font nullfont!
Missing character: There is no o in font nullfont!
Missing character: There is no w in font nullfont!
Missing character: There is no w in font nullfont!
Missing character: There is no e in font nullfont!
Missing character: There is no o in font nullfont!
Missing character: There is no b in font nullfont!
Missing character: There is no s in font nullfont!
Missing character: There is no e in font nullfont!
Missing character: There is no r in font nullfont!
Missing character: There is no v in font nullfont!
Missing character: There is no e in font nullfont!
Missing character: There is no h in font nullfont!
Missing character: There is no o in font nullfont!
Missing character: There is no w in font nullfont!
Missing character: There is no w in font nullfont!
Missing character: There is no e in font nullfont!
Missing character: There is no c in font nullfont!
Missing character: There is no a in font nullfont!
Missing character: There is no n in font nullfont!
Missing character: There is no c in font nullfont!
Missing character: There is no o in font nullfont!
Missing character: There is no n in font nullfont!
Missing character: There is no s in font nullfont!
Missing character: There is no t in font nullfont!
Missing character: There is no r in font nullfont!
Missing character: There is no u in font nullfont!
Missing character: There is no c in font nullfont!
Missing character: There is no t in font nullfont!
Missing character: There is no c in font nullfont!
Missing character: There is no o in font nullfont!
Missing character: There is no m in font nullfont!
Missing character: There is no p in font nullfont!
Missing character: There is no l in font nullfont!
Missing character: There is no i in font nullfont!
Missing character: There is no c in font nullfont!
Missing character: There is no a in font nullfont!
Missing character: There is no t in font nullfont!
Missing character: There is no e in font nullfont!
Missing character: There is no d in font nullfont!
Missing character: There is no d in font nullfont!
Missing character: There is no i in font nullfont!
Missing character: There is no f in font nullfont!
Missing character: There is no f in font nullfont!
Missing character: There is no e in font nullfont!
Missing character: There is no r in font nullfont!
Missing character: There is no e in font nullfont!
Missing character: There is no n in font nullfont!
Missing character: There is no t in font nullfont!
Missing character: There is no i in font nullfont!
Missing character: There is no a in font nullfont!
Missing character: There is no b in font nullfont!
Missing character: There is no l in font nullfont!
Missing character: There is no e in font nullfont!
Missing character: There is no f in font nullfont!
Missing character: There is no u in font nullfont!
Missing character: There is no n in font nullfont!
Missing character: There is no c in font nullfont!
Missing character: There is no t in font nullfont!
Missing character: There is no i in font nullfont!
Missing character: There is no o in font nullfont!
Missing character: There is no n in font nullfont!
Missing character: There is no s in font nullfont!
Missing character: There is no f in font nullfont!
Missing character: There is no r in font nullfont!
Missing character: There is no o in font nullfont!
Missing character: There is no m in font nullfont!
Missing character: There is no e in font nullfont!
Missing character: There is no l in font nullfont!
Missing character: There is no e in font nullfont!
Missing character: There is no m in font nullfont!
Missing character: There is no e in font nullfont!
Missing character: There is no n in font nullfont!
Missing character: There is no t in font nullfont!
Missing character: There is no a in font nullfont!
Missing character: There is no r in font nullfont!
Missing character: There is no y in font nullfont!
Missing character: There is no o in font nullfont!
Missing character: There is no n in font nullfont!
Missing character: There is no e in font nullfont!
Missing character: There is no s in font nullfont!
Missing character: There is no . in font nullfont!
Missing character: There is no T in font nullfont!
Missing character: There is no h in font nullfont!
Missing character: There is no e in font nullfont!
Missing character: There is no f in font nullfont!
Missing character: There is no o in font nullfont!
Missing character: There is no l in font nullfont!
Missing character: There is no l in font nullfont!
Missing character: There is no o in font nullfont!
Missing character: There is no w in font nullfont!
Missing character: There is no i in font nullfont!
Missing character: There is no n in font nullfont!
Missing character: There is no g in font nullfont!
Missing character: There is no p in font nullfont!
Missing character: There is no r in font nullfont!
Missing character: There is no o in font nullfont!
Missing character: There is no p in font nullfont!
Missing character: There is no o in font nullfont!
Missing character: There is no s in font nullfont!
Missing character: There is no i in font nullfont!
Missing character: There is no t in font nullfont!
Missing character: There is no i in font nullfont!
Missing character: There is no o in font nullfont!
Missing character: There is no n in font nullfont!
Missing character: There is no i in font nullfont!
Missing character: There is no s in font nullfont!
Missing character: There is no a in font nullfont!
Missing character: There is no n in font nullfont!
Missing character: There is no a in font nullfont!
Missing character: There is no l in font nullfont!
Missing character: There is no o in font nullfont!
Missing character: There is no g in font nullfont!
Missing character: There is no o in font nullfont!
Missing character: There is no u in font nullfont!
Missing character: There is no s in font nullfont!
Missing character: There is no t in font nullfont!
Missing character: There is no o in font nullfont!
Missing character: There is no t in font nullfont!
Missing character: There is no h in font nullfont!
Missing character: There is no e in font nullfont!
Missing character: There is no r in font nullfont!
Missing character: There is no e in font nullfont!
Missing character: There is no a in font nullfont!
Missing character: There is no l in font nullfont!
Missing character: There is no c in font nullfont!
Missing character: There is no a in font nullfont!
Missing character: There is no s in font nullfont!
Missing character: There is no e in font nullfont!
Missing character: There is no . in font nullfont!

Overfull \hbox (20.0pt too wide) in paragraph at lines 191--192
[]
 []

Missing character: There is no I in font nullfont!
Missing character: There is no f in font nullfont!
/home/jonzoda/Documents/school/2024/MTH5103/notes/final_complex_variable/input/note03.tex:193: Undefined control sequence.
l.193 \textbf{Prop 6.1:} If $c \in \mathbb
                                          {C}$ is a constant and $f(z), g(z)...
The control sequence at the end of the top line
of your error message was never \def'ed. If you have
misspelled it (e.g., `\hobx'), type `I' and the correct
spelling (e.g., `I\hbox'). Otherwise just continue,
and I'll forget about whatever was undefined.

Missing character: There is no i in font nullfont!
Missing character: There is no s in font nullfont!
Missing character: There is no a in font nullfont!
Missing character: There is no c in font nullfont!
Missing character: There is no o in font nullfont!
Missing character: There is no n in font nullfont!
Missing character: There is no s in font nullfont!
Missing character: There is no t in font nullfont!
Missing character: There is no a in font nullfont!
Missing character: There is no n in font nullfont!
Missing character: There is no t in font nullfont!
Missing character: There is no a in font nullfont!
Missing character: There is no n in font nullfont!
Missing character: There is no d in font nullfont!
Missing character: There is no a in font nullfont!
Missing character: There is no r in font nullfont!
Missing character: There is no e in font nullfont!
Missing character: There is no d in font nullfont!
Missing character: There is no i in font nullfont!
Missing character: There is no f in font nullfont!
Missing character: There is no f in font nullfont!
Missing character: There is no e in font nullfont!
Missing character: There is no r in font nullfont!
Missing character: There is no e in font nullfont!
Missing character: There is no n in font nullfont!
Missing character: There is no t in font nullfont!
Missing character: There is no i in font nullfont!
Missing character: There is no a in font nullfont!
Missing character: There is no b in font nullfont!
Missing character: There is no l in font nullfont!
Missing character: There is no e in font nullfont!
Missing character: There is no a in font nullfont!
Missing character: There is no t in font nullfont!
Missing character: There is no , in font nullfont!
Missing character: There is no t in font nullfont!
Missing character: There is no h in font nullfont!
Missing character: There is no e in font nullfont!
Missing character: There is no n in font nullfont!
Missing character: There is no : in font nullfont!

Overfull \hbox (44.736pt too wide) in paragraph at lines 193--194
[]\OT1/cmr/bx/n/10 Prop
 []


Overfull \hbox (17.8888pt too wide) in paragraph at lines 193--194
\OT1/cmr/bx/n/10 6.1:
 []


Overfull \hbox (13.77196pt too wide) in paragraph at lines 193--194
\OML/cmm/m/it/10 c \OMS/cmsy/m/n/10 2
 []


Overfull \hbox (7.86249pt too wide) in paragraph at lines 193--194
\OML/cmm/m/it/10 C$
 []


Overfull \hbox (41.28134pt too wide) in paragraph at lines 193--194
\OML/cmm/m/it/10 f\OT1/cmr/m/n/10 (\OML/cmm/m/it/10 z\OT1/cmr/m/n/10 )\OML/cmm/m/it/10 ; g\OT1/cmr/m/n/10 (\OML/cmm/m/it/10 z\OT1/cmr/m/n/10 )$
 []


Overfull \hbox (5.0903pt too wide) in paragraph at lines 193--194
\OML/cmm/m/it/10 z$ 
 []


Overfull \hbox (17.68863pt too wide) in paragraph at lines 195--196
\OML/cmm/m/it/10 c[] \OT1/cmr/m/n/10 =
 []


Overfull \hbox (5.00002pt too wide) in paragraph at lines 195--196
\OT1/cmr/m/n/10 0$ 
 []


Overfull \hbox (44.3068pt too wide) in paragraph at lines 196--197
\OT1/cmr/m/n/10 (\OML/cmm/m/it/10 cf\OT1/cmr/m/n/10 (\OML/cmm/m/it/10 z\OT1/cmr/m/n/10 ))[] =
 []


Overfull \hbox (25.97348pt too wide) in paragraph at lines 196--197
\OML/cmm/m/it/10 cf[]\OT1/cmr/m/n/10 (\OML/cmm/m/it/10 z\OT1/cmr/m/n/10 )$ 
 []

Missing character: There is no i in font nullfont!
Missing character: There is no s in font nullfont!
Missing character: There is no d in font nullfont!
Missing character: There is no i in font nullfont!
Missing character: There is no f in font nullfont!
Missing character: There is no f in font nullfont!
Missing character: There is no e in font nullfont!
Missing character: There is no r in font nullfont!
Missing character: There is no e in font nullfont!
Missing character: There is no n in font nullfont!
Missing character: There is no t in font nullfont!
Missing character: There is no i in font nullfont!
Missing character: There is no a in font nullfont!
Missing character: There is no b in font nullfont!
Missing character: There is no l in font nullfont!
Missing character: There is no e in font nullfont!
Missing character: There is no a in font nullfont!
Missing character: There is no t in font nullfont!
Missing character: There is no a in font nullfont!
Missing character: There is no n in font nullfont!
Missing character: There is no d in font nullfont!

Overfull \hbox (13.75006pt too wide) in paragraph at lines 197--198
\OML/cmm/m/it/10 f \OT1/cmr/m/n/10 +
 []


Overfull \hbox (5.12846pt too wide) in paragraph at lines 197--198
\OML/cmm/m/it/10 g$
 []


Overfull \hbox (5.0903pt too wide) in paragraph at lines 197--198
\OML/cmm/m/it/10 z$
 []


Overfull \hbox (17.63896pt too wide) in paragraph at lines 197--198
\OT1/cmr/m/n/10 (\OML/cmm/m/it/10 f \OT1/cmr/m/n/10 +
 []


Overfull \hbox (35.24654pt too wide) in paragraph at lines 197--198
\OML/cmm/m/it/10 g\OT1/cmr/m/n/10 )[](\OML/cmm/m/it/10 z\OT1/cmr/m/n/10 ) =
 []


Overfull \hbox (29.42372pt too wide) in paragraph at lines 197--198
\OML/cmm/m/it/10 f[]\OT1/cmr/m/n/10 (\OML/cmm/m/it/10 z\OT1/cmr/m/n/10 ) +
 []


Overfull \hbox (20.80212pt too wide) in paragraph at lines 197--198
\OML/cmm/m/it/10 g[]\OT1/cmr/m/n/10 (\OML/cmm/m/it/10 z\OT1/cmr/m/n/10 )$ 
 []

Missing character: There is no i in font nullfont!
Missing character: There is no s in font nullfont!
Missing character: There is no d in font nullfont!
Missing character: There is no i in font nullfont!
Missing character: There is no f in font nullfont!
Missing character: There is no f in font nullfont!
Missing character: There is no e in font nullfont!
Missing character: There is no r in font nullfont!
Missing character: There is no e in font nullfont!
Missing character: There is no n in font nullfont!
Missing character: There is no t in font nullfont!
Missing character: There is no i in font nullfont!
Missing character: There is no a in font nullfont!
Missing character: There is no b in font nullfont!
Missing character: There is no l in font nullfont!
Missing character: There is no e in font nullfont!
Missing character: There is no a in font nullfont!
Missing character: There is no t in font nullfont!
Missing character: There is no a in font nullfont!
Missing character: There is no n in font nullfont!
Missing character: There is no d in font nullfont!

Overfull \hbox (8.75005pt too wide) in paragraph at lines 198--199
\OML/cmm/m/it/10 f \OMS/cmsy/m/n/10 ^^A
 []


Overfull \hbox (5.12846pt too wide) in paragraph at lines 198--199
\OML/cmm/m/it/10 g$
 []


Overfull \hbox (5.0903pt too wide) in paragraph at lines 198--199
\OML/cmm/m/it/10 z$
 []


Overfull \hbox (45.1077pt too wide) in paragraph at lines 198--199
\OT1/cmr/m/n/10 (\OML/cmm/m/it/10 fg\OT1/cmr/m/n/10 )[](\OML/cmm/m/it/10 z\OT1/cmr/m/n/10 ) =
 []


Overfull \hbox (47.42029pt too wide) in paragraph at lines 198--199
\OML/cmm/m/it/10 f[]\OT1/cmr/m/n/10 (\OML/cmm/m/it/10 z\OT1/cmr/m/n/10 )\OML/cmm/m/it/10 g\OT1/cmr/m/n/10 (\OML/cmm/m/it/10 z\OT1/cmr/m/n/10 ) +
 []


Overfull \hbox (39.64249pt too wide) in paragraph at lines 198--199
\OML/cmm/m/it/10 f\OT1/cmr/m/n/10 (\OML/cmm/m/it/10 z\OT1/cmr/m/n/10 )\OML/cmm/m/it/10 g[]\OT1/cmr/m/n/10 (\OML/cmm/m/it/10 z\OT1/cmr/m/n/10 )$ 
 []

Missing character: There is no I in font nullfont!
Missing character: There is no f in font nullfont!
Missing character: There is no , in font nullfont!
Missing character: There is no t in font nullfont!
Missing character: There is no h in font nullfont!
Missing character: There is no e in font nullfont!
Missing character: There is no n in font nullfont!
Missing character: There is no i in font nullfont!
Missing character: There is no s in font nullfont!
Missing character: There is no d in font nullfont!
Missing character: There is no i in font nullfont!
Missing character: There is no f in font nullfont!
Missing character: There is no f in font nullfont!
Missing character: There is no e in font nullfont!
Missing character: There is no r in font nullfont!
Missing character: There is no e in font nullfont!
Missing character: There is no n in font nullfont!
Missing character: There is no t in font nullfont!
Missing character: There is no i in font nullfont!
Missing character: There is no a in font nullfont!
Missing character: There is no b in font nullfont!
Missing character: There is no l in font nullfont!
Missing character: There is no e in font nullfont!
Missing character: There is no a in font nullfont!
Missing character: There is no t in font nullfont!
Missing character: There is no a in font nullfont!
Missing character: There is no n in font nullfont!
Missing character: There is no d in font nullfont!

Overfull \hbox (28.55208pt too wide) in paragraph at lines 199--200
\OML/cmm/m/it/10 g\OT1/cmr/m/n/10 (\OML/cmm/m/it/10 z\OT1/cmr/m/n/10 ) \OMS/cmsy/m/n/10 6\OT1/cmr/m/n/10 =
 []


Overfull \hbox (5.00002pt too wide) in paragraph at lines 199--200
\OT1/cmr/m/n/10 0$
 []


Overfull \hbox (7.08408pt too wide) in paragraph at lines 199--200
[]$
 []


Overfull \hbox (5.0903pt too wide) in paragraph at lines 199--200
\OML/cmm/m/it/10 z$
 []


Overfull \hbox (46.92433pt too wide) in paragraph at lines 199--200
[][] \OT1/cmr/m/n/10 (\OML/cmm/m/it/10 z\OT1/cmr/m/n/10 ) =
 []


Overfull \hbox (73.16368pt too wide) in paragraph at lines 199--200
[]$ 
 []

Missing character: There is no C in font nullfont!
Missing character: There is no h in font nullfont!
Missing character: There is no a in font nullfont!
Missing character: There is no i in font nullfont!
Missing character: There is no n in font nullfont!
Missing character: There is no r in font nullfont!
Missing character: There is no u in font nullfont!
Missing character: There is no l in font nullfont!
Missing character: There is no e in font nullfont!
Missing character: There is no . in font nullfont!
Missing character: There is no I in font nullfont!
Missing character: There is no f in font nullfont!
Missing character: There is no i in font nullfont!
Missing character: There is no s in font nullfont!
Missing character: There is no d in font nullfont!
Missing character: There is no i in font nullfont!
Missing character: There is no f in font nullfont!
Missing character: There is no f in font nullfont!
Missing character: There is no e in font nullfont!
Missing character: There is no r in font nullfont!
Missing character: There is no e in font nullfont!
Missing character: There is no n in font nullfont!
Missing character: There is no t in font nullfont!
Missing character: There is no i in font nullfont!
Missing character: There is no a in font nullfont!
Missing character: There is no b in font nullfont!
Missing character: There is no l in font nullfont!
Missing character: There is no e in font nullfont!
Missing character: There is no a in font nullfont!
Missing character: There is no t in font nullfont!
Missing character: There is no a in font nullfont!
Missing character: There is no n in font nullfont!
Missing character: There is no d in font nullfont!
Missing character: There is no i in font nullfont!
Missing character: There is no s in font nullfont!
Missing character: There is no d in font nullfont!
Missing character: There is no i in font nullfont!
Missing character: There is no f in font nullfont!
Missing character: There is no f in font nullfont!
Missing character: There is no e in font nullfont!
Missing character: There is no r in font nullfont!
Missing character: There is no e in font nullfont!
Missing character: There is no n in font nullfont!
Missing character: There is no t in font nullfont!
Missing character: There is no i in font nullfont!
Missing character: There is no a in font nullfont!
Missing character: There is no b in font nullfont!
Missing character: There is no l in font nullfont!
Missing character: There is no e in font nullfont!
Missing character: There is no a in font nullfont!
Missing character: There is no t in font nullfont!
Missing character: There is no , in font nullfont!
Missing character: There is no t in font nullfont!
Missing character: There is no h in font nullfont!
Missing character: There is no e in font nullfont!
Missing character: There is no n in font nullfont!
Missing character: There is no t in font nullfont!
Missing character: There is no h in font nullfont!
Missing character: There is no e in font nullfont!
Missing character: There is no c in font nullfont!
Missing character: There is no o in font nullfont!
Missing character: There is no m in font nullfont!
Missing character: There is no p in font nullfont!
Missing character: There is no o in font nullfont!
Missing character: There is no s in font nullfont!
Missing character: There is no e in font nullfont!
Missing character: There is no d in font nullfont!
Missing character: There is no f in font nullfont!
Missing character: There is no u in font nullfont!
Missing character: There is no n in font nullfont!
Missing character: There is no c in font nullfont!
Missing character: There is no t in font nullfont!
Missing character: There is no i in font nullfont!
Missing character: There is no o in font nullfont!
Missing character: There is no n in font nullfont!
Missing character: There is no i in font nullfont!
Missing character: There is no s in font nullfont!
Missing character: There is no d in font nullfont!
Missing character: There is no i in font nullfont!
Missing character: There is no f in font nullfont!
Missing character: There is no f in font nullfont!
Missing character: There is no e in font nullfont!
Missing character: There is no r in font nullfont!
Missing character: There is no e in font nullfont!
Missing character: There is no n in font nullfont!
Missing character: There is no t in font nullfont!
Missing character: There is no i in font nullfont!
Missing character: There is no a in font nullfont!
Missing character: There is no b in font nullfont!
Missing character: There is no l in font nullfont!
Missing character: There is no e in font nullfont!
Missing character: There is no a in font nullfont!
Missing character: There is no t in font nullfont!
Missing character: There is no a in font nullfont!
Missing character: There is no n in font nullfont!
Missing character: There is no d in font nullfont!
Missing character: There is no . in font nullfont!

Overfull \hbox (18.84036pt too wide) in paragraph at lines 200--201
\OML/cmm/m/it/10 f\OT1/cmr/m/n/10 (\OML/cmm/m/it/10 z\OT1/cmr/m/n/10 )$
 []


Overfull \hbox (9.13663pt too wide) in paragraph at lines 200--201
\OML/cmm/m/it/10 z[]$
 []


Overfull \hbox (17.99657pt too wide) in paragraph at lines 200--201
\OML/cmm/m/it/10 g\OT1/cmr/m/n/10 (\OML/cmm/m/it/10 z\OT1/cmr/m/n/10 )$
 []


Overfull \hbox (22.2008pt too wide) in paragraph at lines 200--201
\OML/cmm/m/it/10 w[] \OT1/cmr/m/n/10 =
 []


Overfull \hbox (22.88669pt too wide) in paragraph at lines 200--201
\OML/cmm/m/it/10 f\OT1/cmr/m/n/10 (\OML/cmm/m/it/10 z[]\OT1/cmr/m/n/10 )$
 []


Overfull \hbox (14.01738pt too wide) in paragraph at lines 200--201
\OT1/cmr/m/n/10 (\OML/cmm/m/it/10 g \OMS/cmsy/m/n/10 ^^N
 []


Overfull \hbox (33.28477pt too wide) in paragraph at lines 200--201
\OML/cmm/m/it/10 f\OT1/cmr/m/n/10 )(\OML/cmm/m/it/10 z\OT1/cmr/m/n/10 ) =
 []


Overfull \hbox (31.74663pt too wide) in paragraph at lines 200--201
\OML/cmm/m/it/10 g\OT1/cmr/m/n/10 (\OML/cmm/m/it/10 f\OT1/cmr/m/n/10 (\OML/cmm/m/it/10 z\OT1/cmr/m/n/10 ))$
 []


Overfull \hbox (9.13663pt too wide) in paragraph at lines 200--201
\OML/cmm/m/it/10 z[]$
 []


Overfull \hbox (14.01738pt too wide) in paragraph at lines 200--201
\OT1/cmr/m/n/10 (\OML/cmm/m/it/10 g \OMS/cmsy/m/n/10 ^^N
 []


Overfull \hbox (40.13666pt too wide) in paragraph at lines 200--201
\OML/cmm/m/it/10 f\OT1/cmr/m/n/10 )[](\OML/cmm/m/it/10 z[]\OT1/cmr/m/n/10 ) =
 []


Overfull \hbox (63.60487pt too wide) in paragraph at lines 200--201
\OML/cmm/m/it/10 g[]\OT1/cmr/m/n/10 (\OML/cmm/m/it/10 w[]\OT1/cmr/m/n/10 )\OML/cmm/m/it/10 f[]\OT1/cmr/m/n/10 (\OML/cmm/m/it/10 z[]\OT1/cmr/m/n/10 ) =
 []


Overfull \hbox (64.29076pt too wide) in paragraph at lines 200--201
\OML/cmm/m/it/10 g[]\OT1/cmr/m/n/10 (\OML/cmm/m/it/10 f\OT1/cmr/m/n/10 (\OML/cmm/m/it/10 z[]\OT1/cmr/m/n/10 ))\OML/cmm/m/it/10 f[]\OT1/cmr/m/n/10 (\OML/cmm/m/it/10 z[]\OT1/cmr/m/n/10 )$ 
 []

Missing character: There is no P in font nullfont!
Missing character: There is no f in font nullfont!
Missing character: There is no . in font nullfont!
Missing character: There is no E in font nullfont!
Missing character: There is no X in font nullfont!
Missing character: There is no E in font nullfont!
Missing character: There is no R in font nullfont!
Missing character: There is no C in font nullfont!
Missing character: There is no I in font nullfont!
Missing character: There is no S in font nullfont!
Missing character: There is no E in font nullfont!
Missing character: There is no ( in font nullfont!
Missing character: There is no T in font nullfont!
Missing character: There is no h in font nullfont!
Missing character: There is no e in font nullfont!
Missing character: There is no d in font nullfont!
Missing character: There is no e in font nullfont!
Missing character: There is no t in font nullfont!
Missing character: There is no a in font nullfont!
Missing character: There is no i in font nullfont!
Missing character: There is no l in font nullfont!
Missing character: There is no s in font nullfont!
Missing character: There is no f in font nullfont!
Missing character: There is no o in font nullfont!
Missing character: There is no l in font nullfont!
Missing character: There is no l in font nullfont!
Missing character: There is no o in font nullfont!
Missing character: There is no w in font nullfont!
Missing character: There is no f in font nullfont!
Missing character: There is no r in font nullfont!
Missing character: There is no o in font nullfont!
Missing character: There is no m in font nullfont!
Missing character: There is no D in font nullfont!
Missing character: There is no e in font nullfont!
Missing character: There is no f in font nullfont!
Missing character: There is no 6 in font nullfont!
Missing character: There is no . in font nullfont!
Missing character: There is no 1 in font nullfont!
Missing character: There is no , in font nullfont!
Missing character: There is no P in font nullfont!
Missing character: There is no r in font nullfont!
Missing character: There is no o in font nullfont!
Missing character: There is no p in font nullfont!
Missing character: There is no 3 in font nullfont!
Missing character: There is no . in font nullfont!
Missing character: There is no 1 in font nullfont!
Missing character: There is no ; in font nullfont!
Missing character: There is no t in font nullfont!
Missing character: There is no h in font nullfont!
Missing character: There is no e in font nullfont!
Missing character: There is no c in font nullfont!
Missing character: There is no h in font nullfont!
Missing character: There is no a in font nullfont!
Missing character: There is no i in font nullfont!
Missing character: There is no n in font nullfont!
Missing character: There is no r in font nullfont!
Missing character: There is no u in font nullfont!
Missing character: There is no l in font nullfont!
Missing character: There is no e in font nullfont!
Missing character: There is no - in font nullfont!
Missing character: There is no p in font nullfont!
Missing character: There is no r in font nullfont!
Missing character: There is no o in font nullfont!
Missing character: There is no o in font nullfont!
Missing character: There is no f in font nullfont!
Missing character: There is no f in font nullfont!
Missing character: There is no o in font nullfont!
Missing character: There is no l in font nullfont!
Missing character: There is no l in font nullfont!
Missing character: There is no o in font nullfont!
Missing character: There is no w in font nullfont!
Missing character: There is no s in font nullfont!
Missing character: There is no f in font nullfont!
Missing character: There is no r in font nullfont!
Missing character: There is no o in font nullfont!
Missing character: There is no m in font nullfont!
Missing character: There is no D in font nullfont!
Missing character: There is no e in font nullfont!
Missing character: There is no f in font nullfont!
Missing character: There is no 6 in font nullfont!
Missing character: There is no . in font nullfont!
Missing character: There is no 1 in font nullfont!
Missing character: There is no a in font nullfont!
Missing character: There is no s in font nullfont!
Missing character: There is no i in font nullfont!
Missing character: There is no n in font nullfont!
Missing character: There is no t in font nullfont!
Missing character: There is no h in font nullfont!
Missing character: There is no e in font nullfont!
Missing character: There is no r in font nullfont!
Missing character: There is no e in font nullfont!
Missing character: There is no a in font nullfont!
Missing character: There is no l in font nullfont!
Missing character: There is no c in font nullfont!
Missing character: There is no a in font nullfont!
Missing character: There is no s in font nullfont!
Missing character: There is no e in font nullfont!
Missing character: There is no ) in font nullfont!
Missing character: There is no . in font nullfont!
Missing character: There is no W in font nullfont!
Missing character: There is no e in font nullfont!
Missing character: There is no h in font nullfont!
Missing character: There is no a in font nullfont!
Missing character: There is no v in font nullfont!
Missing character: There is no e in font nullfont!
Missing character: There is no s in font nullfont!
Missing character: There is no e in font nullfont!
Missing character: There is no e in font nullfont!
Missing character: There is no n in font nullfont!
Missing character: There is no t in font nullfont!
Missing character: There is no h in font nullfont!
Missing character: There is no a in font nullfont!
Missing character: There is no t in font nullfont!
Missing character: There is no t in font nullfont!
Missing character: There is no h in font nullfont!
Missing character: There is no e in font nullfont!
Missing character: There is no c in font nullfont!
Missing character: There is no o in font nullfont!
Missing character: There is no n in font nullfont!
Missing character: There is no s in font nullfont!
Missing character: There is no t in font nullfont!
Missing character: There is no a in font nullfont!
Missing character: There is no n in font nullfont!
Missing character: There is no t in font nullfont!
Missing character: There is no f in font nullfont!
Missing character: There is no u in font nullfont!
Missing character: There is no n in font nullfont!
Missing character: There is no c in font nullfont!
Missing character: There is no t in font nullfont!
Missing character: There is no i in font nullfont!
Missing character: There is no o in font nullfont!
Missing character: There is no n in font nullfont!
Missing character: There is no , in font nullfont!
Missing character: There is no t in font nullfont!
Missing character: There is no h in font nullfont!
Missing character: There is no e in font nullfont!
Missing character: There is no i in font nullfont!
Missing character: There is no d in font nullfont!
Missing character: There is no e in font nullfont!
Missing character: There is no n in font nullfont!
Missing character: There is no t in font nullfont!
Missing character: There is no i in font nullfont!
Missing character: There is no t in font nullfont!
Missing character: There is no y in font nullfont!
Missing character: There is no f in font nullfont!
Missing character: There is no u in font nullfont!
Missing character: There is no n in font nullfont!
Missing character: There is no c in font nullfont!
Missing character: There is no t in font nullfont!
Missing character: There is no i in font nullfont!
Missing character: There is no o in font nullfont!
Missing character: There is no n in font nullfont!
Missing character: There is no a in font nullfont!
Missing character: There is no n in font nullfont!
Missing character: There is no d in font nullfont!
Missing character: There is no a in font nullfont!
Missing character: There is no r in font nullfont!
Missing character: There is no e in font nullfont!
Missing character: There is no d in font nullfont!
Missing character: There is no i in font nullfont!
Missing character: There is no f in font nullfont!
Missing character: There is no f in font nullfont!
Missing character: There is no e in font nullfont!
Missing character: There is no r in font nullfont!
Missing character: There is no e in font nullfont!
Missing character: There is no n in font nullfont!
Missing character: There is no t in font nullfont!
Missing character: There is no i in font nullfont!
Missing character: There is no a in font nullfont!
Missing character: There is no b in font nullfont!
Missing character: There is no l in font nullfont!
Missing character: There is no e in font nullfont!
Missing character: There is no e in font nullfont!
Missing character: There is no v in font nullfont!
Missing character: There is no e in font nullfont!
Missing character: There is no r in font nullfont!
Missing character: There is no y in font nullfont!
Missing character: There is no w in font nullfont!
Missing character: There is no h in font nullfont!
Missing character: There is no e in font nullfont!
Missing character: There is no r in font nullfont!
Missing character: There is no e in font nullfont!
Missing character: There is no . in font nullfont!
Missing character: There is no S in font nullfont!
Missing character: There is no i in font nullfont!
Missing character: There is no n in font nullfont!
Missing character: There is no c in font nullfont!
Missing character: There is no e in font nullfont!
Missing character: There is no a in font nullfont!
Missing character: There is no n in font nullfont!
Missing character: There is no y in font nullfont!
Missing character: There is no p in font nullfont!
Missing character: There is no o in font nullfont!
Missing character: There is no l in font nullfont!
Missing character: There is no y in font nullfont!
Missing character: There is no n in font nullfont!
Missing character: There is no o in font nullfont!
Missing character: There is no m in font nullfont!
Missing character: There is no i in font nullfont!
Missing character: There is no a in font nullfont!
Missing character: There is no l in font nullfont!
Missing character: There is no c in font nullfont!
Missing character: There is no a in font nullfont!
Missing character: There is no n in font nullfont!
Missing character: There is no b in font nullfont!
Missing character: There is no e in font nullfont!
Missing character: There is no c in font nullfont!
Missing character: There is no o in font nullfont!
Missing character: There is no n in font nullfont!
Missing character: There is no s in font nullfont!
Missing character: There is no t in font nullfont!
Missing character: There is no r in font nullfont!
Missing character: There is no u in font nullfont!
Missing character: There is no c in font nullfont!
Missing character: There is no t in font nullfont!
Missing character: There is no e in font nullfont!
Missing character: There is no d in font nullfont!
Missing character: There is no o in font nullfont!
Missing character: There is no u in font nullfont!
Missing character: There is no t in font nullfont!
Missing character: There is no o in font nullfont!
Missing character: There is no f in font nullfont!
Missing character: There is no t in font nullfont!
Missing character: There is no h in font nullfont!
Missing character: There is no e in font nullfont!
Missing character: There is no s in font nullfont!
Missing character: There is no e in font nullfont!
Missing character: There is no f in font nullfont!
Missing character: There is no u in font nullfont!
Missing character: There is no n in font nullfont!
Missing character: There is no c in font nullfont!
Missing character: There is no t in font nullfont!
Missing character: There is no i in font nullfont!
Missing character: There is no o in font nullfont!
Missing character: There is no n in font nullfont!
Missing character: There is no s in font nullfont!
Missing character: There is no , in font nullfont!
Missing character: There is no u in font nullfont!
Missing character: There is no s in font nullfont!
Missing character: There is no i in font nullfont!
Missing character: There is no n in font nullfont!
Missing character: There is no g in font nullfont!
Missing character: There is no P in font nullfont!
Missing character: There is no r in font nullfont!
Missing character: There is no o in font nullfont!
Missing character: There is no p in font nullfont!
Missing character: There is no 6 in font nullfont!
Missing character: There is no . in font nullfont!
Missing character: There is no 1 in font nullfont!
Missing character: There is no w in font nullfont!
Missing character: There is no e in font nullfont!
Missing character: There is no c in font nullfont!
Missing character: There is no o in font nullfont!
Missing character: There is no n in font nullfont!
Missing character: There is no c in font nullfont!
Missing character: There is no l in font nullfont!
Missing character: There is no u in font nullfont!
Missing character: There is no d in font nullfont!
Missing character: There is no e in font nullfont!
Missing character: There is no : in font nullfont!

Overfull \hbox (20.0pt too wide) in paragraph at lines 203--205
[]
 []


Overfull \hbox (10.53363pt too wide) in paragraph at lines 203--205
\OML/cmm/m/it/10 z[]$
 []

Missing character: There is no C in font nullfont!
Missing character: There is no o in font nullfont!
Missing character: There is no m in font nullfont!
Missing character: There is no b in font nullfont!
Missing character: There is no i in font nullfont!
Missing character: There is no n in font nullfont!
Missing character: There is no i in font nullfont!
Missing character: There is no n in font nullfont!
Missing character: There is no g in font nullfont!
Missing character: There is no E in font nullfont!
Missing character: There is no x in font nullfont!
Missing character: There is no 8 in font nullfont!
Missing character: There is no . in font nullfont!
Missing character: There is no 1 in font nullfont!
Missing character: There is no , in font nullfont!
Missing character: There is no E in font nullfont!
Missing character: There is no x in font nullfont!
Missing character: There is no 8 in font nullfont!
Missing character: There is no . in font nullfont!
Missing character: There is no 2 in font nullfont!
Missing character: There is no , in font nullfont!
Missing character: There is no a in font nullfont!
Missing character: There is no n in font nullfont!
Missing character: There is no d in font nullfont!
Missing character: There is no P in font nullfont!
Missing character: There is no r in font nullfont!
Missing character: There is no o in font nullfont!
Missing character: There is no p in font nullfont!
Missing character: There is no 6 in font nullfont!
Missing character: There is no . in font nullfont!
Missing character: There is no 1 in font nullfont!
Missing character: There is no 1 in font nullfont!
Missing character: There is no ) in font nullfont!
Missing character: There is no , in font nullfont!
Missing character: There is no 3 in font nullfont!
Missing character: There is no ) in font nullfont!
Missing character: There is no , in font nullfont!
Missing character: There is no w in font nullfont!
Missing character: There is no e in font nullfont!
Missing character: There is no o in font nullfont!
Missing character: There is no b in font nullfont!
Missing character: There is no t in font nullfont!
Missing character: There is no a in font nullfont!
Missing character: There is no i in font nullfont!
Missing character: There is no n in font nullfont!
Missing character: There is no : in font nullfont!

Overfull \hbox (20.0pt too wide) in paragraph at lines 206--207
[]
 []

Missing character: There is no A in font nullfont!
Missing character: There is no n in font nullfont!
Missing character: There is no y in font nullfont!
Missing character: There is no p in font nullfont!
Missing character: There is no o in font nullfont!
Missing character: There is no l in font nullfont!
Missing character: There is no y in font nullfont!
Missing character: There is no n in font nullfont!
Missing character: There is no o in font nullfont!
Missing character: There is no m in font nullfont!
Missing character: There is no i in font nullfont!
Missing character: There is no a in font nullfont!
Missing character: There is no l in font nullfont!
/home/jonzoda/Documents/school/2024/MTH5103/notes/final_complex_variable/input/note03.tex:208: Undefined control sequence.
l.208 ...ots + a_nz^n, a_0, \dots, a_n \in \mathbb
                                                  {C}$ is differentiable eve...
The control sequence at the end of the top line
of your error message was never \def'ed. If you have
misspelled it (e.g., `\hobx'), type `I' and the correct
spelling (e.g., `I\hbox'). Otherwise just continue,
and I'll forget about whatever was undefined.

Missing character: There is no i in font nullfont!
Missing character: There is no s in font nullfont!
Missing character: There is no d in font nullfont!
Missing character: There is no i in font nullfont!
Missing character: There is no f in font nullfont!
Missing character: There is no f in font nullfont!
Missing character: There is no e in font nullfont!
Missing character: There is no r in font nullfont!
Missing character: There is no e in font nullfont!
Missing character: There is no n in font nullfont!
Missing character: There is no t in font nullfont!
Missing character: There is no i in font nullfont!
Missing character: There is no a in font nullfont!
Missing character: There is no b in font nullfont!
Missing character: There is no l in font nullfont!
Missing character: There is no e in font nullfont!
Missing character: There is no e in font nullfont!
Missing character: There is no v in font nullfont!
Missing character: There is no e in font nullfont!
Missing character: There is no r in font nullfont!
Missing character: There is no y in font nullfont!
Missing character: There is no w in font nullfont!
Missing character: There is no h in font nullfont!
Missing character: There is no e in font nullfont!
Missing character: There is no r in font nullfont!
Missing character: There is no e in font nullfont!
Missing character: There is no i in font nullfont!
Missing character: There is no n in font nullfont!
/home/jonzoda/Documents/school/2024/MTH5103/notes/final_complex_variable/input/note03.tex:208: Undefined control sequence.
<recently read> \mathbb 
                        
l.208 ... is differentiable everywhere in $\mathbb
                                                  {C}$ and $(P_n)'(z) = a_1 ...
The control sequence at the end of the top line
of your error message was never \def'ed. If you have
misspelled it (e.g., `\hobx'), type `I' and the correct
spelling (e.g., `I\hbox'). Otherwise just continue,
and I'll forget about whatever was undefined.

Missing character: There is no a in font nullfont!
Missing character: There is no n in font nullfont!
Missing character: There is no d in font nullfont!
Missing character: There is no . in font nullfont!

Overfull \hbox (38.79158pt too wide) in paragraph at lines 208--209
[]\OT1/cmr/bx/n/10 Cor
 []


Overfull \hbox (17.8888pt too wide) in paragraph at lines 208--209
\OT1/cmr/bx/n/10 6.1.
 []


Overfull \hbox (35.28708pt too wide) in paragraph at lines 208--209
\OML/cmm/m/it/10 P[]\OT1/cmr/m/n/10 (\OML/cmm/m/it/10 z\OT1/cmr/m/n/10 ) =
 []


Overfull \hbox (17.54982pt too wide) in paragraph at lines 208--209
\OML/cmm/m/it/10 a[] \OT1/cmr/m/n/10 +
 []


Overfull \hbox (22.64012pt too wide) in paragraph at lines 208--209
\OML/cmm/m/it/10 a[]z \OT1/cmr/m/n/10 +
 []


Overfull \hbox (19.44441pt too wide) in paragraph at lines 208--209
[] \OT1/cmr/m/n/10 +
 []


Overfull \hbox (77.87495pt too wide) in paragraph at lines 208--209
\OML/cmm/m/it/10 a[]z[]; a[]; [] ; a[] \OMS/cmsy/m/n/10 2
 []


Overfull \hbox (7.86249pt too wide) in paragraph at lines 208--209
\OML/cmm/m/it/10 C$
 []


Overfull \hbox (7.86249pt too wide) in paragraph at lines 208--209
\OML/cmm/m/it/10 C$
 []


Overfull \hbox (45.87044pt too wide) in paragraph at lines 208--209
\OT1/cmr/m/n/10 (\OML/cmm/m/it/10 P[]\OT1/cmr/m/n/10 )[](\OML/cmm/m/it/10 z\OT1/cmr/m/n/10 ) =
 []


Overfull \hbox (17.54982pt too wide) in paragraph at lines 208--209
\OML/cmm/m/it/10 a[] \OT1/cmr/m/n/10 +
 []


Overfull \hbox (27.64014pt too wide) in paragraph at lines 208--209
\OT1/cmr/m/n/10 2\OML/cmm/m/it/10 a[]z \OT1/cmr/m/n/10 +
 []


Overfull \hbox (32.12627pt too wide) in paragraph at lines 208--209
\OT1/cmr/m/n/10 3\OML/cmm/m/it/10 a[]z[] \OT1/cmr/m/n/10 +
 []


Overfull \hbox (19.44441pt too wide) in paragraph at lines 208--209
[] \OT1/cmr/m/n/10 +
 []


Overfull \hbox (37.50134pt too wide) in paragraph at lines 208--209
\OML/cmm/m/it/10 na[]z[]$ 
 []

Missing character: There is no P in font nullfont!
Missing character: There is no r in font nullfont!
Missing character: There is no o in font nullfont!
Missing character: There is no p in font nullfont!
Missing character: There is no 6 in font nullfont!
Missing character: There is no . in font nullfont!
Missing character: There is no 1 in font nullfont!
Missing character: There is no w in font nullfont!
Missing character: There is no i in font nullfont!
Missing character: There is no t in font nullfont!
Missing character: There is no h in font nullfont!
Missing character: There is no C in font nullfont!
Missing character: There is no o in font nullfont!
Missing character: There is no r in font nullfont!
Missing character: There is no 6 in font nullfont!
Missing character: There is no . in font nullfont!
Missing character: There is no 1 in font nullfont!
Missing character: There is no i in font nullfont!
Missing character: There is no m in font nullfont!
Missing character: There is no p in font nullfont!
Missing character: There is no l in font nullfont!
Missing character: There is no y in font nullfont!

Overfull \hbox (20.0pt too wide) in paragraph at lines 210--211
[]
 []

Missing character: There is no A in font nullfont!
Missing character: There is no n in font nullfont!
Missing character: There is no y in font nullfont!
Missing character: There is no r in font nullfont!
Missing character: There is no a in font nullfont!
Missing character: There is no t in font nullfont!
Missing character: There is no i in font nullfont!
Missing character: There is no o in font nullfont!
Missing character: There is no n in font nullfont!
Missing character: There is no a in font nullfont!
Missing character: There is no l in font nullfont!
Missing character: There is no f in font nullfont!
Missing character: There is no u in font nullfont!
Missing character: There is no n in font nullfont!
Missing character: There is no c in font nullfont!
Missing character: There is no t in font nullfont!
Missing character: There is no i in font nullfont!
Missing character: There is no o in font nullfont!
Missing character: There is no n in font nullfont!
Missing character: There is no ( in font nullfont!
Missing character: There is no p in font nullfont!
Missing character: There is no o in font nullfont!
Missing character: There is no l in font nullfont!
Missing character: There is no y in font nullfont!
Missing character: There is no n in font nullfont!
Missing character: There is no o in font nullfont!
Missing character: There is no m in font nullfont!
Missing character: There is no i in font nullfont!
Missing character: There is no a in font nullfont!
Missing character: There is no l in font nullfont!
Missing character: There is no s in font nullfont!
Missing character: There is no o in font nullfont!
Missing character: There is no f in font nullfont!
Missing character: There is no d in font nullfont!
Missing character: There is no e in font nullfont!
Missing character: There is no g in font nullfont!
Missing character: There is no r in font nullfont!
Missing character: There is no e in font nullfont!
Missing character: There is no e in font nullfont!
Missing character: There is no r in font nullfont!
Missing character: There is no e in font nullfont!
Missing character: There is no s in font nullfont!
Missing character: There is no p in font nullfont!
Missing character: There is no e in font nullfont!
Missing character: There is no c in font nullfont!
Missing character: There is no t in font nullfont!
Missing character: There is no i in font nullfont!
Missing character: There is no v in font nullfont!
Missing character: There is no e in font nullfont!
Missing character: There is no l in font nullfont!
Missing character: There is no y in font nullfont!
Missing character: There is no ) in font nullfont!
Missing character: There is no i in font nullfont!
Missing character: There is no s in font nullfont!
Missing character: There is no d in font nullfont!
Missing character: There is no i in font nullfont!
Missing character: There is no f in font nullfont!
Missing character: There is no f in font nullfont!
Missing character: There is no e in font nullfont!
Missing character: There is no r in font nullfont!
Missing character: There is no e in font nullfont!
Missing character: There is no n in font nullfont!
Missing character: There is no t in font nullfont!
Missing character: There is no i in font nullfont!
Missing character: There is no a in font nullfont!
Missing character: There is no b in font nullfont!
Missing character: There is no l in font nullfont!
Missing character: There is no e in font nullfont!
Missing character: There is no e in font nullfont!
Missing character: There is no v in font nullfont!
Missing character: There is no e in font nullfont!
Missing character: There is no r in font nullfont!
Missing character: There is no y in font nullfont!
Missing character: There is no w in font nullfont!
Missing character: There is no h in font nullfont!
Missing character: There is no e in font nullfont!
Missing character: There is no r in font nullfont!
Missing character: There is no e in font nullfont!
Missing character: There is no i in font nullfont!
Missing character: There is no n in font nullfont!
/home/jonzoda/Documents/school/2024/MTH5103/notes/final_complex_variable/input/note03.tex:212: Undefined control sequence.
<recently read> \mathbb 
                        
l.212 ... is differentiable everywhere in $\mathbb
                                                  {C}$, except possibly at t...
The control sequence at the end of the top line
of your error message was never \def'ed. If you have
misspelled it (e.g., `\hobx'), type `I' and the correct
spelling (e.g., `I\hbox'). Otherwise just continue,
and I'll forget about whatever was undefined.

Missing character: There is no , in font nullfont!
Missing character: There is no e in font nullfont!
Missing character: There is no x in font nullfont!
Missing character: There is no c in font nullfont!
Missing character: There is no e in font nullfont!
Missing character: There is no p in font nullfont!
Missing character: There is no t in font nullfont!
Missing character: There is no p in font nullfont!
Missing character: There is no o in font nullfont!
Missing character: There is no s in font nullfont!
Missing character: There is no s in font nullfont!
Missing character: There is no i in font nullfont!
Missing character: There is no b in font nullfont!
Missing character: There is no l in font nullfont!
Missing character: There is no y in font nullfont!
Missing character: There is no a in font nullfont!
Missing character: There is no t in font nullfont!
Missing character: There is no t in font nullfont!
Missing character: There is no h in font nullfont!
Missing character: There is no e in font nullfont!
Missing character: There is no r in font nullfont!
Missing character: There is no o in font nullfont!
Missing character: There is no o in font nullfont!
Missing character: There is no t in font nullfont!
Missing character: There is no s in font nullfont!
Missing character: There is no o in font nullfont!
Missing character: There is no f in font nullfont!
Missing character: There is no , in font nullfont!
Missing character: There is no a in font nullfont!
Missing character: There is no n in font nullfont!
Missing character: There is no d in font nullfont!
Missing character: There is no . in font nullfont!

Overfull \hbox (38.79158pt too wide) in paragraph at lines 212--213
[]\OT1/cmr/bx/n/10 Cor
 []


Overfull \hbox (17.8888pt too wide) in paragraph at lines 212--213
\OT1/cmr/bx/n/10 6.2:
 []


Overfull \hbox (29.39587pt too wide) in paragraph at lines 212--213
\OML/cmm/m/it/10 f\OT1/cmr/m/n/10 (\OML/cmm/m/it/10 z\OT1/cmr/m/n/10 ) =
 []


Overfull \hbox (25.69562pt too wide) in paragraph at lines 212--213
[]$
 []


Overfull \hbox (31.80954pt too wide) in paragraph at lines 212--213
\OML/cmm/m/it/10 P[]; Q[]$
 []


Overfull \hbox (19.2269pt too wide) in paragraph at lines 212--213
\OML/cmm/m/it/10 n; m$
 []


Overfull \hbox (7.86249pt too wide) in paragraph at lines 212--213
\OML/cmm/m/it/10 C$
 []


Overfull \hbox (28.36977pt too wide) in paragraph at lines 212--213
\OML/cmm/m/it/10 Q[]\OT1/cmr/m/n/10 (\OML/cmm/m/it/10 z\OT1/cmr/m/n/10 )$
 []


Overfull \hbox (32.20143pt too wide) in paragraph at lines 212--213
\OML/cmm/m/it/10 f[]\OT1/cmr/m/n/10 (\OML/cmm/m/it/10 z\OT1/cmr/m/n/10 ) =
 []


Overfull \hbox (143.2059pt too wide) in paragraph at lines 212--213
[]\OML/cmm/m/it/10 ; \OT1/cmr/m/n/10 (\OML/cmm/m/it/10 Q[]\OT1/cmr/m/n/10 (\OML/cmm/m/it/10 z\OT1/cmr/m/n/10 ) \OMS/cmsy/m/n/10 6\OT1/cmr/m/n/10 =
 []


Overfull \hbox (8.88892pt too wide) in paragraph at lines 212--213
\OT1/cmr/m/n/10 0)$ 
 []

Missing character: There is no C in font nullfont!
Missing character: There is no o in font nullfont!
Missing character: There is no m in font nullfont!
Missing character: There is no p in font nullfont!
Missing character: There is no u in font nullfont!
Missing character: There is no t in font nullfont!
Missing character: There is no e in font nullfont!
Missing character: There is no t in font nullfont!
Missing character: There is no h in font nullfont!
Missing character: There is no e in font nullfont!
Missing character: There is no d in font nullfont!
Missing character: There is no e in font nullfont!
Missing character: There is no r in font nullfont!
Missing character: There is no i in font nullfont!
Missing character: There is no v in font nullfont!
Missing character: There is no a in font nullfont!
Missing character: There is no t in font nullfont!
Missing character: There is no i in font nullfont!
Missing character: There is no v in font nullfont!
Missing character: There is no e in font nullfont!
Missing character: There is no o in font nullfont!
Missing character: There is no f in font nullfont!
Missing character: There is no . in font nullfont!

Overfull \hbox (33.62492pt too wide) in paragraph at lines 214--215
[]\OT1/cmr/bx/n/10 Ex
 []


Overfull \hbox (17.8888pt too wide) in paragraph at lines 214--215
\OT1/cmr/bx/n/10 8.5:
 []


Overfull \hbox (29.39587pt too wide) in paragraph at lines 214--215
\OML/cmm/m/it/10 f\OT1/cmr/m/n/10 (\OML/cmm/m/it/10 z\OT1/cmr/m/n/10 ) =
 []


Overfull \hbox (37.70866pt too wide) in paragraph at lines 214--215
[]$ 
 []

Missing character: There is no S in font nullfont!
Missing character: There is no o in font nullfont!
Missing character: There is no l in font nullfont!
Missing character: There is no : in font nullfont!
Missing character: There is no C in font nullfont!
Missing character: There is no o in font nullfont!
Missing character: There is no m in font nullfont!
Missing character: There is no b in font nullfont!
Missing character: There is no i in font nullfont!
Missing character: There is no n in font nullfont!
Missing character: There is no i in font nullfont!
Missing character: There is no n in font nullfont!
Missing character: There is no g in font nullfont!
Missing character: There is no P in font nullfont!
Missing character: There is no r in font nullfont!
Missing character: There is no o in font nullfont!
Missing character: There is no p in font nullfont!
Missing character: There is no 6 in font nullfont!
Missing character: There is no . in font nullfont!
Missing character: There is no 4 in font nullfont!
Missing character: There is no , in font nullfont!
Missing character: There is no C in font nullfont!
Missing character: There is no o in font nullfont!
Missing character: There is no r in font nullfont!
Missing character: There is no 6 in font nullfont!
Missing character: There is no . in font nullfont!
Missing character: There is no 2 in font nullfont!
Missing character: There is no , in font nullfont!
Missing character: There is no a in font nullfont!
Missing character: There is no n in font nullfont!
Missing character: There is no d in font nullfont!
Missing character: There is no E in font nullfont!
Missing character: There is no x in font nullfont!
Missing character: There is no 8 in font nullfont!
Missing character: There is no . in font nullfont!
Missing character: There is no 2 in font nullfont!
Missing character: There is no w in font nullfont!
Missing character: There is no e in font nullfont!
Missing character: There is no o in font nullfont!
Missing character: There is no b in font nullfont!
Missing character: There is no t in font nullfont!
Missing character: There is no a in font nullfont!
Missing character: There is no i in font nullfont!
Missing character: There is no n in font nullfont!

Overfull \hbox (20.0pt too wide) in paragraph at lines 216--217
[]
 []


Overfull \hbox (356.49054pt too wide) detected at line 217
\OML/cmm/m/it/10 f[]\OT1/cmr/m/n/10 (\OML/cmm/m/it/10 z\OT1/cmr/m/n/10 ) = [] = []
 []

Missing character: There is no ( in font nullfont!
Missing character: There is no e in font nullfont!
Missing character: There is no x in font nullfont!
Missing character: There is no i in font nullfont!
Missing character: There is no s in font nullfont!
Missing character: There is no t in font nullfont!
Missing character: There is no s in font nullfont!
Missing character: There is no f in font nullfont!
Missing character: There is no o in font nullfont!
Missing character: There is no r in font nullfont!
Missing character: There is no , in font nullfont!
Missing character: There is no f in font nullfont!
Missing character: There is no o in font nullfont!
Missing character: There is no r in font nullfont!
Missing character: There is no w in font nullfont!
Missing character: There is no h in font nullfont!
Missing character: There is no i in font nullfont!
Missing character: There is no c in font nullfont!
Missing character: There is no h in font nullfont!
Missing character: There is no a in font nullfont!
Missing character: There is no n in font nullfont!
Missing character: There is no d in font nullfont!
Missing character: There is no t in font nullfont!
Missing character: There is no h in font nullfont!
Missing character: There is no e in font nullfont!
Missing character: There is no n in font nullfont!
Missing character: There is no u in font nullfont!
Missing character: There is no m in font nullfont!
Missing character: There is no e in font nullfont!
Missing character: There is no r in font nullfont!
Missing character: There is no a in font nullfont!
Missing character: There is no t in font nullfont!
Missing character: There is no o in font nullfont!
Missing character: There is no r in font nullfont!
Missing character: There is no i in font nullfont!
Missing character: There is no s in font nullfont!
Missing character: There is no n in font nullfont!
Missing character: There is no o in font nullfont!
Missing character: There is no t in font nullfont!
Missing character: There is no 0 in font nullfont!
Missing character: There is no ! in font nullfont!
Missing character: There is no ) in font nullfont!

Overfull \hbox (15.64581pt too wide) in paragraph at lines 217--219
  $\OML/cmm/m/it/10 z \OMS/cmsy/m/n/10 6\OT1/cmr/m/n/10 =
 []


Overfull \hbox (17.88957pt too wide) in paragraph at lines 217--219
\OT1/cmr/m/n/10 0\OML/cmm/m/it/10 ; \OT1/cmr/m/n/10 3\OML/cmm/m/it/10 i$
 []


Overfull \hbox (17.35423pt too wide) in paragraph at lines 217--219
\OML/cmm/m/it/10 z[] \OMS/cmsy/m/n/10 ^^@
 []


Overfull \hbox (24.09096pt too wide) in paragraph at lines 217--219
\OT1/cmr/m/n/10 3\OML/cmm/m/it/10 iz \OT1/cmr/m/n/10 =
 []


Overfull \hbox (5.00002pt too wide) in paragraph at lines 217--219
\OT1/cmr/m/n/10 0$
 []

Missing character: There is no N in font nullfont!
Missing character: There is no e in font nullfont!
Missing character: There is no x in font nullfont!
Missing character: There is no t in font nullfont!
Missing character: There is no p in font nullfont!
Missing character: There is no r in font nullfont!
Missing character: There is no o in font nullfont!
Missing character: There is no p in font nullfont!
Missing character: There is no o in font nullfont!
Missing character: There is no s in font nullfont!
Missing character: There is no i in font nullfont!
Missing character: There is no t in font nullfont!
Missing character: There is no i in font nullfont!
Missing character: There is no o in font nullfont!
Missing character: There is no n in font nullfont!
Missing character: There is no p in font nullfont!
Missing character: There is no r in font nullfont!
Missing character: There is no o in font nullfont!
Missing character: There is no v in font nullfont!
Missing character: There is no i in font nullfont!
Missing character: There is no d in font nullfont!
Missing character: There is no e in font nullfont!
Missing character: There is no s in font nullfont!
Missing character: There is no a in font nullfont!
Missing character: There is no r in font nullfont!
Missing character: There is no e in font nullfont!
Missing character: There is no l in font nullfont!
Missing character: There is no a in font nullfont!
Missing character: There is no t in font nullfont!
Missing character: There is no i in font nullfont!
Missing character: There is no o in font nullfont!
Missing character: There is no n in font nullfont!
Missing character: There is no b in font nullfont!
Missing character: There is no e in font nullfont!
Missing character: There is no t in font nullfont!
Missing character: There is no w in font nullfont!
Missing character: There is no e in font nullfont!
Missing character: There is no e in font nullfont!
Missing character: There is no n in font nullfont!
Missing character: There is no t in font nullfont!
Missing character: There is no h in font nullfont!
Missing character: There is no e in font nullfont!
Missing character: There is no c in font nullfont!
Missing character: There is no o in font nullfont!
Missing character: There is no n in font nullfont!
Missing character: There is no t in font nullfont!
Missing character: There is no i in font nullfont!
Missing character: There is no n in font nullfont!
Missing character: There is no u in font nullfont!
Missing character: There is no i in font nullfont!
Missing character: There is no t in font nullfont!
Missing character: There is no y in font nullfont!
Missing character: There is no a in font nullfont!
Missing character: There is no n in font nullfont!
Missing character: There is no d in font nullfont!
Missing character: There is no d in font nullfont!
Missing character: There is no i in font nullfont!
Missing character: There is no f in font nullfont!
Missing character: There is no f in font nullfont!
Missing character: There is no e in font nullfont!
Missing character: There is no r in font nullfont!
Missing character: There is no e in font nullfont!
Missing character: There is no n in font nullfont!
Missing character: There is no t in font nullfont!
Missing character: There is no i in font nullfont!
Missing character: There is no a in font nullfont!
Missing character: There is no b in font nullfont!
Missing character: There is no i in font nullfont!
Missing character: There is no l in font nullfont!
Missing character: There is no i in font nullfont!
Missing character: There is no t in font nullfont!
Missing character: There is no y in font nullfont!
Missing character: There is no . in font nullfont!

Overfull \hbox (20.0pt too wide) in paragraph at lines 220--221
[]
 []

Missing character: There is no I in font nullfont!
Missing character: There is no f in font nullfont!
Missing character: There is no i in font nullfont!
Missing character: There is no s in font nullfont!
Missing character: There is no d in font nullfont!
Missing character: There is no i in font nullfont!
Missing character: There is no f in font nullfont!
Missing character: There is no f in font nullfont!
Missing character: There is no e in font nullfont!
Missing character: There is no r in font nullfont!
Missing character: There is no e in font nullfont!
Missing character: There is no n in font nullfont!
Missing character: There is no t in font nullfont!
Missing character: There is no i in font nullfont!
Missing character: There is no a in font nullfont!
Missing character: There is no b in font nullfont!
Missing character: There is no l in font nullfont!
Missing character: There is no e in font nullfont!
Missing character: There is no a in font nullfont!
Missing character: There is no t in font nullfont!
Missing character: There is no , in font nullfont!
Missing character: There is no t in font nullfont!
Missing character: There is no h in font nullfont!
Missing character: There is no e in font nullfont!
Missing character: There is no n in font nullfont!
Missing character: There is no i in font nullfont!
Missing character: There is no s in font nullfont!
Missing character: There is no c in font nullfont!
Missing character: There is no o in font nullfont!
Missing character: There is no n in font nullfont!
Missing character: There is no t in font nullfont!
Missing character: There is no i in font nullfont!
Missing character: There is no n in font nullfont!
Missing character: There is no u in font nullfont!
Missing character: There is no o in font nullfont!
Missing character: There is no u in font nullfont!
Missing character: There is no s in font nullfont!
Missing character: There is no a in font nullfont!
Missing character: There is no t in font nullfont!
Missing character: There is no . in font nullfont!

Overfull \hbox (44.736pt too wide) in paragraph at lines 222--223
[]\OT1/cmr/bx/n/10 Prop
 []


Overfull \hbox (17.8888pt too wide) in paragraph at lines 222--223
\OT1/cmr/bx/n/10 6.5:
 []


Overfull \hbox (5.97226pt too wide) in paragraph at lines 222--223
\OML/cmm/m/it/10 f$
 []


Overfull \hbox (9.13663pt too wide) in paragraph at lines 222--223
\OML/cmm/m/it/10 z[]$
 []


Overfull \hbox (5.97226pt too wide) in paragraph at lines 222--223
\OML/cmm/m/it/10 f$
 []


Overfull \hbox (9.13663pt too wide) in paragraph at lines 222--223
\OML/cmm/m/it/10 z[]$ 
 []

Missing character: There is no P in font nullfont!
Missing character: There is no f in font nullfont!
Missing character: There is no : in font nullfont!
Missing character: There is no O in font nullfont!
Missing character: There is no b in font nullfont!
Missing character: There is no s in font nullfont!
Missing character: There is no e in font nullfont!
Missing character: There is no r in font nullfont!
Missing character: There is no v in font nullfont!
Missing character: There is no e in font nullfont!
Missing character: There is no t in font nullfont!
Missing character: There is no h in font nullfont!
Missing character: There is no a in font nullfont!
Missing character: There is no t in font nullfont!

Overfull \hbox (20.0pt too wide) in paragraph at lines 224--225
[]
 []


Overfull \hbox (405.56253pt too wide) detected at line 225
[]\OT1/cmr/m/n/10 (\OML/cmm/m/it/10 f\OT1/cmr/m/n/10 (\OML/cmm/m/it/10 z\OT1/cmr/m/n/10 ) \OMS/cmsy/m/n/10 ^^@ \OML/cmm/m/it/10 f\OT1/cmr/m/n/10 (\OML/cmm/m/it/10 z[]\OT1/cmr/m/n/10 )) = [] [](\OML/cmm/m/it/10 z \OMS/cmsy/m/n/10 ^^@ \OML/cmm/m/it/10 z[]\OT1/cmr/m/n/10 ) = [] [] [](\OML/cmm/m/it/10 z \OMS/cmsy/m/n/10 ^^@ \OML/cmm/m/it/10 z[]\OT1/cmr/m/n/10 ) = \OML/cmm/m/it/10 f[]\OT1/cmr/m/n/10 (\OML/cmm/m/it/10 z[]\OT1/cmr/m/n/10 ) \OMS/cmsy/m/n/10 ^^A \OT1/cmr/m/n/10 0 = 0
 []

/home/jonzoda/Documents/school/2024/MTH5103/notes/final_complex_variable/input/note03.tex:226: Undefined control sequence.
l.226 $$ \implies
                  \lim_{z \to z_0}(f(z) - f(z_0)) = (\lim_{z \to z_0} f(z)) ...
The control sequence at the end of the top line
of your error message was never \def'ed. If you have
misspelled it (e.g., `\hobx'), type `I' and the correct
spelling (e.g., `I\hbox'). Otherwise just continue,
and I'll forget about whatever was undefined.


Overfull \hbox (293.47975pt too wide) detected at line 226
[]\OT1/cmr/m/n/10 (\OML/cmm/m/it/10 f\OT1/cmr/m/n/10 (\OML/cmm/m/it/10 z\OT1/cmr/m/n/10 ) \OMS/cmsy/m/n/10 ^^@ \OML/cmm/m/it/10 f\OT1/cmr/m/n/10 (\OML/cmm/m/it/10 z[]\OT1/cmr/m/n/10 )) = ([] \OML/cmm/m/it/10 f\OT1/cmr/m/n/10 (\OML/cmm/m/it/10 z\OT1/cmr/m/n/10 )) \OMS/cmsy/m/n/10 ^^@ \OML/cmm/m/it/10 f\OT1/cmr/m/n/10 (\OML/cmm/m/it/10 z[]\OT1/cmr/m/n/10 ) = 0  \OMS/cmsy/m/n/10 ([])  [] \OML/cmm/m/it/10 f\OT1/cmr/m/n/10 (\OML/cmm/m/it/10 z\OT1/cmr/m/n/10 ) = \OML/cmm/m/it/10 f\OT1/cmr/m/n/10 (\OML/cmm/m/it/10 z[]\OT1/cmr/m/n/10 )
 []

Missing character: There is no R in font nullfont!
Missing character: There is no m in font nullfont!
Missing character: There is no k in font nullfont!
Missing character: There is no : in font nullfont!
Missing character: There is no T in font nullfont!
Missing character: There is no h in font nullfont!
Missing character: There is no e in font nullfont!
Missing character: There is no c in font nullfont!
Missing character: There is no o in font nullfont!
Missing character: There is no n in font nullfont!
Missing character: There is no v in font nullfont!
Missing character: There is no e in font nullfont!
Missing character: There is no r in font nullfont!
Missing character: There is no s in font nullfont!
Missing character: There is no e in font nullfont!
Missing character: There is no i in font nullfont!
Missing character: There is no s in font nullfont!
Missing character: There is no f in font nullfont!
Missing character: There is no a in font nullfont!
Missing character: There is no l in font nullfont!
Missing character: There is no s in font nullfont!
Missing character: There is no e in font nullfont!
Missing character: There is no ! in font nullfont!
Missing character: There is no i in font nullfont!
Missing character: There is no s in font nullfont!
Missing character: There is no c in font nullfont!
Missing character: There is no o in font nullfont!
Missing character: There is no n in font nullfont!
Missing character: There is no t in font nullfont!
Missing character: There is no i in font nullfont!
Missing character: There is no n in font nullfont!
Missing character: There is no u in font nullfont!
Missing character: There is no o in font nullfont!
Missing character: There is no u in font nullfont!
Missing character: There is no s in font nullfont!
Missing character: There is no e in font nullfont!
Missing character: There is no v in font nullfont!
Missing character: There is no e in font nullfont!
Missing character: There is no r in font nullfont!
Missing character: There is no y in font nullfont!
Missing character: There is no w in font nullfont!
Missing character: There is no h in font nullfont!
Missing character: There is no e in font nullfont!
Missing character: There is no r in font nullfont!
Missing character: There is no e in font nullfont!
Missing character: There is no , in font nullfont!
Missing character: There is no y in font nullfont!
Missing character: There is no e in font nullfont!
Missing character: There is no t in font nullfont!
Missing character: There is no d in font nullfont!
Missing character: There is no i in font nullfont!
Missing character: There is no f in font nullfont!
Missing character: There is no f in font nullfont!
Missing character: There is no e in font nullfont!
Missing character: There is no r in font nullfont!
Missing character: There is no e in font nullfont!
Missing character: There is no n in font nullfont!
Missing character: There is no t in font nullfont!
Missing character: There is no i in font nullfont!
Missing character: There is no a in font nullfont!
Missing character: There is no b in font nullfont!
Missing character: There is no l in font nullfont!
Missing character: There is no e in font nullfont!
Missing character: There is no n in font nullfont!
Missing character: There is no o in font nullfont!
Missing character: There is no w in font nullfont!
Missing character: There is no h in font nullfont!
Missing character: There is no e in font nullfont!
Missing character: There is no r in font nullfont!
Missing character: There is no e in font nullfont!
Missing character: There is no ! in font nullfont!

Overfull \hbox (20.0pt too wide) in paragraph at lines 228--229
[]
 []


Overfull \hbox (29.39587pt too wide) in paragraph at lines 228--229
\OML/cmm/m/it/10 f\OT1/cmr/m/n/10 (\OML/cmm/m/it/10 z\OT1/cmr/m/n/10 ) =
 []


Overfull \hbox (5.0903pt too wide) in paragraph at lines 228--229
[]$
 []

Missing character: There is no T in font nullfont!
Missing character: There is no h in font nullfont!
Missing character: There is no i in font nullfont!
Missing character: There is no s in font nullfont!
Missing character: There is no l in font nullfont!
Missing character: There is no e in font nullfont!
Missing character: There is no a in font nullfont!
Missing character: There is no d in font nullfont!
Missing character: There is no s in font nullfont!
Missing character: There is no t in font nullfont!
Missing character: There is no o in font nullfont!
Missing character: There is no t in font nullfont!
Missing character: There is no h in font nullfont!
Missing character: There is no e in font nullfont!
Missing character: There is no f in font nullfont!
Missing character: There is no o in font nullfont!
Missing character: There is no l in font nullfont!
Missing character: There is no l in font nullfont!
Missing character: There is no o in font nullfont!
Missing character: There is no w in font nullfont!
Missing character: There is no i in font nullfont!
Missing character: There is no n in font nullfont!
Missing character: There is no g in font nullfont!
Missing character: There is no n in font nullfont!
Missing character: There is no a in font nullfont!
Missing character: There is no t in font nullfont!
Missing character: There is no u in font nullfont!
Missing character: There is no r in font nullfont!
Missing character: There is no a in font nullfont!
Missing character: There is no l in font nullfont!
Missing character: There is no q in font nullfont!
Missing character: There is no u in font nullfont!
Missing character: There is no e in font nullfont!
Missing character: There is no s in font nullfont!
Missing character: There is no t in font nullfont!
Missing character: There is no i in font nullfont!
Missing character: There is no o in font nullfont!
Missing character: There is no n in font nullfont!
Missing character: There is no : in font nullfont!
Missing character: There is no Q in font nullfont!
Missing character: There is no - in font nullfont!
Missing character: There is no n in font nullfont!
Missing character: There is no : in font nullfont!
Missing character: There is no W in font nullfont!
Missing character: There is no h in font nullfont!
Missing character: There is no a in font nullfont!
Missing character: There is no t in font nullfont!
Missing character: There is no a in font nullfont!
Missing character: There is no r in font nullfont!
Missing character: There is no e in font nullfont!
Missing character: There is no t in font nullfont!
Missing character: There is no h in font nullfont!
Missing character: There is no e in font nullfont!
Missing character: There is no n in font nullfont!
Missing character: There is no e in font nullfont!
Missing character: There is no c in font nullfont!
Missing character: There is no e in font nullfont!
Missing character: There is no s in font nullfont!
Missing character: There is no s in font nullfont!
Missing character: There is no a in font nullfont!
Missing character: There is no r in font nullfont!
Missing character: There is no y in font nullfont!
Missing character: There is no a in font nullfont!
Missing character: There is no n in font nullfont!
Missing character: There is no d in font nullfont!
Missing character: There is no s in font nullfont!
Missing character: There is no u in font nullfont!
Missing character: There is no f in font nullfont!
Missing character: There is no f in font nullfont!
Missing character: There is no i in font nullfont!
Missing character: There is no c in font nullfont!
Missing character: There is no i in font nullfont!
Missing character: There is no e in font nullfont!
Missing character: There is no n in font nullfont!
Missing character: There is no t in font nullfont!
Missing character: There is no c in font nullfont!
Missing character: There is no o in font nullfont!
Missing character: There is no n in font nullfont!
Missing character: There is no d in font nullfont!
Missing character: There is no i in font nullfont!
Missing character: There is no t in font nullfont!
Missing character: There is no i in font nullfont!
Missing character: There is no o in font nullfont!
Missing character: There is no n in font nullfont!
Missing character: There is no s in font nullfont!
Missing character: There is no f in font nullfont!
Missing character: There is no o in font nullfont!
Missing character: There is no r in font nullfont!
Missing character: There is no a in font nullfont!
Missing character: There is no c in font nullfont!
Missing character: There is no o in font nullfont!
Missing character: There is no m in font nullfont!
Missing character: There is no p in font nullfont!
Missing character: There is no l in font nullfont!
Missing character: There is no e in font nullfont!
Missing character: There is no x in font nullfont!
Missing character: There is no f in font nullfont!
Missing character: There is no u in font nullfont!
Missing character: There is no n in font nullfont!
Missing character: There is no c in font nullfont!
Missing character: There is no t in font nullfont!
Missing character: There is no i in font nullfont!
Missing character: There is no o in font nullfont!
Missing character: There is no n in font nullfont!
Missing character: There is no t in font nullfont!
Missing character: There is no o in font nullfont!
Missing character: There is no b in font nullfont!
Missing character: There is no e in font nullfont!
Missing character: There is no d in font nullfont!
Missing character: There is no i in font nullfont!
Missing character: There is no f in font nullfont!
Missing character: There is no f in font nullfont!
Missing character: There is no e in font nullfont!
Missing character: There is no r in font nullfont!
Missing character: There is no e in font nullfont!
Missing character: There is no n in font nullfont!
Missing character: There is no t in font nullfont!
Missing character: There is no i in font nullfont!
Missing character: There is no a in font nullfont!
Missing character: There is no b in font nullfont!
Missing character: There is no l in font nullfont!
Missing character: There is no e in font nullfont!
Missing character: There is no ? in font nullfont!

Overfull \hbox (20.0pt too wide) in paragraph at lines 230--232
[]
 []

Missing character: There is no W in font nullfont!
Missing character: There is no e in font nullfont!
Missing character: There is no a in font nullfont!
Missing character: There is no r in font nullfont!
Missing character: There is no e in font nullfont!
Missing character: There is no g in font nullfont!
Missing character: There is no o in font nullfont!
Missing character: There is no i in font nullfont!
Missing character: There is no n in font nullfont!
Missing character: There is no g in font nullfont!
Missing character: There is no t in font nullfont!
Missing character: There is no o in font nullfont!
Missing character: There is no s in font nullfont!
Missing character: There is no t in font nullfont!
Missing character: There is no a in font nullfont!
Missing character: There is no t in font nullfont!
Missing character: There is no e in font nullfont!
Missing character: There is no a in font nullfont!
Missing character: There is no n in font nullfont!
Missing character: There is no d in font nullfont!
Missing character: There is no p in font nullfont!
Missing character: There is no a in font nullfont!
Missing character: There is no r in font nullfont!
Missing character: There is no t in font nullfont!
Missing character: There is no i in font nullfont!
Missing character: There is no a in font nullfont!
Missing character: There is no l in font nullfont!
Missing character: There is no l in font nullfont!
Missing character: There is no y in font nullfont!
Missing character: There is no p in font nullfont!
Missing character: There is no r in font nullfont!
Missing character: There is no o in font nullfont!
Missing character: There is no v in font nullfont!
Missing character: There is no e in font nullfont!
Missing character: There is no t in font nullfont!
Missing character: There is no h in font nullfont!
Missing character: There is no e in font nullfont!
Missing character: There is no s in font nullfont!
Missing character: There is no e in font nullfont!
Missing character: There is no c in font nullfont!
Missing character: There is no o in font nullfont!
Missing character: There is no n in font nullfont!
Missing character: There is no d in font nullfont!
Missing character: There is no i in font nullfont!
Missing character: There is no t in font nullfont!
Missing character: There is no i in font nullfont!
Missing character: There is no o in font nullfont!
Missing character: There is no n in font nullfont!
Missing character: There is no s in font nullfont!
Missing character: There is no . in font nullfont!
Missing character: There is no R in font nullfont!
Missing character: There is no e in font nullfont!
Missing character: There is no c in font nullfont!
Missing character: There is no a in font nullfont!
Missing character: There is no l in font nullfont!
Missing character: There is no l in font nullfont!
Missing character: There is no : in font nullfont!
Missing character: There is no A in font nullfont!
Missing character: There is no r in font nullfont!
Missing character: There is no e in font nullfont!
Missing character: There is no a in font nullfont!
Missing character: There is no l in font nullfont!
Missing character: There is no f in font nullfont!
Missing character: There is no u in font nullfont!
Missing character: There is no n in font nullfont!
Missing character: There is no c in font nullfont!
Missing character: There is no t in font nullfont!
Missing character: There is no i in font nullfont!
Missing character: There is no o in font nullfont!
Missing character: There is no n in font nullfont!
Missing character: There is no i in font nullfont!
Missing character: There is no s in font nullfont!
Missing character: There is no d in font nullfont!
Missing character: There is no i in font nullfont!
Missing character: There is no f in font nullfont!
Missing character: There is no f in font nullfont!
Missing character: There is no e in font nullfont!
Missing character: There is no r in font nullfont!
Missing character: There is no e in font nullfont!
Missing character: There is no n in font nullfont!
Missing character: There is no t in font nullfont!
Missing character: There is no i in font nullfont!
Missing character: There is no a in font nullfont!
Missing character: There is no b in font nullfont!
Missing character: There is no l in font nullfont!
Missing character: There is no e in font nullfont!
Missing character: There is no a in font nullfont!
Missing character: There is no t in font nullfont!
Missing character: There is no t in font nullfont!
Missing character: There is no h in font nullfont!
Missing character: There is no e in font nullfont!
Missing character: There is no p in font nullfont!
Missing character: There is no o in font nullfont!
Missing character: There is no i in font nullfont!
Missing character: There is no n in font nullfont!
Missing character: There is no t in font nullfont!
Missing character: There is no i in font nullfont!
Missing character: There is no f in font nullfont!
Missing character: There is no b in font nullfont!
Missing character: There is no o in font nullfont!
Missing character: There is no t in font nullfont!
Missing character: There is no h in font nullfont!
Missing character: There is no p in font nullfont!
Missing character: There is no a in font nullfont!
Missing character: There is no r in font nullfont!
Missing character: There is no t in font nullfont!
Missing character: There is no i in font nullfont!
Missing character: There is no a in font nullfont!
Missing character: There is no l in font nullfont!
Missing character: There is no d in font nullfont!
Missing character: There is no e in font nullfont!
Missing character: There is no r in font nullfont!
Missing character: There is no i in font nullfont!
Missing character: There is no v in font nullfont!
Missing character: There is no a in font nullfont!
Missing character: There is no t in font nullfont!
Missing character: There is no i in font nullfont!
Missing character: There is no v in font nullfont!
Missing character: There is no e in font nullfont!
Missing character: There is no s in font nullfont!
Missing character: There is no e in font nullfont!
Missing character: There is no x in font nullfont!
Missing character: There is no i in font nullfont!
Missing character: There is no s in font nullfont!
Missing character: There is no t in font nullfont!
Missing character: There is no a in font nullfont!
Missing character: There is no t in font nullfont!
Missing character: There is no , in font nullfont!
Missing character: There is no a in font nullfont!
Missing character: There is no n in font nullfont!
Missing character: There is no d in font nullfont!

Overfull \hbox (20.0pt too wide) in paragraph at lines 233--235
[]
 []


Overfull \hbox (28.92366pt too wide) in paragraph at lines 233--235
\OML/cmm/m/it/10 u\OT1/cmr/m/n/10 (\OML/cmm/m/it/10 x; y\OT1/cmr/m/n/10 )$
 []


Overfull \hbox (31.81256pt too wide) in paragraph at lines 233--235
\OT1/cmr/m/n/10 (\OML/cmm/m/it/10 x[]; y[]\OT1/cmr/m/n/10 )$
 []


Overfull \hbox (28.10258pt too wide) in paragraph at lines 233--235
[]\OML/cmm/m/it/10 ; []$
 []


Overfull \hbox (31.81256pt too wide) in paragraph at lines 233--235
\OT1/cmr/m/n/10 (\OML/cmm/m/it/10 x[]; y[]\OT1/cmr/m/n/10 )$
 []


Overfull \hbox (333.83722pt too wide) detected at line 235
[] [] \OT1/cmr/m/n/10 = 0
 []

Missing character: There is no N in font nullfont!
Missing character: There is no a in font nullfont!
Missing character: There is no m in font nullfont!
Missing character: There is no e in font nullfont!
Missing character: There is no l in font nullfont!
Missing character: There is no y in font nullfont!
Missing character: There is no , in font nullfont!
Missing character: There is no t in font nullfont!
Missing character: There is no h in font nullfont!
Missing character: There is no e in font nullfont!
Missing character: There is no f in font nullfont!
Missing character: There is no u in font nullfont!
Missing character: There is no n in font nullfont!
Missing character: There is no c in font nullfont!
Missing character: There is no t in font nullfont!
Missing character: There is no i in font nullfont!
Missing character: There is no o in font nullfont!
Missing character: There is no n in font nullfont!
Missing character: There is no i in font nullfont!
Missing character: There is no s in font nullfont!
Missing character: There is no a in font nullfont!
Missing character: There is no g in font nullfont!
Missing character: There is no o in font nullfont!
Missing character: There is no o in font nullfont!
Missing character: There is no d in font nullfont!
Missing character: There is no a in font nullfont!
Missing character: There is no p in font nullfont!
Missing character: There is no p in font nullfont!
Missing character: There is no r in font nullfont!
Missing character: There is no o in font nullfont!
Missing character: There is no x in font nullfont!
Missing character: There is no i in font nullfont!
Missing character: There is no m in font nullfont!
Missing character: There is no a in font nullfont!
Missing character: There is no t in font nullfont!
Missing character: There is no i in font nullfont!
Missing character: There is no o in font nullfont!
Missing character: There is no n in font nullfont!
Missing character: There is no t in font nullfont!
Missing character: There is no o in font nullfont!
Missing character: There is no n in font nullfont!
Missing character: There is no e in font nullfont!
Missing character: There is no a in font nullfont!
Missing character: There is no r in font nullfont!
Missing character: There is no t in font nullfont!
Missing character: There is no h in font nullfont!
Missing character: There is no e in font nullfont!
Missing character: There is no p in font nullfont!
Missing character: There is no o in font nullfont!
Missing character: There is no i in font nullfont!
Missing character: There is no n in font nullfont!
Missing character: There is no t in font nullfont!
Missing character: There is no . in font nullfont!
Missing character: There is no I in font nullfont!
Missing character: There is no n in font nullfont!
Missing character: There is no p in font nullfont!
Missing character: There is no a in font nullfont!
Missing character: There is no r in font nullfont!
Missing character: There is no t in font nullfont!
Missing character: There is no i in font nullfont!
Missing character: There is no c in font nullfont!
Missing character: There is no u in font nullfont!
Missing character: There is no l in font nullfont!
Missing character: There is no a in font nullfont!
Missing character: There is no r in font nullfont!
Missing character: There is no , in font nullfont!
Missing character: There is no i in font nullfont!
Missing character: There is no t in font nullfont!
Missing character: There is no m in font nullfont!
Missing character: There is no e in font nullfont!
Missing character: There is no a in font nullfont!
Missing character: There is no n in font nullfont!
Missing character: There is no s in font nullfont!
Missing character: There is no t in font nullfont!
Missing character: There is no h in font nullfont!
Missing character: There is no a in font nullfont!
Missing character: There is no t in font nullfont!
Missing character: There is no : in font nullfont!
Missing character: There is no T in font nullfont!
Missing character: There is no h in font nullfont!
Missing character: There is no e in font nullfont!
Missing character: There is no r in font nullfont!
Missing character: There is no e in font nullfont!
Missing character: There is no e in font nullfont!
Missing character: There is no x in font nullfont!
Missing character: There is no i in font nullfont!
Missing character: There is no s in font nullfont!
Missing character: There is no t in font nullfont!
Missing character: There is no s in font nullfont!
Missing character: There is no a in font nullfont!
Missing character: There is no n in font nullfont!
Missing character: There is no e in font nullfont!
Missing character: There is no i in font nullfont!
Missing character: There is no g in font nullfont!
Missing character: There is no h in font nullfont!
Missing character: There is no b in font nullfont!
Missing character: There is no o in font nullfont!
Missing character: There is no r in font nullfont!
Missing character: There is no h in font nullfont!
Missing character: There is no o in font nullfont!
Missing character: There is no o in font nullfont!
Missing character: There is no d in font nullfont!
Missing character: There is no o in font nullfont!
Missing character: There is no f in font nullfont!
Missing character: There is no s in font nullfont!
Missing character: There is no . in font nullfont!
Missing character: There is no t in font nullfont!
Missing character: There is no . in font nullfont!
Missing character: There is no a in font nullfont!
Missing character: There is no r in font nullfont!
Missing character: There is no e in font nullfont!
Missing character: There is no d in font nullfont!
Missing character: There is no e in font nullfont!
Missing character: There is no f in font nullfont!
Missing character: There is no i in font nullfont!
Missing character: There is no n in font nullfont!
Missing character: There is no e in font nullfont!
Missing character: There is no d in font nullfont!
Missing character: There is no e in font nullfont!
Missing character: There is no v in font nullfont!
Missing character: There is no e in font nullfont!
Missing character: There is no r in font nullfont!
Missing character: There is no y in font nullfont!
Missing character: There is no w in font nullfont!
Missing character: There is no h in font nullfont!
Missing character: There is no e in font nullfont!
Missing character: There is no r in font nullfont!
Missing character: There is no e in font nullfont!
Missing character: There is no i in font nullfont!
Missing character: There is no n in font nullfont!
Missing character: There is no t in font nullfont!
Missing character: There is no h in font nullfont!
Missing character: There is no i in font nullfont!
Missing character: There is no s in font nullfont!
Missing character: There is no n in font nullfont!
Missing character: There is no e in font nullfont!
Missing character: There is no i in font nullfont!
Missing character: There is no g in font nullfont!
Missing character: There is no h in font nullfont!
Missing character: There is no b in font nullfont!
Missing character: There is no o in font nullfont!
Missing character: There is no r in font nullfont!
Missing character: There is no h in font nullfont!
Missing character: There is no o in font nullfont!
Missing character: There is no o in font nullfont!
Missing character: There is no d in font nullfont!
Missing character: There is no a in font nullfont!
Missing character: There is no n in font nullfont!
Missing character: There is no d in font nullfont!
Missing character: There is no c in font nullfont!
Missing character: There is no o in font nullfont!
Missing character: There is no n in font nullfont!
Missing character: There is no t in font nullfont!
Missing character: There is no i in font nullfont!
Missing character: There is no n in font nullfont!
Missing character: There is no u in font nullfont!
Missing character: There is no o in font nullfont!
Missing character: There is no u in font nullfont!
Missing character: There is no s in font nullfont!
Missing character: There is no a in font nullfont!
Missing character: There is no t in font nullfont!
Missing character: There is no . in font nullfont!

Overfull \hbox (231.77626pt too wide) in paragraph at lines 235--238
   $[]$
 []


Overfull \hbox (28.92366pt too wide) in paragraph at lines 235--238
\OML/cmm/m/it/10 u\OT1/cmr/m/n/10 (\OML/cmm/m/it/10 x; y\OT1/cmr/m/n/10 )$
 []


Overfull \hbox (31.81256pt too wide) in paragraph at lines 235--238
\OT1/cmr/m/n/10 (\OML/cmm/m/it/10 x[]; y[]\OT1/cmr/m/n/10 )$
 []


Overfull \hbox (31.81256pt too wide) in paragraph at lines 235--238
\OT1/cmr/m/n/10 (\OML/cmm/m/it/10 x[]; y[]\OT1/cmr/m/n/10 )$
 []


Overfull \hbox (28.10258pt too wide) in paragraph at lines 235--238
[]\OML/cmm/m/it/10 ; []$
 []


Overfull \hbox (31.81256pt too wide) in paragraph at lines 235--238
\OT1/cmr/m/n/10 (\OML/cmm/m/it/10 x[]; y[]\OT1/cmr/m/n/10 )$ 
 []

Missing character: There is no N in font nullfont!
Missing character: There is no o in font nullfont!
Missing character: There is no w in font nullfont!
Missing character: There is no w in font nullfont!
Missing character: There is no e in font nullfont!
Missing character: There is no a in font nullfont!
Missing character: There is no r in font nullfont!
Missing character: There is no e in font nullfont!
Missing character: There is no r in font nullfont!
Missing character: There is no e in font nullfont!
Missing character: There is no a in font nullfont!
Missing character: There is no d in font nullfont!
Missing character: There is no y in font nullfont!
Missing character: There is no t in font nullfont!
Missing character: There is no o in font nullfont!
Missing character: There is no s in font nullfont!
Missing character: There is no t in font nullfont!
Missing character: There is no a in font nullfont!
Missing character: There is no t in font nullfont!
Missing character: There is no e in font nullfont!
Missing character: There is no t in font nullfont!
Missing character: There is no h in font nullfont!
Missing character: There is no e in font nullfont!
Missing character: There is no c in font nullfont!
Missing character: There is no o in font nullfont!
Missing character: There is no n in font nullfont!
Missing character: There is no d in font nullfont!
Missing character: There is no i in font nullfont!
Missing character: There is no t in font nullfont!
Missing character: There is no i in font nullfont!
Missing character: There is no o in font nullfont!
Missing character: There is no n in font nullfont!
Missing character: There is no s in font nullfont!
Missing character: There is no . in font nullfont!
Missing character: There is no T in font nullfont!
Missing character: There is no h in font nullfont!
Missing character: There is no e in font nullfont!
Missing character: There is no f in font nullfont!
Missing character: There is no u in font nullfont!
Missing character: There is no n in font nullfont!
Missing character: There is no c in font nullfont!
Missing character: There is no t in font nullfont!
Missing character: There is no i in font nullfont!
Missing character: There is no o in font nullfont!
Missing character: There is no n in font nullfont!
Missing character: There is no i in font nullfont!
Missing character: There is no s in font nullfont!
Missing character: There is no d in font nullfont!
Missing character: There is no i in font nullfont!
Missing character: There is no f in font nullfont!
Missing character: There is no f in font nullfont!
Missing character: There is no e in font nullfont!
Missing character: There is no r in font nullfont!
Missing character: There is no e in font nullfont!
Missing character: There is no n in font nullfont!
Missing character: There is no t in font nullfont!
Missing character: There is no i in font nullfont!
Missing character: There is no a in font nullfont!
Missing character: There is no b in font nullfont!
Missing character: There is no l in font nullfont!
Missing character: There is no e in font nullfont!
Missing character: There is no a in font nullfont!
Missing character: There is no t in font nullfont!
Missing character: There is no i in font nullfont!
Missing character: There is no f in font nullfont!
Missing character: There is no a in font nullfont!
Missing character: There is no n in font nullfont!
Missing character: There is no d in font nullfont!
Missing character: There is no o in font nullfont!
Missing character: There is no n in font nullfont!
Missing character: There is no l in font nullfont!
Missing character: There is no y in font nullfont!
Missing character: There is no i in font nullfont!
Missing character: There is no f in font nullfont!
Missing character: There is no a in font nullfont!
Missing character: There is no n in font nullfont!
Missing character: There is no d in font nullfont!
Missing character: There is no a in font nullfont!
Missing character: There is no r in font nullfont!
Missing character: There is no e in font nullfont!
Missing character: There is no d in font nullfont!
Missing character: There is no i in font nullfont!
Missing character: There is no f in font nullfont!
Missing character: There is no f in font nullfont!
Missing character: There is no e in font nullfont!
Missing character: There is no r in font nullfont!
Missing character: There is no e in font nullfont!
Missing character: There is no n in font nullfont!
Missing character: There is no t in font nullfont!
Missing character: There is no i in font nullfont!
Missing character: There is no a in font nullfont!
Missing character: There is no b in font nullfont!
Missing character: There is no l in font nullfont!
Missing character: There is no e in font nullfont!
Missing character: There is no a in font nullfont!
Missing character: There is no t in font nullfont!
Missing character: There is no a in font nullfont!
Missing character: There is no n in font nullfont!
Missing character: There is no d in font nullfont!
Missing character: There is no t in font nullfont!
Missing character: There is no h in font nullfont!
Missing character: There is no e in font nullfont!
Missing character: There is no f in font nullfont!
Missing character: There is no o in font nullfont!
Missing character: There is no l in font nullfont!
Missing character: There is no l in font nullfont!
Missing character: There is no o in font nullfont!
Missing character: There is no w in font nullfont!
Missing character: There is no i in font nullfont!
Missing character: There is no n in font nullfont!
Missing character: There is no g in font nullfont!
Missing character: There is no c in font nullfont!
Missing character: There is no o in font nullfont!
Missing character: There is no n in font nullfont!
Missing character: There is no d in font nullfont!
Missing character: There is no i in font nullfont!
Missing character: There is no t in font nullfont!
Missing character: There is no i in font nullfont!
Missing character: There is no o in font nullfont!
Missing character: There is no n in font nullfont!
Missing character: There is no s in font nullfont!
Missing character: There is no , in font nullfont!
Missing character: There is no c in font nullfont!
Missing character: There is no a in font nullfont!
Missing character: There is no l in font nullfont!
Missing character: There is no l in font nullfont!
Missing character: There is no e in font nullfont!
Missing character: There is no d in font nullfont!
Missing character: There is no C in font nullfont!
Missing character: There is no a in font nullfont!
Missing character: There is no u in font nullfont!
Missing character: There is no c in font nullfont!
Missing character: There is no h in font nullfont!
Missing character: There is no y in font nullfont!
Missing character: There is no - in font nullfont!
Missing character: There is no R in font nullfont!
Missing character: There is no i in font nullfont!
Missing character: There is no e in font nullfont!
Missing character: There is no m in font nullfont!
Missing character: There is no a in font nullfont!
Missing character: There is no n in font nullfont!
Missing character: There is no n in font nullfont!
Missing character: There is no e in font nullfont!
Missing character: There is no q in font nullfont!
Missing character: There is no u in font nullfont!
Missing character: There is no a in font nullfont!
Missing character: There is no t in font nullfont!
Missing character: There is no i in font nullfont!
Missing character: There is no o in font nullfont!
Missing character: There is no n in font nullfont!
Missing character: There is no s in font nullfont!
Missing character: There is no , in font nullfont!
Missing character: There is no h in font nullfont!
Missing character: There is no o in font nullfont!
Missing character: There is no l in font nullfont!
Missing character: There is no d in font nullfont!
Missing character: There is no : in font nullfont!

/home/jonzoda/Documents/school/2024/MTH5103/notes/final_complex_variable/input/note03.tex:241: LaTeX Error: Environment align* undefined.

See the LaTeX manual or LaTeX Companion for explanation.
Type  H <return>  for immediate help.
 ...                                              
                                                  
l.241 \begin{align*}
                    
Your command was ignored.
Type  I <command> <return>  to replace it with another command,
or  <return>  to continue without it.

/home/jonzoda/Documents/school/2024/MTH5103/notes/final_complex_variable/input/note03.tex:242: Missing $ inserted.
<inserted text> 
                $
l.242 \frac{\partial u}{\partial x}
                                   (x_0, y_0) &= \frac{\partial v}{\partial ...
I've inserted a begin-math/end-math symbol since I think
you left one out. Proceed, with fingers crossed.

/home/jonzoda/Documents/school/2024/MTH5103/notes/final_complex_variable/input/note03.tex:242: Missing $ inserted.
<inserted text> 
                $
l.242 \frac{\partial u}{\partial x}
                                   (x_0, y_0) &= \frac{\partial v}{\partial ...
I've inserted something that you may have forgotten.
(See the <inserted text> above.)
With luck, this will get me unwedged. But if you
really didn't forget anything, try typing `2' now; then
my insertion and my current dilemma will both disappear.

/home/jonzoda/Documents/school/2024/MTH5103/notes/final_complex_variable/input/note03.tex:242: Missing $ inserted.
<inserted text> 
                $
l.242 \frac{\partial u}{\partial x}
                                   (x_0, y_0) &= \frac{\partial v}{\partial ...
I've inserted a begin-math/end-math symbol since I think
you left one out. Proceed, with fingers crossed.

/home/jonzoda/Documents/school/2024/MTH5103/notes/final_complex_variable/input/note03.tex:242: Extra }, or forgotten $.
\frac  #1#2->{\begingroup #1\endgroup \over #2}
                                               
l.242 \frac{\partial u}{\partial x}
                                   (x_0, y_0) &= \frac{\partial v}{\partial ...
I've deleted a group-closing symbol because it seems to be
spurious, as in `$x}$'. But perhaps the } is legitimate and
you forgot something else, as in `\hbox{$x}'. In such cases
the way to recover is to insert both the forgotten and the
deleted material, e.g., by typing `I$}'.

/home/jonzoda/Documents/school/2024/MTH5103/notes/final_complex_variable/input/note03.tex:242: Misplaced alignment tab character &.
l.242 \frac{\partial u}{\partial x}(x_0, y_0) &
                                               = \frac{\partial v}{\partial ...
I can't figure out why you would want to use a tab mark
here. If you just want an ampersand, the remedy is
simple: Just type `I\&' now. But if some right brace
up above has ended a previous alignment prematurely,
you're probably due for more error messages, and you
might try typing `S' now just to see what is salvageable.

/home/jonzoda/Documents/school/2024/MTH5103/notes/final_complex_variable/input/note03.tex:243: Misplaced alignment tab character &.
l.243 \frac{\partial u}{\partial y}(x_0, y_0) &
                                               = -\frac{\partial v}{\partial...
I can't figure out why you would want to use a tab mark
here. If you just want an ampersand, the remedy is
simple: Just type `I\&' now. But if some right brace
up above has ended a previous alignment prematurely,
you're probably due for more error messages, and you
might try typing `S' now just to see what is salvageable.

/home/jonzoda/Documents/school/2024/MTH5103/notes/final_complex_variable/input/note03.tex:243: Undefined control sequence.
l.243 ...tial v}{\partial x}(x_0, y_0) \quad \text
                                                  {CR equations}
The control sequence at the end of the top line
of your error message was never \def'ed. If you have
misspelled it (e.g., `\hobx'), type `I' and the correct
spelling (e.g., `I\hbox'). Otherwise just continue,
and I'll forget about whatever was undefined.


/home/jonzoda/Documents/school/2024/MTH5103/notes/final_complex_variable/input/note03.tex:244: LaTeX Error: \begin{document} ended by \end{align*}.

See the LaTeX manual or LaTeX Companion for explanation.
Type  H <return>  for immediate help.
 ...                                              
                                                  
l.244 \end{align*}
                  
Your command was ignored.
Type  I <command> <return>  to replace it with another command,
or  <return>  to continue without it.

/home/jonzoda/Documents/school/2024/MTH5103/notes/final_complex_variable/input/note03.tex:244: Missing $ inserted.
<inserted text> 
                $
l.244 \end{align*}
                  
I've inserted something that you may have forgotten.
(See the <inserted text> above.)
With luck, this will get me unwedged. But if you
really didn't forget anything, try typing `2' now; then
my insertion and my current dilemma will both disappear.

/home/jonzoda/Documents/school/2024/MTH5103/notes/final_complex_variable/input/note03.tex:244: Missing } inserted.
<inserted text> 
                }
l.244 \end{align*}
                  
I've inserted something that you may have forgotten.
(See the <inserted text> above.)
With luck, this will get me unwedged. But if you
really didn't forget anything, try typing `2' now; then
my insertion and my current dilemma will both disappear.

Missing character: There is no F in font nullfont!
Missing character: There is no u in font nullfont!
Missing character: There is no r in font nullfont!
Missing character: There is no t in font nullfont!
Missing character: There is no h in font nullfont!
Missing character: There is no e in font nullfont!
Missing character: There is no r in font nullfont!
Missing character: There is no m in font nullfont!
Missing character: There is no o in font nullfont!
Missing character: There is no r in font nullfont!
Missing character: There is no e in font nullfont!
Missing character: There is no : in font nullfont!
Missing character: There is no . in font nullfont!

Overfull \hbox (20.0pt too wide) in paragraph at lines 239--246
[]
 []


Overfull \hbox (23.97209pt too wide) in paragraph at lines 239--246
\OT1/cmr/bx/n/10 Thm
 []


Overfull \hbox (17.8888pt too wide) in paragraph at lines 239--246
\OT1/cmr/bx/n/10 6.1:
 []


Overfull \hbox (29.39587pt too wide) in paragraph at lines 239--246
\OML/cmm/m/it/10 f\OT1/cmr/m/n/10 (\OML/cmm/m/it/10 z\OT1/cmr/m/n/10 ) =
 []


Overfull \hbox (36.70146pt too wide) in paragraph at lines 239--246
\OML/cmm/m/it/10 u\OT1/cmr/m/n/10 (\OML/cmm/m/it/10 x; y\OT1/cmr/m/n/10 ) +
 []


Overfull \hbox (31.85022pt too wide) in paragraph at lines 239--246
\OML/cmm/m/it/10 iv\OT1/cmr/m/n/10 (\OML/cmm/m/it/10 x; y\OT1/cmr/m/n/10 )$
 []


Overfull \hbox (19.69214pt too wide) in paragraph at lines 239--246
\OML/cmm/m/it/10 z[] \OT1/cmr/m/n/10 =
 []


Overfull \hbox (17.9792pt too wide) in paragraph at lines 239--246
\OML/cmm/m/it/10 x[] \OT1/cmr/m/n/10 +
 []


Overfull \hbox (12.83408pt too wide) in paragraph at lines 239--246
\OML/cmm/m/it/10 iy[]$
 []


Overfull \hbox (28.92366pt too wide) in paragraph at lines 239--246
\OML/cmm/m/it/10 u\OT1/cmr/m/n/10 (\OML/cmm/m/it/10 x; y\OT1/cmr/m/n/10 )$
 []


Overfull \hbox (28.40509pt too wide) in paragraph at lines 239--246
\OML/cmm/m/it/10 v\OT1/cmr/m/n/10 (\OML/cmm/m/it/10 x; y\OT1/cmr/m/n/10 )$
 []


Overfull \hbox (31.81256pt too wide) in paragraph at lines 239--246
\OT1/cmr/m/n/10 (\OML/cmm/m/it/10 x[]; y[]\OT1/cmr/m/n/10 )$
 []


Overfull \hbox (220.91104pt too wide) in paragraph at lines 239--246
\OML/cmm/m/it/10 @u$$[]$
 []


Overfull \hbox (36.24776pt too wide) in paragraph at lines 239--246
\OML/cmm/m/it/10 f[]\OT1/cmr/m/n/10 (\OML/cmm/m/it/10 z[]\OT1/cmr/m/n/10 ) =
 []


Overfull \hbox (51.41945pt too wide) in paragraph at lines 239--246
[]\OT1/cmr/m/n/10 (\OML/cmm/m/it/10 x[]; y[]\OT1/cmr/m/n/10 ) +
 []


Overfull \hbox (46.89345pt too wide) in paragraph at lines 239--246
\OML/cmm/m/it/10 i[]\OT1/cmr/m/n/10 (\OML/cmm/m/it/10 x[]; y[]\OT1/cmr/m/n/10 )$ 
 []

Missing character: There is no T in font nullfont!
Missing character: There is no h in font nullfont!
Missing character: There is no e in font nullfont!
Missing character: There is no c in font nullfont!
Missing character: There is no o in font nullfont!
Missing character: There is no n in font nullfont!
Missing character: There is no t in font nullfont!
Missing character: There is no r in font nullfont!
Missing character: There is no a in font nullfont!
Missing character: There is no p in font nullfont!
Missing character: There is no o in font nullfont!
Missing character: There is no s in font nullfont!
Missing character: There is no i in font nullfont!
Missing character: There is no t in font nullfont!
Missing character: There is no i in font nullfont!
Missing character: There is no v in font nullfont!
Missing character: There is no e in font nullfont!
Missing character: There is no s in font nullfont!
Missing character: There is no t in font nullfont!
Missing character: There is no a in font nullfont!
Missing character: There is no t in font nullfont!
Missing character: There is no e in font nullfont!
Missing character: There is no m in font nullfont!
Missing character: There is no e in font nullfont!
Missing character: There is no n in font nullfont!
Missing character: There is no t in font nullfont!
Missing character: There is no : in font nullfont!
Missing character: There is no i in font nullfont!
Missing character: There is no f in font nullfont!
Missing character: There is no C in font nullfont!
Missing character: There is no a in font nullfont!
Missing character: There is no u in font nullfont!
Missing character: There is no c in font nullfont!
Missing character: There is no h in font nullfont!
Missing character: There is no y in font nullfont!
Missing character: There is no - in font nullfont!
Missing character: There is no R in font nullfont!
Missing character: There is no i in font nullfont!
Missing character: There is no e in font nullfont!
Missing character: There is no m in font nullfont!
Missing character: There is no a in font nullfont!
Missing character: There is no n in font nullfont!
Missing character: There is no n in font nullfont!
Missing character: There is no e in font nullfont!
Missing character: There is no q in font nullfont!
Missing character: There is no u in font nullfont!
Missing character: There is no a in font nullfont!
Missing character: There is no t in font nullfont!
Missing character: There is no i in font nullfont!
Missing character: There is no o in font nullfont!
Missing character: There is no n in font nullfont!
Missing character: There is no s in font nullfont!
Missing character: There is no f in font nullfont!
Missing character: There is no a in font nullfont!
Missing character: There is no i in font nullfont!
Missing character: There is no l in font nullfont!
Missing character: There is no , in font nullfont!
Missing character: There is no t in font nullfont!
Missing character: There is no h in font nullfont!
Missing character: There is no e in font nullfont!
Missing character: There is no n in font nullfont!
Missing character: There is no t in font nullfont!
Missing character: There is no h in font nullfont!
Missing character: There is no e in font nullfont!
Missing character: There is no f in font nullfont!
Missing character: There is no u in font nullfont!
Missing character: There is no n in font nullfont!
Missing character: There is no c in font nullfont!
Missing character: There is no t in font nullfont!
Missing character: There is no i in font nullfont!
Missing character: There is no o in font nullfont!
Missing character: There is no n in font nullfont!
Missing character: There is no i in font nullfont!
Missing character: There is no s in font nullfont!
Missing character: There is no n in font nullfont!
Missing character: There is no o in font nullfont!
Missing character: There is no t in font nullfont!
Missing character: There is no d in font nullfont!
Missing character: There is no i in font nullfont!
Missing character: There is no f in font nullfont!
Missing character: There is no f in font nullfont!
Missing character: There is no e in font nullfont!
Missing character: There is no r in font nullfont!
Missing character: There is no e in font nullfont!
Missing character: There is no n in font nullfont!
Missing character: There is no t in font nullfont!
Missing character: There is no i in font nullfont!
Missing character: There is no a in font nullfont!
Missing character: There is no b in font nullfont!
Missing character: There is no l in font nullfont!
Missing character: There is no e in font nullfont!
Missing character: There is no . in font nullfont!
Missing character: There is no H in font nullfont!
Missing character: There is no o in font nullfont!
Missing character: There is no w in font nullfont!
Missing character: There is no e in font nullfont!
Missing character: There is no v in font nullfont!
Missing character: There is no e in font nullfont!
Missing character: There is no r in font nullfont!
Missing character: There is no , in font nullfont!
Missing character: There is no i in font nullfont!
Missing character: There is no t in font nullfont!
Missing character: There is no i in font nullfont!
Missing character: There is no s in font nullfont!
Missing character: There is no * in font nullfont!
Missing character: There is no n in font nullfont!
Missing character: There is no o in font nullfont!
Missing character: There is no t in font nullfont!
Missing character: There is no * in font nullfont!
Missing character: There is no t in font nullfont!
Missing character: There is no r in font nullfont!
Missing character: There is no u in font nullfont!
Missing character: There is no e in font nullfont!
Missing character: There is no t in font nullfont!
Missing character: There is no h in font nullfont!
Missing character: There is no a in font nullfont!
Missing character: There is no t in font nullfont!
Missing character: There is no i in font nullfont!
Missing character: There is no f in font nullfont!
Missing character: There is no C in font nullfont!
Missing character: There is no R in font nullfont!
Missing character: There is no e in font nullfont!
Missing character: There is no q in font nullfont!
Missing character: There is no u in font nullfont!
Missing character: There is no a in font nullfont!
Missing character: There is no t in font nullfont!
Missing character: There is no i in font nullfont!
Missing character: There is no o in font nullfont!
Missing character: There is no n in font nullfont!
Missing character: There is no s in font nullfont!
Missing character: There is no h in font nullfont!
Missing character: There is no o in font nullfont!
Missing character: There is no l in font nullfont!
Missing character: There is no d in font nullfont!
Missing character: There is no , in font nullfont!
Missing character: There is no t in font nullfont!
Missing character: There is no h in font nullfont!
Missing character: There is no e in font nullfont!
Missing character: There is no n in font nullfont!
Missing character: There is no t in font nullfont!
Missing character: There is no h in font nullfont!
Missing character: There is no e in font nullfont!
Missing character: There is no f in font nullfont!
Missing character: There is no u in font nullfont!
Missing character: There is no n in font nullfont!
Missing character: There is no c in font nullfont!
Missing character: There is no t in font nullfont!
Missing character: There is no i in font nullfont!
Missing character: There is no o in font nullfont!
Missing character: There is no n in font nullfont!
Missing character: There is no i in font nullfont!
Missing character: There is no s in font nullfont!
Missing character: There is no d in font nullfont!
Missing character: There is no i in font nullfont!
Missing character: There is no f in font nullfont!
Missing character: There is no f in font nullfont!
Missing character: There is no e in font nullfont!
Missing character: There is no r in font nullfont!
Missing character: There is no e in font nullfont!
Missing character: There is no n in font nullfont!
Missing character: There is no t in font nullfont!
Missing character: There is no i in font nullfont!
Missing character: There is no a in font nullfont!
Missing character: There is no b in font nullfont!
Missing character: There is no l in font nullfont!
Missing character: There is no e in font nullfont!
Missing character: There is no , in font nullfont!
Missing character: There is no n in font nullfont!
Missing character: There is no a in font nullfont!
Missing character: There is no m in font nullfont!
Missing character: There is no e in font nullfont!
Missing character: There is no l in font nullfont!
Missing character: There is no y in font nullfont!
Missing character: There is no , in font nullfont!
Missing character: There is no w in font nullfont!
Missing character: There is no e in font nullfont!
Missing character: There is no c in font nullfont!
Missing character: There is no a in font nullfont!
Missing character: There is no n in font nullfont!
Missing character: There is no n in font nullfont!
Missing character: There is no o in font nullfont!
Missing character: There is no t in font nullfont!
Missing character: There is no d in font nullfont!
Missing character: There is no r in font nullfont!
Missing character: There is no o in font nullfont!
Missing character: There is no p in font nullfont!
Missing character: There is no t in font nullfont!
Missing character: There is no h in font nullfont!
Missing character: There is no e in font nullfont!
Missing character: There is no a in font nullfont!
Missing character: There is no s in font nullfont!
Missing character: There is no s in font nullfont!
Missing character: There is no u in font nullfont!
Missing character: There is no m in font nullfont!
Missing character: There is no p in font nullfont!
Missing character: There is no t in font nullfont!
Missing character: There is no i in font nullfont!
Missing character: There is no o in font nullfont!
Missing character: There is no n in font nullfont!
Missing character: There is no t in font nullfont!
Missing character: There is no h in font nullfont!
Missing character: There is no a in font nullfont!
Missing character: There is no t in font nullfont!
Missing character: There is no a in font nullfont!
Missing character: There is no n in font nullfont!
Missing character: There is no d in font nullfont!
Missing character: There is no a in font nullfont!
Missing character: There is no r in font nullfont!
Missing character: There is no e in font nullfont!
Missing character: There is no d in font nullfont!
Missing character: There is no i in font nullfont!
Missing character: There is no f in font nullfont!
Missing character: There is no f in font nullfont!
Missing character: There is no e in font nullfont!
Missing character: There is no r in font nullfont!
Missing character: There is no e in font nullfont!
Missing character: There is no n in font nullfont!
Missing character: There is no t in font nullfont!
Missing character: There is no i in font nullfont!
Missing character: There is no a in font nullfont!
Missing character: There is no b in font nullfont!
Missing character: There is no l in font nullfont!
Missing character: There is no e in font nullfont!
Missing character: There is no a in font nullfont!
Missing character: There is no t in font nullfont!
Missing character: There is no . in font nullfont!

Overfull \hbox (20.0pt too wide) in paragraph at lines 247--249
[]
 []


Overfull \hbox (5.72458pt too wide) in paragraph at lines 247--249
\OML/cmm/m/it/10 u$
 []


Overfull \hbox (5.20601pt too wide) in paragraph at lines 247--249
\OML/cmm/m/it/10 v$
 []


Overfull \hbox (31.81256pt too wide) in paragraph at lines 247--249
\OT1/cmr/m/n/10 (\OML/cmm/m/it/10 x[]; y[]\OT1/cmr/m/n/10 )$ 
 []

Missing character: There is no L in font nullfont!
Missing character: There is no e in font nullfont!
Missing character: There is no t in font nullfont!
Missing character: There is no , in font nullfont!
Missing character: There is no n in font nullfont!
Missing character: There is no a in font nullfont!
Missing character: There is no m in font nullfont!
Missing character: There is no e in font nullfont!
Missing character: There is no l in font nullfont!
Missing character: There is no y in font nullfont!
Missing character: There is no : in font nullfont!
Missing character: There is no . in font nullfont!
Missing character: There is no C in font nullfont!
Missing character: There is no H in font nullfont!
Missing character: There is no E in font nullfont!
Missing character: There is no C in font nullfont!
Missing character: There is no K in font nullfont!
Missing character: There is no : in font nullfont!
Missing character: There is no s in font nullfont!
Missing character: There is no a in font nullfont!
Missing character: There is no t in font nullfont!
Missing character: There is no i in font nullfont!
Missing character: There is no s in font nullfont!
Missing character: There is no f in font nullfont!
Missing character: There is no i in font nullfont!
Missing character: There is no e in font nullfont!
Missing character: There is no s in font nullfont!
Missing character: There is no C in font nullfont!
Missing character: There is no R in font nullfont!
Missing character: There is no e in font nullfont!
Missing character: There is no q in font nullfont!
Missing character: There is no u in font nullfont!
Missing character: There is no a in font nullfont!
Missing character: There is no t in font nullfont!
Missing character: There is no i in font nullfont!
Missing character: There is no o in font nullfont!
Missing character: There is no n in font nullfont!
Missing character: There is no s in font nullfont!
Missing character: There is no a in font nullfont!
Missing character: There is no t in font nullfont!
Missing character: There is no : in font nullfont!

Overfull \hbox (33.62492pt too wide) in paragraph at lines 250--252
[]\OT1/cmr/bx/n/10 Ex
 []


Overfull \hbox (14.69437pt too wide) in paragraph at lines 250--252
\OT1/cmr/bx/n/10 8.6
 []


Overfull \hbox (15.64581pt too wide) in paragraph at lines 250--252
\OML/cmm/m/it/10 z \OT1/cmr/m/n/10 =
 []


Overfull \hbox (13.49307pt too wide) in paragraph at lines 250--252
\OML/cmm/m/it/10 x \OT1/cmr/m/n/10 +
 []


Overfull \hbox (42.54701pt too wide) in paragraph at lines 250--252
\OML/cmm/m/it/10 iy; f\OT1/cmr/m/n/10 (\OML/cmm/m/it/10 z\OT1/cmr/m/n/10 ) =
 []


Overfull \hbox (26.53246pt too wide) in paragraph at lines 250--252
[]$
 []


Overfull \hbox (39.47917pt too wide) in paragraph at lines 250--252
\OML/cmm/m/it/10 u\OT1/cmr/m/n/10 (\OML/cmm/m/it/10 x; y\OT1/cmr/m/n/10 ) =
 []


Overfull \hbox (69.93747pt too wide) in paragraph at lines 250--252
[]\OML/cmm/m/it/10 ; v\OT1/cmr/m/n/10 (\OML/cmm/m/it/10 x; y\OT1/cmr/m/n/10 ) =
 []


Overfull \hbox (5.00002pt too wide) in paragraph at lines 250--252
\OT1/cmr/m/n/10 0$
 []


Overfull \hbox (18.84036pt too wide) in paragraph at lines 250--252
\OML/cmm/m/it/10 f\OT1/cmr/m/n/10 (\OML/cmm/m/it/10 z\OT1/cmr/m/n/10 )$
 []


Overfull \hbox (15.64581pt too wide) in paragraph at lines 250--252
\OML/cmm/m/it/10 z \OT1/cmr/m/n/10 =
 []


Overfull \hbox (5.00002pt too wide) in paragraph at lines 250--252
\OT1/cmr/m/n/10 0$ 
 []


Overfull \hbox (202.70619pt too wide) detected at line 252
[]\OT1/cmr/m/n/10 (0\OML/cmm/m/it/10 ; \OT1/cmr/m/n/10 0) = [](0\OML/cmm/m/it/10 ; \OT1/cmr/m/n/10 0) = [](0\OML/cmm/m/it/10 ; \OT1/cmr/m/n/10 0) = [](0\OML/cmm/m/it/10 ; \OT1/cmr/m/n/10 0) = 0
 []

Missing character: There is no C in font nullfont!
Missing character: There is no H in font nullfont!
Missing character: There is no E in font nullfont!
Missing character: There is no C in font nullfont!
Missing character: There is no K in font nullfont!
Missing character: There is no : in font nullfont!
Missing character: There is no i in font nullfont!
Missing character: There is no s in font nullfont!
Missing character: There is no n in font nullfont!
Missing character: There is no o in font nullfont!
Missing character: There is no t in font nullfont!
Missing character: There is no d in font nullfont!
Missing character: There is no i in font nullfont!
Missing character: There is no f in font nullfont!
Missing character: There is no f in font nullfont!
Missing character: There is no e in font nullfont!
Missing character: There is no r in font nullfont!
Missing character: There is no e in font nullfont!
Missing character: There is no n in font nullfont!
Missing character: There is no t in font nullfont!
Missing character: There is no i in font nullfont!
Missing character: There is no a in font nullfont!
Missing character: There is no b in font nullfont!
Missing character: There is no l in font nullfont!
Missing character: There is no e in font nullfont!
Missing character: There is no a in font nullfont!
Missing character: There is no t in font nullfont!
Missing character: There is no . in font nullfont!
Missing character: There is no C in font nullfont!
Missing character: There is no l in font nullfont!
Missing character: There is no a in font nullfont!
Missing character: There is no i in font nullfont!
Missing character: There is no m in font nullfont!
Missing character: There is no : in font nullfont!
Missing character: There is no d in font nullfont!
Missing character: There is no o in font nullfont!
Missing character: There is no e in font nullfont!
Missing character: There is no s in font nullfont!
Missing character: There is no n in font nullfont!
Missing character: There is no o in font nullfont!
Missing character: There is no t in font nullfont!
Missing character: There is no e in font nullfont!
Missing character: There is no x in font nullfont!
Missing character: There is no i in font nullfont!
Missing character: There is no s in font nullfont!
Missing character: There is no t in font nullfont!
Missing character: There is no . in font nullfont!
Missing character: There is no P in font nullfont!
Missing character: There is no f in font nullfont!
Missing character: There is no : in font nullfont!
Missing character: There is no N in font nullfont!
Missing character: There is no e in font nullfont!
Missing character: There is no e in font nullfont!
Missing character: There is no d in font nullfont!
Missing character: There is no t in font nullfont!
Missing character: There is no o in font nullfont!
Missing character: There is no s in font nullfont!
Missing character: There is no h in font nullfont!
Missing character: There is no o in font nullfont!
Missing character: There is no w in font nullfont!
Missing character: There is no t in font nullfont!
Missing character: There is no h in font nullfont!
Missing character: There is no a in font nullfont!
Missing character: There is no t in font nullfont!
Missing character: There is no d in font nullfont!
Missing character: There is no o in font nullfont!
Missing character: There is no e in font nullfont!
Missing character: There is no s in font nullfont!
Missing character: There is no n in font nullfont!
Missing character: There is no o in font nullfont!
Missing character: There is no t in font nullfont!
Missing character: There is no e in font nullfont!
Missing character: There is no x in font nullfont!
Missing character: There is no i in font nullfont!
Missing character: There is no s in font nullfont!
Missing character: There is no t in font nullfont!
Missing character: There is no . in font nullfont!

Overfull \hbox (28.92366pt too wide) in paragraph at lines 252--256
 $\OML/cmm/m/it/10 u\OT1/cmr/m/n/10 (\OML/cmm/m/it/10 x; y\OT1/cmr/m/n/10 )$
 []


Overfull \hbox (22.22224pt too wide) in paragraph at lines 252--256
\OT1/cmr/m/n/10 (0\OML/cmm/m/it/10 ; \OT1/cmr/m/n/10 0)$
 []


Overfull \hbox (21.55563pt too wide) in paragraph at lines 252--256
\OML/cmm/m/it/10 f[]\OT1/cmr/m/n/10 (0)$
 []


Overfull \hbox (81.28917pt too wide) in paragraph at lines 252--256
[][] [] \OT1/cmr/m/n/10 =
 []


Overfull \hbox (49.5634pt too wide) in paragraph at lines 252--256
[][] []$
 []

Missing character: There is no W in font nullfont!
Missing character: There is no e in font nullfont!
Missing character: There is no d in font nullfont!
Missing character: There is no o in font nullfont!
Missing character: There is no t in font nullfont!
Missing character: There is no h in font nullfont!
Missing character: There is no a in font nullfont!
Missing character: There is no t in font nullfont!
Missing character: There is no b in font nullfont!
Missing character: There is no y in font nullfont!
Missing character: There is no s in font nullfont!
Missing character: There is no h in font nullfont!
Missing character: There is no o in font nullfont!
Missing character: There is no w in font nullfont!
Missing character: There is no i in font nullfont!
Missing character: There is no n in font nullfont!
Missing character: There is no g in font nullfont!
Missing character: There is no t in font nullfont!
Missing character: There is no h in font nullfont!
Missing character: There is no a in font nullfont!
Missing character: There is no t in font nullfont!
Missing character: There is no o in font nullfont!
Missing character: There is no n in font nullfont!
Missing character: There is no d in font nullfont!
Missing character: There is no i in font nullfont!
Missing character: There is no f in font nullfont!
Missing character: There is no f in font nullfont!
Missing character: There is no e in font nullfont!
Missing character: There is no r in font nullfont!
Missing character: There is no e in font nullfont!
Missing character: There is no n in font nullfont!
Missing character: There is no t in font nullfont!
Missing character: There is no p in font nullfont!
Missing character: There is no a in font nullfont!
Missing character: There is no t in font nullfont!
Missing character: There is no h in font nullfont!
Missing character: There is no s in font nullfont!
Missing character: There is no t in font nullfont!
Missing character: There is no h in font nullfont!
Missing character: There is no e in font nullfont!
Missing character: There is no l in font nullfont!
Missing character: There is no i in font nullfont!
Missing character: There is no m in font nullfont!
Missing character: There is no i in font nullfont!
Missing character: There is no t in font nullfont!
Missing character: There is no t in font nullfont!
Missing character: There is no a in font nullfont!
Missing character: There is no k in font nullfont!
Missing character: There is no e in font nullfont!
Missing character: There is no s in font nullfont!
Missing character: There is no d in font nullfont!
Missing character: There is no i in font nullfont!
Missing character: There is no f in font nullfont!
Missing character: There is no f in font nullfont!
Missing character: There is no e in font nullfont!
Missing character: There is no r in font nullfont!
Missing character: There is no e in font nullfont!
Missing character: There is no n in font nullfont!
Missing character: There is no t in font nullfont!
Missing character: There is no v in font nullfont!
Missing character: There is no a in font nullfont!
Missing character: There is no l in font nullfont!
Missing character: There is no u in font nullfont!
Missing character: There is no e in font nullfont!
Missing character: There is no s in font nullfont!
Missing character: There is no . in font nullfont!

Overfull \hbox (20.0pt too wide) in paragraph at lines 257--258
[]
 []

Missing character: There is no L in font nullfont!
Missing character: There is no e in font nullfont!
Missing character: There is no t in font nullfont!
Missing character: There is no , in font nullfont!
Missing character: There is no w in font nullfont!
Missing character: There is no h in font nullfont!
Missing character: There is no e in font nullfont!
Missing character: There is no r in font nullfont!
Missing character: There is no e in font nullfont!
/home/jonzoda/Documents/school/2024/MTH5103/notes/final_complex_variable/input/note03.tex:259: Undefined control sequence.
l.259 ...beta r$, where $\alpha, \beta \in \mathbb
                                                  {R}, \alpha, \beta \neq 0$...
The control sequence at the end of the top line
of your error message was never \def'ed. If you have
misspelled it (e.g., `\hobx'), type `I' and the correct
spelling (e.g., `I\hbox'). Otherwise just continue,
and I'll forget about whatever was undefined.

Missing character: There is no c in font nullfont!
Missing character: There is no o in font nullfont!
Missing character: There is no n in font nullfont!
Missing character: There is no s in font nullfont!
Missing character: There is no t in font nullfont!
Missing character: There is no a in font nullfont!
Missing character: There is no n in font nullfont!
Missing character: There is no t in font nullfont!
Missing character: There is no s in font nullfont!
Missing character: There is no . in font nullfont!
Missing character: There is no A in font nullfont!
Missing character: There is no s in font nullfont!
Missing character: There is no s in font nullfont!
Missing character: There is no u in font nullfont!
Missing character: There is no m in font nullfont!
Missing character: There is no e in font nullfont!
Missing character: There is no ( in font nullfont!
Missing character: There is no i in font nullfont!
Missing character: There is no n in font nullfont!
Missing character: There is no t in font nullfont!
Missing character: There is no h in font nullfont!
Missing character: There is no e in font nullfont!
Missing character: There is no s in font nullfont!
Missing character: There is no a in font nullfont!
Missing character: There is no m in font nullfont!
Missing character: There is no e in font nullfont!
Missing character: There is no w in font nullfont!
Missing character: There is no a in font nullfont!
Missing character: There is no y in font nullfont!
Missing character: There is no ) in font nullfont!
Missing character: There is no . in font nullfont!

Overfull \hbox (20.0pt too wide) in paragraph at lines 259--260
[]
 []


Overfull \hbox (16.27078pt too wide) in paragraph at lines 259--260
\OML/cmm/m/it/10 x \OT1/cmr/m/n/10 =
 []


Overfull \hbox (30.92937pt too wide) in paragraph at lines 259--260
\OML/cmm/m/it/10 r; y \OT1/cmr/m/n/10 =
 []


Overfull \hbox (10.97339pt too wide) in paragraph at lines 259--260
\OML/cmm/m/it/10 ^^Lr$
 []


Overfull \hbox (26.50687pt too wide) in paragraph at lines 259--260
\OML/cmm/m/it/10 ; ^^L \OMS/cmsy/m/n/10 2
 []


Overfull \hbox (39.73254pt too wide) in paragraph at lines 259--260
\OML/cmm/m/it/10 R; ; ^^L \OMS/cmsy/m/n/10 6\OT1/cmr/m/n/10 =
 []


Overfull \hbox (5.00002pt too wide) in paragraph at lines 259--260
\OT1/cmr/m/n/10 0$
 []


Overfull \hbox (15.34488pt too wide) in paragraph at lines 259--260
\OML/cmm/m/it/10 r >
 []


Overfull \hbox (5.00002pt too wide) in paragraph at lines 259--260
\OT1/cmr/m/n/10 0$
 []


Overfull \hbox (15.34488pt too wide) in paragraph at lines 259--260
\OML/cmm/m/it/10 r <
 []


Overfull \hbox (5.00002pt too wide) in paragraph at lines 259--260
\OT1/cmr/m/n/10 0$
 []


Overfull \hbox (317.34952pt too wide) detected at line 260
[] [] \OT1/cmr/m/n/10 = [] [] = [] [] = [] [] = []
 []

Missing character: There is no N in font nullfont!
Missing character: There is no a in font nullfont!
Missing character: There is no m in font nullfont!
Missing character: There is no e in font nullfont!
Missing character: There is no l in font nullfont!
Missing character: There is no y in font nullfont!
Missing character: There is no , in font nullfont!
Missing character: There is no f in font nullfont!
Missing character: There is no o in font nullfont!
Missing character: There is no r in font nullfont!
Missing character: There is no d in font nullfont!
Missing character: There is no i in font nullfont!
Missing character: There is no f in font nullfont!
Missing character: There is no f in font nullfont!
Missing character: There is no e in font nullfont!
Missing character: There is no r in font nullfont!
Missing character: There is no e in font nullfont!
Missing character: There is no n in font nullfont!
Missing character: There is no t in font nullfont!
Missing character: There is no a in font nullfont!
Missing character: There is no n in font nullfont!
Missing character: There is no d in font nullfont!
Missing character: There is no t in font nullfont!
Missing character: There is no h in font nullfont!
Missing character: There is no e in font nullfont!
Missing character: There is no l in font nullfont!
Missing character: There is no i in font nullfont!
Missing character: There is no m in font nullfont!
Missing character: There is no i in font nullfont!
Missing character: There is no t in font nullfont!
Missing character: There is no t in font nullfont!
Missing character: There is no a in font nullfont!
Missing character: There is no k in font nullfont!
Missing character: There is no e in font nullfont!
Missing character: There is no s in font nullfont!
Missing character: There is no d in font nullfont!
Missing character: There is no i in font nullfont!
Missing character: There is no f in font nullfont!
Missing character: There is no f in font nullfont!
Missing character: There is no e in font nullfont!
Missing character: There is no r in font nullfont!
Missing character: There is no e in font nullfont!
Missing character: There is no n in font nullfont!
Missing character: There is no t in font nullfont!
Missing character: There is no v in font nullfont!
Missing character: There is no a in font nullfont!
Missing character: There is no l in font nullfont!
Missing character: There is no u in font nullfont!
Missing character: There is no e in font nullfont!
Missing character: There is no s in font nullfont!
Missing character: There is no , in font nullfont!
Missing character: There is no t in font nullfont!
Missing character: There is no h in font nullfont!
Missing character: There is no u in font nullfont!
Missing character: There is no s in font nullfont!
Missing character: There is no d in font nullfont!
Missing character: There is no o in font nullfont!
Missing character: There is no e in font nullfont!
Missing character: There is no s in font nullfont!
Missing character: There is no n in font nullfont!
Missing character: There is no o in font nullfont!
Missing character: There is no t in font nullfont!
Missing character: There is no e in font nullfont!
Missing character: There is no x in font nullfont!
Missing character: There is no i in font nullfont!
Missing character: There is no s in font nullfont!
Missing character: There is no t in font nullfont!
Missing character: There is no . in font nullfont!

Overfull \hbox (6.43404pt too wide) in paragraph at lines 260--262
   $\OML/cmm/m/it/10 $
 []


Overfull \hbox (6.18402pt too wide) in paragraph at lines 260--262
\OML/cmm/m/it/10 ^^L$
 []

Missing character: There is no T in font nullfont!
Missing character: There is no h in font nullfont!
Missing character: There is no i in font nullfont!
Missing character: There is no s in font nullfont!
Missing character: There is no e in font nullfont!
Missing character: There is no x in font nullfont!
Missing character: There is no a in font nullfont!
Missing character: There is no m in font nullfont!
Missing character: There is no p in font nullfont!
Missing character: There is no l in font nullfont!
Missing character: There is no e in font nullfont!
Missing character: There is no s in font nullfont!
Missing character: There is no h in font nullfont!
Missing character: There is no o in font nullfont!
Missing character: There is no w in font nullfont!
Missing character: There is no s in font nullfont!
Missing character: There is no t in font nullfont!
Missing character: There is no h in font nullfont!
Missing character: There is no a in font nullfont!
Missing character: There is no t in font nullfont!
Missing character: There is no i in font nullfont!
Missing character: There is no t in font nullfont!
Missing character: There is no i in font nullfont!
Missing character: There is no s in font nullfont!
Missing character: There is no n in font nullfont!
Missing character: There is no o in font nullfont!
Missing character: There is no t in font nullfont!
Missing character: There is no e in font nullfont!
Missing character: There is no n in font nullfont!
Missing character: There is no o in font nullfont!
Missing character: There is no u in font nullfont!
Missing character: There is no g in font nullfont!
Missing character: There is no h in font nullfont!
Missing character: There is no f in font nullfont!
Missing character: There is no o in font nullfont!
Missing character: There is no r in font nullfont!
Missing character: There is no t in font nullfont!
Missing character: There is no h in font nullfont!
Missing character: There is no e in font nullfont!
Missing character: There is no s in font nullfont!
Missing character: There is no u in font nullfont!
Missing character: There is no f in font nullfont!
Missing character: There is no f in font nullfont!
Missing character: There is no i in font nullfont!
Missing character: There is no c in font nullfont!
Missing character: There is no i in font nullfont!
Missing character: There is no e in font nullfont!
Missing character: There is no n in font nullfont!
Missing character: There is no t in font nullfont!
Missing character: There is no p in font nullfont!
Missing character: There is no a in font nullfont!
Missing character: There is no r in font nullfont!
Missing character: There is no t in font nullfont!
Missing character: There is no t in font nullfont!
Missing character: There is no h in font nullfont!
Missing character: There is no a in font nullfont!
Missing character: There is no t in font nullfont!
Missing character: There is no t in font nullfont!
Missing character: There is no h in font nullfont!
Missing character: There is no e in font nullfont!
Missing character: There is no p in font nullfont!
Missing character: There is no a in font nullfont!
Missing character: There is no r in font nullfont!
Missing character: There is no t in font nullfont!
Missing character: There is no i in font nullfont!
Missing character: There is no a in font nullfont!
Missing character: There is no l in font nullfont!
Missing character: There is no d in font nullfont!
Missing character: There is no e in font nullfont!
Missing character: There is no r in font nullfont!
Missing character: There is no i in font nullfont!
Missing character: There is no v in font nullfont!
Missing character: There is no a in font nullfont!
Missing character: There is no t in font nullfont!
Missing character: There is no i in font nullfont!
Missing character: There is no v in font nullfont!
Missing character: There is no e in font nullfont!
Missing character: There is no s in font nullfont!
Missing character: There is no a in font nullfont!
Missing character: There is no r in font nullfont!
Missing character: There is no e in font nullfont!
Missing character: There is no j in font nullfont!
Missing character: There is no u in font nullfont!
Missing character: There is no s in font nullfont!
Missing character: There is no t in font nullfont!
Missing character: There is no d in font nullfont!
Missing character: There is no e in font nullfont!
Missing character: There is no f in font nullfont!
Missing character: There is no i in font nullfont!
Missing character: There is no n in font nullfont!
Missing character: There is no e in font nullfont!
Missing character: There is no d in font nullfont!
Missing character: There is no a in font nullfont!
Missing character: There is no t in font nullfont!
Missing character: There is no a in font nullfont!
Missing character: There is no p in font nullfont!
Missing character: There is no o in font nullfont!
Missing character: There is no i in font nullfont!
Missing character: There is no n in font nullfont!
Missing character: There is no t in font nullfont!
Missing character: There is no , in font nullfont!
Missing character: There is no t in font nullfont!
Missing character: There is no h in font nullfont!
Missing character: There is no e in font nullfont!
Missing character: There is no y in font nullfont!
Missing character: There is no n in font nullfont!
Missing character: There is no e in font nullfont!
Missing character: There is no e in font nullfont!
Missing character: There is no d in font nullfont!
Missing character: There is no t in font nullfont!
Missing character: There is no o in font nullfont!
Missing character: There is no b in font nullfont!
Missing character: There is no e in font nullfont!
Missing character: There is no d in font nullfont!
Missing character: There is no e in font nullfont!
Missing character: There is no f in font nullfont!
Missing character: There is no i in font nullfont!
Missing character: There is no n in font nullfont!
Missing character: There is no e in font nullfont!
Missing character: There is no d in font nullfont!
Missing character: There is no i in font nullfont!
Missing character: There is no n in font nullfont!
Missing character: There is no a in font nullfont!
Missing character: There is no n in font nullfont!
Missing character: There is no e in font nullfont!
Missing character: There is no i in font nullfont!
Missing character: There is no g in font nullfont!
Missing character: There is no h in font nullfont!
Missing character: There is no b in font nullfont!
Missing character: There is no o in font nullfont!
Missing character: There is no r in font nullfont!
Missing character: There is no h in font nullfont!
Missing character: There is no o in font nullfont!
Missing character: There is no o in font nullfont!
Missing character: There is no d in font nullfont!
Missing character: There is no a in font nullfont!
Missing character: There is no n in font nullfont!
Missing character: There is no d in font nullfont!
Missing character: There is no t in font nullfont!
Missing character: There is no o in font nullfont!
Missing character: There is no b in font nullfont!
Missing character: There is no e in font nullfont!
Missing character: There is no c in font nullfont!
Missing character: There is no o in font nullfont!
Missing character: There is no n in font nullfont!
Missing character: There is no t in font nullfont!
Missing character: There is no i in font nullfont!
Missing character: There is no n in font nullfont!
Missing character: There is no u in font nullfont!
Missing character: There is no o in font nullfont!
Missing character: There is no u in font nullfont!
Missing character: There is no s in font nullfont!
Missing character: There is no a in font nullfont!
Missing character: There is no t in font nullfont!
Missing character: There is no t in font nullfont!
Missing character: There is no h in font nullfont!
Missing character: There is no e in font nullfont!
Missing character: There is no p in font nullfont!
Missing character: There is no o in font nullfont!
Missing character: There is no i in font nullfont!
Missing character: There is no n in font nullfont!
Missing character: There is no t in font nullfont!
Missing character: There is no . in font nullfont!
Missing character: There is no F in font nullfont!
Missing character: There is no o in font nullfont!
Missing character: There is no r in font nullfont!
Missing character: There is no t in font nullfont!
Missing character: There is no h in font nullfont!
Missing character: There is no e in font nullfont!
Missing character: There is no n in font nullfont!
Missing character: There is no e in font nullfont!
Missing character: There is no c in font nullfont!
Missing character: There is no e in font nullfont!
Missing character: There is no s in font nullfont!
Missing character: There is no s in font nullfont!
Missing character: There is no a in font nullfont!
Missing character: There is no r in font nullfont!
Missing character: There is no y in font nullfont!
Missing character: There is no p in font nullfont!
Missing character: There is no a in font nullfont!
Missing character: There is no r in font nullfont!
Missing character: There is no t in font nullfont!
Missing character: There is no , in font nullfont!
Missing character: There is no i in font nullfont!
Missing character: There is no t in font nullfont!
Missing character: There is no i in font nullfont!
Missing character: There is no s in font nullfont!
Missing character: There is no e in font nullfont!
Missing character: There is no n in font nullfont!
Missing character: There is no o in font nullfont!
Missing character: There is no u in font nullfont!
Missing character: There is no g in font nullfont!
Missing character: There is no h in font nullfont!
Missing character: There is no t in font nullfont!
Missing character: There is no h in font nullfont!
Missing character: There is no o in font nullfont!
Missing character: There is no u in font nullfont!
Missing character: There is no g in font nullfont!
Missing character: There is no h in font nullfont!
Missing character: There is no , in font nullfont!
Missing character: There is no a in font nullfont!
Missing character: There is no n in font nullfont!
Missing character: There is no d in font nullfont!
Missing character: There is no w in font nullfont!
Missing character: There is no e in font nullfont!
Missing character: There is no w in font nullfont!
Missing character: There is no i in font nullfont!
Missing character: There is no l in font nullfont!
Missing character: There is no l in font nullfont!
Missing character: There is no p in font nullfont!
Missing character: There is no r in font nullfont!
Missing character: There is no o in font nullfont!
Missing character: There is no v in font nullfont!
Missing character: There is no e in font nullfont!
Missing character: There is no t in font nullfont!
Missing character: There is no h in font nullfont!
Missing character: There is no i in font nullfont!
Missing character: There is no s in font nullfont!
Missing character: There is no d in font nullfont!
Missing character: There is no i in font nullfont!
Missing character: There is no r in font nullfont!
Missing character: There is no e in font nullfont!
Missing character: There is no c in font nullfont!
Missing character: There is no t in font nullfont!
Missing character: There is no i in font nullfont!
Missing character: There is no o in font nullfont!
Missing character: There is no n in font nullfont!
Missing character: There is no n in font nullfont!
Missing character: There is no o in font nullfont!
Missing character: There is no w in font nullfont!
Missing character: There is no . in font nullfont!

Overfull \hbox (20.0pt too wide) in paragraph at lines 263--264
[]
 []

Missing character: There is no F in font nullfont!
Missing character: There is no i in font nullfont!
Missing character: There is no r in font nullfont!
Missing character: There is no s in font nullfont!
Missing character: There is no t in font nullfont!
Missing character: There is no , in font nullfont!
Missing character: There is no w in font nullfont!
Missing character: There is no e in font nullfont!
Missing character: There is no s in font nullfont!
Missing character: There is no t in font nullfont!
Missing character: There is no a in font nullfont!
Missing character: There is no t in font nullfont!
Missing character: There is no e in font nullfont!
Missing character: There is no a in font nullfont!
Missing character: There is no c in font nullfont!
Missing character: There is no o in font nullfont!
Missing character: There is no r in font nullfont!
Missing character: There is no o in font nullfont!
Missing character: There is no l in font nullfont!
Missing character: There is no l in font nullfont!
Missing character: There is no a in font nullfont!
Missing character: There is no r in font nullfont!
Missing character: There is no y in font nullfont!
Missing character: There is no t in font nullfont!
Missing character: There is no h in font nullfont!
Missing character: There is no a in font nullfont!
Missing character: There is no t in font nullfont!
Missing character: There is no g in font nullfont!
Missing character: There is no i in font nullfont!
Missing character: There is no v in font nullfont!
Missing character: There is no e in font nullfont!
Missing character: There is no s in font nullfont!
Missing character: There is no p in font nullfont!
Missing character: There is no o in font nullfont!
Missing character: There is no l in font nullfont!
Missing character: There is no a in font nullfont!
Missing character: There is no r in font nullfont!
Missing character: There is no f in font nullfont!
Missing character: There is no o in font nullfont!
Missing character: There is no r in font nullfont!
Missing character: There is no m in font nullfont!
Missing character: There is no o in font nullfont!
Missing character: There is no f in font nullfont!
Missing character: There is no C in font nullfont!
Missing character: There is no a in font nullfont!
Missing character: There is no u in font nullfont!
Missing character: There is no c in font nullfont!
Missing character: There is no h in font nullfont!
Missing character: There is no y in font nullfont!
Missing character: There is no - in font nullfont!
Missing character: There is no R in font nullfont!
Missing character: There is no i in font nullfont!
Missing character: There is no e in font nullfont!
Missing character: There is no m in font nullfont!
Missing character: There is no a in font nullfont!
Missing character: There is no n in font nullfont!
Missing character: There is no n in font nullfont!
Missing character: There is no e in font nullfont!
Missing character: There is no q in font nullfont!
Missing character: There is no u in font nullfont!
Missing character: There is no a in font nullfont!
Missing character: There is no t in font nullfont!
Missing character: There is no i in font nullfont!
Missing character: There is no o in font nullfont!
Missing character: There is no n in font nullfont!
Missing character: There is no s in font nullfont!
Missing character: There is no . in font nullfont!

Overfull \hbox (20.0pt too wide) in paragraph at lines 265--266
[]
 []

Missing character: There is no [ in font nullfont!
Missing character: There is no P in font nullfont!
Missing character: There is no o in font nullfont!
Missing character: There is no l in font nullfont!
Missing character: There is no a in font nullfont!
Missing character: There is no r in font nullfont!
Missing character: There is no f in font nullfont!
Missing character: There is no o in font nullfont!
Missing character: There is no r in font nullfont!
Missing character: There is no m in font nullfont!
Missing character: There is no o in font nullfont!
Missing character: There is no f in font nullfont!
Missing character: There is no C in font nullfont!
Missing character: There is no a in font nullfont!
Missing character: There is no u in font nullfont!
Missing character: There is no c in font nullfont!
Missing character: There is no h in font nullfont!
Missing character: There is no y in font nullfont!
Missing character: There is no - in font nullfont!
Missing character: There is no R in font nullfont!
Missing character: There is no i in font nullfont!
Missing character: There is no e in font nullfont!
Missing character: There is no m in font nullfont!
Missing character: There is no a in font nullfont!
Missing character: There is no n in font nullfont!
Missing character: There is no n in font nullfont!
Missing character: There is no e in font nullfont!
Missing character: There is no q in font nullfont!
Missing character: There is no u in font nullfont!
Missing character: There is no a in font nullfont!
Missing character: There is no t in font nullfont!
Missing character: There is no i in font nullfont!
Missing character: There is no o in font nullfont!
Missing character: There is no n in font nullfont!
Missing character: There is no s in font nullfont!
Missing character: There is no ] in font nullfont!
Missing character: There is no L in font nullfont!
Missing character: There is no e in font nullfont!
Missing character: There is no t in font nullfont!
Missing character: There is no , in font nullfont!
Missing character: There is no w in font nullfont!
Missing character: There is no h in font nullfont!
Missing character: There is no e in font nullfont!
Missing character: There is no r in font nullfont!
Missing character: There is no e in font nullfont!
/home/jonzoda/Documents/school/2024/MTH5103/notes/final_complex_variable/input/note03.tex:268: Undefined control sequence.
l.268 ...a)$, where $r = |z|, \theta = \arg z \mod
                                                   2\pi$. Let $f(z) = \psi(r...
The control sequence at the end of the top line
of your error message was never \def'ed. If you have
misspelled it (e.g., `\hobx'), type `I' and the correct
spelling (e.g., `I\hbox'). Otherwise just continue,
and I'll forget about whatever was undefined.

Missing character: There is no . in font nullfont!
Missing character: There is no L in font nullfont!
Missing character: There is no e in font nullfont!
Missing character: There is no t in font nullfont!
Missing character: There is no . in font nullfont!
Missing character: There is no T in font nullfont!
Missing character: There is no h in font nullfont!
Missing character: There is no e in font nullfont!
Missing character: There is no n in font nullfont!
Missing character: There is no a in font nullfont!
Missing character: There is no n in font nullfont!
Missing character: There is no d in font nullfont!
Missing character: There is no . in font nullfont!
Missing character: There is no M in font nullfont!
Missing character: There is no o in font nullfont!
Missing character: There is no r in font nullfont!
Missing character: There is no e in font nullfont!
Missing character: There is no o in font nullfont!
Missing character: There is no v in font nullfont!
Missing character: There is no e in font nullfont!
Missing character: There is no r in font nullfont!
Missing character: There is no : in font nullfont!
Missing character: There is no . in font nullfont!

Overfull \hbox (38.79158pt too wide) in paragraph at lines 267--270
[]\OT1/cmr/bx/n/10 Cor
 []


Overfull \hbox (14.69437pt too wide) in paragraph at lines 267--270
\OT1/cmr/bx/n/10 6.3
 []


Overfull \hbox (15.64581pt too wide) in paragraph at lines 267--270
\OML/cmm/m/it/10 z \OT1/cmr/m/n/10 =
 []


Overfull \hbox (27.3547pt too wide) in paragraph at lines 267--270
\OML/cmm/m/it/10 re[] \OT1/cmr/m/n/10 =
 []


Overfull \hbox (36.48383pt too wide) in paragraph at lines 267--270
\OML/cmm/m/it/10 r\OT1/cmr/m/n/10 ([] \OML/cmm/m/it/10 ^^R \OT1/cmr/m/n/10 +
 []


Overfull \hbox (27.91731pt too wide) in paragraph at lines 267--270
\OML/cmm/m/it/10 i [] ^^R\OT1/cmr/m/n/10 )$
 []


Overfull \hbox (15.34488pt too wide) in paragraph at lines 267--270
\OML/cmm/m/it/10 r \OT1/cmr/m/n/10 =
 []


Overfull \hbox (30.61803pt too wide) in paragraph at lines 267--270
\OMS/cmsy/m/n/10 j\OML/cmm/m/it/10 z\OMS/cmsy/m/n/10 j\OML/cmm/m/it/10 ; ^^R \OT1/cmr/m/n/10 =
 []


Overfull \hbox (31.87157pt too wide) in paragraph at lines 267--270
[] \OML/cmm/m/it/10 z\OT1/cmr/m/n/10 2\OML/cmm/m/it/10 ^^Y$
 []


Overfull \hbox (29.39587pt too wide) in paragraph at lines 267--270
\OML/cmm/m/it/10 f\OT1/cmr/m/n/10 (\OML/cmm/m/it/10 z\OT1/cmr/m/n/10 ) =
 []


Overfull \hbox (36.07875pt too wide) in paragraph at lines 267--270
\OML/cmm/m/it/10  \OT1/cmr/m/n/10 (\OML/cmm/m/it/10 r; ^^R\OT1/cmr/m/n/10 ) +
 []


Overfull \hbox (30.83173pt too wide) in paragraph at lines 267--270
\OML/cmm/m/it/10 i^^^\OT1/cmr/m/n/10 (\OML/cmm/m/it/10 r; ^^R\OT1/cmr/m/n/10 )$
 []


Overfull \hbox (23.1994pt too wide) in paragraph at lines 267--270
[] \OT1/cmr/m/n/10 =
 []


Overfull \hbox (18.29549pt too wide) in paragraph at lines 267--270
[][]$
 []


Overfull \hbox (22.46487pt too wide) in paragraph at lines 267--270
[] \OT1/cmr/m/n/10 =
 []


Overfull \hbox (26.80782pt too wide) in paragraph at lines 267--270
\OMS/cmsy/m/n/10 ^^@[][]$
 []


Overfull \hbox (32.20143pt too wide) in paragraph at lines 267--270
\OML/cmm/m/it/10 f[]\OT1/cmr/m/n/10 (\OML/cmm/m/it/10 z\OT1/cmr/m/n/10 ) =
 []


Overfull \hbox (42.57043pt too wide) in paragraph at lines 267--270
\OML/cmm/m/it/10 e[]\OT1/cmr/m/n/10 ([] +
 []


Overfull \hbox (19.2434pt too wide) in paragraph at lines 267--270
\OML/cmm/m/it/10 i[]\OT1/cmr/m/n/10 )$ 
 []

Missing character: There is no N in font nullfont!
Missing character: There is no o in font nullfont!
Missing character: There is no w in font nullfont!
Missing character: There is no w in font nullfont!
Missing character: There is no e in font nullfont!
Missing character: There is no p in font nullfont!
Missing character: There is no r in font nullfont!
Missing character: There is no o in font nullfont!
Missing character: There is no v in font nullfont!
Missing character: There is no e in font nullfont!
Missing character: There is no t in font nullfont!
Missing character: There is no h in font nullfont!
Missing character: There is no e in font nullfont!
Missing character: There is no f in font nullfont!
Missing character: There is no o in font nullfont!
Missing character: There is no l in font nullfont!
Missing character: There is no l in font nullfont!
Missing character: There is no o in font nullfont!
Missing character: There is no w in font nullfont!
Missing character: There is no i in font nullfont!
Missing character: There is no n in font nullfont!
Missing character: There is no g in font nullfont!
Missing character: There is no f in font nullfont!
Missing character: There is no o in font nullfont!
Missing character: There is no r in font nullfont!
Missing character: There is no m in font nullfont!
Missing character: There is no o in font nullfont!
Missing character: There is no f in font nullfont!
Missing character: There is no t in font nullfont!
Missing character: There is no h in font nullfont!
Missing character: There is no e in font nullfont!
Missing character: There is no n in font nullfont!
Missing character: There is no e in font nullfont!
Missing character: There is no c in font nullfont!
Missing character: There is no e in font nullfont!
Missing character: There is no s in font nullfont!
Missing character: There is no s in font nullfont!
Missing character: There is no a in font nullfont!
Missing character: There is no r in font nullfont!
Missing character: There is no y in font nullfont!
Missing character: There is no c in font nullfont!
Missing character: There is no o in font nullfont!
Missing character: There is no n in font nullfont!
Missing character: There is no d in font nullfont!
Missing character: There is no i in font nullfont!
Missing character: There is no t in font nullfont!
Missing character: There is no i in font nullfont!
Missing character: There is no o in font nullfont!
Missing character: There is no n in font nullfont!
Missing character: There is no : in font nullfont!
Missing character: There is no I in font nullfont!
Missing character: There is no f in font nullfont!
Missing character: There is no i in font nullfont!
Missing character: There is no s in font nullfont!
Missing character: There is no d in font nullfont!
Missing character: There is no i in font nullfont!
Missing character: There is no f in font nullfont!
Missing character: There is no f in font nullfont!
Missing character: There is no e in font nullfont!
Missing character: There is no r in font nullfont!
Missing character: There is no e in font nullfont!
Missing character: There is no n in font nullfont!
Missing character: There is no t in font nullfont!
Missing character: There is no i in font nullfont!
Missing character: There is no a in font nullfont!
Missing character: There is no b in font nullfont!
Missing character: There is no l in font nullfont!
Missing character: There is no e in font nullfont!
Missing character: There is no a in font nullfont!
Missing character: There is no t in font nullfont!
Missing character: There is no , in font nullfont!
Missing character: There is no t in font nullfont!
Missing character: There is no h in font nullfont!
Missing character: There is no e in font nullfont!
Missing character: There is no n in font nullfont!
Missing character: There is no a in font nullfont!
Missing character: There is no l in font nullfont!
Missing character: There is no l in font nullfont!
Missing character: There is no e in font nullfont!
Missing character: There is no x in font nullfont!
Missing character: There is no i in font nullfont!
Missing character: There is no s in font nullfont!
Missing character: There is no t in font nullfont!
Missing character: There is no a in font nullfont!
Missing character: There is no t in font nullfont!
Missing character: There is no , in font nullfont!
Missing character: There is no a in font nullfont!
Missing character: There is no n in font nullfont!
Missing character: There is no d in font nullfont!
Missing character: There is no a in font nullfont!
Missing character: There is no n in font nullfont!
Missing character: There is no d in font nullfont!
Missing character: There is no . in font nullfont!

Overfull \hbox (20.0pt too wide) in paragraph at lines 271--273
[]
 []


Overfull \hbox (24.736pt too wide) in paragraph at lines 271--273
\OT1/cmr/bx/n/10 Prop
 []


Overfull \hbox (17.8888pt too wide) in paragraph at lines 271--273
\OT1/cmr/bx/n/10 6.6:
 []


Overfull \hbox (29.39587pt too wide) in paragraph at lines 271--273
\OML/cmm/m/it/10 f\OT1/cmr/m/n/10 (\OML/cmm/m/it/10 z\OT1/cmr/m/n/10 ) =
 []


Overfull \hbox (36.70146pt too wide) in paragraph at lines 271--273
\OML/cmm/m/it/10 u\OT1/cmr/m/n/10 (\OML/cmm/m/it/10 x; y\OT1/cmr/m/n/10 ) +
 []


Overfull \hbox (31.85022pt too wide) in paragraph at lines 271--273
\OML/cmm/m/it/10 iv\OT1/cmr/m/n/10 (\OML/cmm/m/it/10 x; y\OT1/cmr/m/n/10 )$
 []


Overfull \hbox (19.69214pt too wide) in paragraph at lines 271--273
\OML/cmm/m/it/10 z[] \OT1/cmr/m/n/10 =
 []


Overfull \hbox (17.9792pt too wide) in paragraph at lines 271--273
\OML/cmm/m/it/10 x[] \OT1/cmr/m/n/10 +
 []


Overfull \hbox (12.83408pt too wide) in paragraph at lines 271--273
\OML/cmm/m/it/10 iy[]$
 []


Overfull \hbox (60.03494pt too wide) in paragraph at lines 271--273
[]\OML/cmm/m/it/10 ; []; []; []$
 []


Overfull \hbox (31.81256pt too wide) in paragraph at lines 271--273
\OT1/cmr/m/n/10 (\OML/cmm/m/it/10 x[]; y[]\OT1/cmr/m/n/10 )$
 []


Overfull \hbox (54.19716pt too wide) in paragraph at lines 271--273
[]\OT1/cmr/m/n/10 (\OML/cmm/m/it/10 x[]; y[]\OT1/cmr/m/n/10 ) =
 []


Overfull \hbox (43.22034pt too wide) in paragraph at lines 271--273
[]\OT1/cmr/m/n/10 (\OML/cmm/m/it/10 x[]; y[]\OT1/cmr/m/n/10 )$
 []


Overfull \hbox (54.19716pt too wide) in paragraph at lines 271--273
[]\OT1/cmr/m/n/10 (\OML/cmm/m/it/10 x[]; y[]\OT1/cmr/m/n/10 ) =
 []


Overfull \hbox (51.22612pt too wide) in paragraph at lines 271--273
\OMS/cmsy/m/n/10 ^^@[]\OT1/cmr/m/n/10 (\OML/cmm/m/it/10 x[]; y[]\OT1/cmr/m/n/10 )$ 
 []

Missing character: There is no T in font nullfont!
Missing character: There is no h in font nullfont!
Missing character: There is no i in font nullfont!
Missing character: There is no s in font nullfont!
Missing character: There is no s in font nullfont!
Missing character: There is no t in font nullfont!
Missing character: There is no a in font nullfont!
Missing character: There is no t in font nullfont!
Missing character: There is no e in font nullfont!
Missing character: There is no m in font nullfont!
Missing character: There is no e in font nullfont!
Missing character: There is no n in font nullfont!
Missing character: There is no t in font nullfont!
Missing character: There is no i in font nullfont!
Missing character: There is no s in font nullfont!
Missing character: There is no w in font nullfont!
Missing character: There is no e in font nullfont!
Missing character: There is no a in font nullfont!
Missing character: There is no k in font nullfont!
Missing character: There is no e in font nullfont!
Missing character: There is no r in font nullfont!
Missing character: There is no a in font nullfont!
Missing character: There is no s in font nullfont!
Missing character: There is no w in font nullfont!
Missing character: There is no e in font nullfont!
Missing character: There is no a in font nullfont!
Missing character: There is no r in font nullfont!
Missing character: There is no e in font nullfont!
Missing character: There is no n in font nullfont!
Missing character: There is no o in font nullfont!
Missing character: There is no t in font nullfont!
Missing character: There is no p in font nullfont!
Missing character: There is no r in font nullfont!
Missing character: There is no o in font nullfont!
Missing character: There is no v in font nullfont!
Missing character: There is no i in font nullfont!
Missing character: There is no n in font nullfont!
Missing character: There is no g in font nullfont!
Missing character: There is no t in font nullfont!
Missing character: There is no h in font nullfont!
Missing character: There is no a in font nullfont!
Missing character: There is no t in font nullfont!
Missing character: There is no a in font nullfont!
Missing character: There is no n in font nullfont!
Missing character: There is no d in font nullfont!
Missing character: There is no a in font nullfont!
Missing character: There is no r in font nullfont!
Missing character: There is no e in font nullfont!
Missing character: There is no d in font nullfont!
Missing character: There is no i in font nullfont!
Missing character: There is no f in font nullfont!
Missing character: There is no f in font nullfont!
Missing character: There is no e in font nullfont!
Missing character: There is no r in font nullfont!
Missing character: There is no e in font nullfont!
Missing character: There is no n in font nullfont!
Missing character: There is no t in font nullfont!
Missing character: There is no i in font nullfont!
Missing character: There is no a in font nullfont!
Missing character: There is no b in font nullfont!
Missing character: There is no l in font nullfont!
Missing character: There is no e in font nullfont!
Missing character: There is no a in font nullfont!
Missing character: There is no t in font nullfont!
Missing character: There is no . in font nullfont!

Overfull \hbox (20.0pt too wide) in paragraph at lines 274--275
[]
 []


Overfull \hbox (5.72458pt too wide) in paragraph at lines 274--275
\OML/cmm/m/it/10 u$
 []


Overfull \hbox (5.20601pt too wide) in paragraph at lines 274--275
\OML/cmm/m/it/10 v$
 []


Overfull \hbox (31.81256pt too wide) in paragraph at lines 274--275
\OT1/cmr/m/n/10 (\OML/cmm/m/it/10 x[]; y[]\OT1/cmr/m/n/10 )$ 
 []

Missing character: There is no P in font nullfont!
Missing character: There is no f in font nullfont!
Missing character: There is no : in font nullfont!
Missing character: There is no S in font nullfont!
Missing character: There is no i in font nullfont!
Missing character: There is no n in font nullfont!
Missing character: There is no c in font nullfont!
Missing character: There is no e in font nullfont!
Missing character: There is no i in font nullfont!
Missing character: There is no s in font nullfont!
Missing character: There is no d in font nullfont!
Missing character: There is no i in font nullfont!
Missing character: There is no f in font nullfont!
Missing character: There is no f in font nullfont!
Missing character: There is no e in font nullfont!
Missing character: There is no r in font nullfont!
Missing character: There is no e in font nullfont!
Missing character: There is no n in font nullfont!
Missing character: There is no t in font nullfont!
Missing character: There is no i in font nullfont!
Missing character: There is no a in font nullfont!
Missing character: There is no b in font nullfont!
Missing character: There is no l in font nullfont!
Missing character: There is no e in font nullfont!
Missing character: There is no a in font nullfont!
Missing character: There is no t in font nullfont!
Missing character: There is no , in font nullfont!
Missing character: There is no t in font nullfont!
Missing character: There is no h in font nullfont!
Missing character: There is no e in font nullfont!
Missing character: There is no f in font nullfont!
Missing character: There is no o in font nullfont!
Missing character: There is no l in font nullfont!
Missing character: There is no l in font nullfont!
Missing character: There is no o in font nullfont!
Missing character: There is no w in font nullfont!
Missing character: There is no i in font nullfont!
Missing character: There is no n in font nullfont!
Missing character: There is no g in font nullfont!
Missing character: There is no l in font nullfont!
Missing character: There is no i in font nullfont!
Missing character: There is no m in font nullfont!
Missing character: There is no i in font nullfont!
Missing character: There is no t in font nullfont!
Missing character: There is no e in font nullfont!
Missing character: There is no x in font nullfont!
Missing character: There is no i in font nullfont!
Missing character: There is no s in font nullfont!
Missing character: There is no t in font nullfont!
Missing character: There is no s in font nullfont!
Missing character: There is no : in font nullfont!

Overfull \hbox (20.0pt too wide) in paragraph at lines 276--277
[]
 []


Overfull \hbox (5.97226pt too wide) in paragraph at lines 276--277
\OML/cmm/m/it/10 f$
 []


Overfull \hbox (9.13663pt too wide) in paragraph at lines 276--277
\OML/cmm/m/it/10 z[]$
 []

/home/jonzoda/Documents/school/2024/MTH5103/notes/final_complex_variable/input/note03.tex:277: Undefined control sequence.
l.277 ... z) - f(z_0)}{\Delta z} = \lim_{\substack
                                                  {\Delta x \to 0 \\ \Delta ...
The control sequence at the end of the top line
of your error message was never \def'ed. If you have
misspelled it (e.g., `\hobx'), type `I' and the correct
spelling (e.g., `I\hbox'). Otherwise just continue,
and I'll forget about whatever was undefined.


Overfull \hbox (517.28755pt too wide) detected at line 277
\OML/cmm/m/it/10 f[]\OT1/cmr/m/n/10 (\OML/cmm/m/it/10 z[]\OT1/cmr/m/n/10 ) = [] [] = [] []
 []

/home/jonzoda/Documents/school/2024/MTH5103/notes/final_complex_variable/input/note03.tex:278: Undefined control sequence.
l.278 $$ = \lim_{\substack
                          {\Delta x \to 0 \\ \Delta y \to 0}} \left[ \frac{u...
The control sequence at the end of the top line
of your error message was never \def'ed. If you have
misspelled it (e.g., `\hobx'), type `I' and the correct
spelling (e.g., `I\hbox'). Otherwise just continue,
and I'll forget about whatever was undefined.


Overfull \hbox (386.69583pt too wide) detected at line 278
\OT1/cmr/m/n/10 = [] []  (\OMS/cmsy/m/n/10 ^^C\OT1/cmr/m/n/10 )
 []

Missing character: There is no S in font nullfont!
Missing character: There is no i in font nullfont!
Missing character: There is no n in font nullfont!
Missing character: There is no c in font nullfont!
Missing character: There is no e in font nullfont!
Missing character: There is no t in font nullfont!
Missing character: There is no h in font nullfont!
Missing character: There is no e in font nullfont!
Missing character: There is no l in font nullfont!
Missing character: There is no i in font nullfont!
Missing character: There is no m in font nullfont!
Missing character: There is no i in font nullfont!
Missing character: There is no t in font nullfont!
Missing character: There is no ( in font nullfont!
Missing character: There is no * in font nullfont!
Missing character: There is no ) in font nullfont!
Missing character: There is no e in font nullfont!
Missing character: There is no x in font nullfont!
Missing character: There is no i in font nullfont!
Missing character: There is no s in font nullfont!
Missing character: There is no t in font nullfont!
Missing character: There is no s in font nullfont!
Missing character: There is no , in font nullfont!
Missing character: There is no i in font nullfont!
Missing character: There is no t in font nullfont!
Missing character: There is no i in font nullfont!
Missing character: There is no s in font nullfont!
Missing character: There is no u in font nullfont!
Missing character: There is no n in font nullfont!
Missing character: There is no i in font nullfont!
Missing character: There is no q in font nullfont!
Missing character: There is no u in font nullfont!
Missing character: There is no e in font nullfont!
Missing character: There is no a in font nullfont!
Missing character: There is no n in font nullfont!
Missing character: There is no d in font nullfont!
Missing character: There is no i in font nullfont!
Missing character: There is no n in font nullfont!
Missing character: There is no d in font nullfont!
Missing character: There is no e in font nullfont!
Missing character: There is no p in font nullfont!
Missing character: There is no e in font nullfont!
Missing character: There is no n in font nullfont!
Missing character: There is no d in font nullfont!
Missing character: There is no e in font nullfont!
Missing character: There is no n in font nullfont!
Missing character: There is no t in font nullfont!
Missing character: There is no o in font nullfont!
Missing character: There is no f in font nullfont!
Missing character: There is no p in font nullfont!
Missing character: There is no a in font nullfont!
Missing character: There is no t in font nullfont!
Missing character: There is no h in font nullfont!
Missing character: There is no . in font nullfont!
Missing character: There is no W in font nullfont!
Missing character: There is no e in font nullfont!
Missing character: There is no c in font nullfont!
Missing character: There is no o in font nullfont!
Missing character: There is no m in font nullfont!
Missing character: There is no p in font nullfont!
Missing character: There is no u in font nullfont!
Missing character: There is no t in font nullfont!
Missing character: There is no e in font nullfont!
Missing character: There is no t in font nullfont!
Missing character: There is no h in font nullfont!
Missing character: There is no i in font nullfont!
Missing character: There is no s in font nullfont!
Missing character: There is no l in font nullfont!
Missing character: There is no i in font nullfont!
Missing character: There is no m in font nullfont!
Missing character: There is no i in font nullfont!
Missing character: There is no t in font nullfont!
Missing character: There is no a in font nullfont!
Missing character: There is no l in font nullfont!
Missing character: There is no o in font nullfont!
Missing character: There is no n in font nullfont!
Missing character: There is no g in font nullfont!
Missing character: There is no 2 in font nullfont!
Missing character: There is no d in font nullfont!
Missing character: There is no i in font nullfont!
Missing character: There is no f in font nullfont!
Missing character: There is no f in font nullfont!
Missing character: There is no e in font nullfont!
Missing character: There is no r in font nullfont!
Missing character: There is no e in font nullfont!
Missing character: There is no n in font nullfont!
Missing character: There is no t in font nullfont!
Missing character: There is no p in font nullfont!
Missing character: There is no a in font nullfont!
Missing character: There is no t in font nullfont!
Missing character: There is no h in font nullfont!
Missing character: There is no s in font nullfont!
Missing character: There is no : in font nullfont!

Overfull \hbox (20.0pt too wide) in paragraph at lines 280--281
[]
 []


Overfull \hbox (26.20139pt too wide) in paragraph at lines 280--281
\OT1/cmr/m/n/10 ^^A\OML/cmm/m/it/10 z \OMS/cmsy/m/n/10 !
 []


Overfull \hbox (5.00002pt too wide) in paragraph at lines 280--281
\OT1/cmr/m/n/10 0$
 []

Missing character: There is no 1 in font nullfont!
Missing character: There is no ) in font nullfont!
Missing character: There is no 2 in font nullfont!
Missing character: There is no ) in font nullfont!

Overfull \hbox (20.0pt too wide) in paragraph at lines 282--284
[]
 []


Overfull \hbox (26.82635pt too wide) in paragraph at lines 282--284
\OT1/cmr/m/n/10 ^^A\OML/cmm/m/it/10 x \OMS/cmsy/m/n/10 !
 []


Overfull \hbox (33.5949pt too wide) in paragraph at lines 282--284
\OT1/cmr/m/n/10 0\OML/cmm/m/it/10 ; \OT1/cmr/m/n/10 ^^A\OML/cmm/m/it/10 y \OT1/cmr/m/n/10 =
 []


Overfull \hbox (5.00002pt too wide) in paragraph at lines 282--284
\OT1/cmr/m/n/10 0$
 []


Overfull \hbox (24.60414pt too wide) in paragraph at lines 282--284
\OT1/cmr/m/n/10 ^^A\OML/cmm/m/it/10 x \OT1/cmr/m/n/10 =
 []


Overfull \hbox (35.81711pt too wide) in paragraph at lines 282--284
\OT1/cmr/m/n/10 0\OML/cmm/m/it/10 ; \OT1/cmr/m/n/10 ^^A\OML/cmm/m/it/10 y \OMS/cmsy/m/n/10 !
 []


Overfull \hbox (5.00002pt too wide) in paragraph at lines 282--284
\OT1/cmr/m/n/10 0$ 
 []

Missing character: There is no 1 in font nullfont!
Missing character: There is no ) in font nullfont!
/home/jonzoda/Documents/school/2024/MTH5103/notes/final_complex_variable/input/note03.tex:285: Undefined control sequence.
l.285 1) $f'(z_0) = \lim_{\substack
                                   {\Delta x \to 0 \\ \Delta y = 0}} \left[ ...
The control sequence at the end of the top line
of your error message was never \def'ed. If you have
misspelled it (e.g., `\hobx'), type `I' and the correct
spelling (e.g., `I\hbox'). Otherwise just continue,
and I'll forget about whatever was undefined.


Overfull \hbox (20.0pt too wide) in paragraph at lines 285--286
[]
 []


Overfull \hbox (36.24776pt too wide) in paragraph at lines 285--286
\OML/cmm/m/it/10 f[]\OT1/cmr/m/n/10 (\OML/cmm/m/it/10 z[]\OT1/cmr/m/n/10 ) =
 []


Overfull \hbox (262.7664pt too wide) in paragraph at lines 285--286
[][] [] \OT1/cmr/m/n/10 =
 []


Overfull \hbox (51.41945pt too wide) in paragraph at lines 285--286
[]\OT1/cmr/m/n/10 (\OML/cmm/m/it/10 x[]; y[]\OT1/cmr/m/n/10 ) +
 []


Overfull \hbox (46.89345pt too wide) in paragraph at lines 285--286
\OML/cmm/m/it/10 i[]\OT1/cmr/m/n/10 (\OML/cmm/m/it/10 x[]; y[]\OT1/cmr/m/n/10 )$ 
 []

Missing character: There is no 2 in font nullfont!
Missing character: There is no ) in font nullfont!
/home/jonzoda/Documents/school/2024/MTH5103/notes/final_complex_variable/input/note03.tex:287: Undefined control sequence.
l.287 2) $f'(z_0) = \lim_{\substack
                                   {\Delta x = 0 \\ \Delta y \to 0}} \left[ ...
The control sequence at the end of the top line
of your error message was never \def'ed. If you have
misspelled it (e.g., `\hobx'), type `I' and the correct
spelling (e.g., `I\hbox'). Otherwise just continue,
and I'll forget about whatever was undefined.


Overfull \hbox (20.0pt too wide) in paragraph at lines 287--288
[]
 []


Overfull \hbox (36.24776pt too wide) in paragraph at lines 287--288
\OML/cmm/m/it/10 f[]\OT1/cmr/m/n/10 (\OML/cmm/m/it/10 z[]\OT1/cmr/m/n/10 ) =
 []


Overfull \hbox (262.31044pt too wide) in paragraph at lines 287--288
[][] [] \OT1/cmr/m/n/10 =
 []


Overfull \hbox (57.80557pt too wide) in paragraph at lines 287--288
[][]\OT1/cmr/m/n/10 (\OML/cmm/m/it/10 x[]; y[]\OT1/cmr/m/n/10 ) +
 []


Overfull \hbox (53.77585pt too wide) in paragraph at lines 287--288
[]\OT1/cmr/m/n/10 (\OML/cmm/m/it/10 x[]; y[]\OT1/cmr/m/n/10 ) =
 []


Overfull \hbox (62.64238pt too wide) in paragraph at lines 287--288
\OMS/cmsy/m/n/10 ^^@\OML/cmm/m/it/10 i[]\OT1/cmr/m/n/10 (\OML/cmm/m/it/10 x[]; y[]\OT1/cmr/m/n/10 ) +
 []


Overfull \hbox (43.22034pt too wide) in paragraph at lines 287--288
[]\OT1/cmr/m/n/10 (\OML/cmm/m/it/10 x[]; y[]\OT1/cmr/m/n/10 )$ 
 []

Missing character: There is no S in font nullfont!
Missing character: There is no i in font nullfont!
Missing character: There is no n in font nullfont!
Missing character: There is no c in font nullfont!
Missing character: There is no e in font nullfont!
Missing character: There is no o in font nullfont!
Missing character: There is no n in font nullfont!
Missing character: There is no b in font nullfont!
Missing character: There is no o in font nullfont!
Missing character: There is no t in font nullfont!
Missing character: There is no h in font nullfont!
Missing character: There is no p in font nullfont!
Missing character: There is no a in font nullfont!
Missing character: There is no t in font nullfont!
Missing character: There is no h in font nullfont!
Missing character: There is no s in font nullfont!
Missing character: There is no w in font nullfont!
Missing character: There is no e in font nullfont!
Missing character: There is no g in font nullfont!
Missing character: There is no e in font nullfont!
Missing character: There is no t in font nullfont!
Missing character: There is no t in font nullfont!
Missing character: There is no h in font nullfont!
Missing character: There is no e in font nullfont!
Missing character: There is no s in font nullfont!
Missing character: There is no a in font nullfont!
Missing character: There is no m in font nullfont!
Missing character: There is no e in font nullfont!
Missing character: There is no l in font nullfont!
Missing character: There is no i in font nullfont!
Missing character: There is no m in font nullfont!
Missing character: There is no i in font nullfont!
Missing character: There is no t in font nullfont!
Missing character: There is no , in font nullfont!
Missing character: There is no w in font nullfont!
Missing character: There is no e in font nullfont!
Missing character: There is no c in font nullfont!
Missing character: There is no o in font nullfont!
Missing character: There is no n in font nullfont!
Missing character: There is no c in font nullfont!
Missing character: There is no l in font nullfont!
Missing character: There is no u in font nullfont!
Missing character: There is no d in font nullfont!
Missing character: There is no e in font nullfont!
Missing character: There is no t in font nullfont!
Missing character: There is no h in font nullfont!
Missing character: There is no a in font nullfont!
Missing character: There is no t in font nullfont!
Missing character: There is no . in font nullfont!

Overfull \hbox (20.0pt too wide) in paragraph at lines 289--290
[]
 []


Overfull \hbox (51.41945pt too wide) in paragraph at lines 289--290
[]\OT1/cmr/m/n/10 (\OML/cmm/m/it/10 x[]; y[]\OT1/cmr/m/n/10 ) +
 []


Overfull \hbox (57.44896pt too wide) in paragraph at lines 289--290
\OML/cmm/m/it/10 i[]\OT1/cmr/m/n/10 (\OML/cmm/m/it/10 x[]; y[]\OT1/cmr/m/n/10 ) =
 []


Overfull \hbox (62.64238pt too wide) in paragraph at lines 289--290
\OMS/cmsy/m/n/10 ^^@\OML/cmm/m/it/10 i[]\OT1/cmr/m/n/10 (\OML/cmm/m/it/10 x[]; y[]\OT1/cmr/m/n/10 ) +
 []


Overfull \hbox (43.22034pt too wide) in paragraph at lines 289--290
[]\OT1/cmr/m/n/10 (\OML/cmm/m/it/10 x[]; y[]\OT1/cmr/m/n/10 )$ 
 []

Missing character: There is no C in font nullfont!
Missing character: There is no o in font nullfont!
Missing character: There is no m in font nullfont!
Missing character: There is no p in font nullfont!
Missing character: There is no a in font nullfont!
Missing character: There is no r in font nullfont!
Missing character: There is no i in font nullfont!
Missing character: There is no n in font nullfont!
Missing character: There is no g in font nullfont!
Missing character: There is no t in font nullfont!
Missing character: There is no h in font nullfont!
Missing character: There is no e in font nullfont!
Missing character: There is no r in font nullfont!
Missing character: There is no e in font nullfont!
Missing character: There is no a in font nullfont!
Missing character: There is no l in font nullfont!
Missing character: There is no a in font nullfont!
Missing character: There is no n in font nullfont!
Missing character: There is no d in font nullfont!
Missing character: There is no i in font nullfont!
Missing character: There is no m in font nullfont!
Missing character: There is no a in font nullfont!
Missing character: There is no g in font nullfont!
Missing character: There is no i in font nullfont!
Missing character: There is no n in font nullfont!
Missing character: There is no a in font nullfont!
Missing character: There is no r in font nullfont!
Missing character: There is no y in font nullfont!
Missing character: There is no p in font nullfont!
Missing character: There is no a in font nullfont!
Missing character: There is no r in font nullfont!
Missing character: There is no t in font nullfont!
Missing character: There is no s in font nullfont!
Missing character: There is no w in font nullfont!
Missing character: There is no e in font nullfont!
Missing character: There is no o in font nullfont!
Missing character: There is no b in font nullfont!
Missing character: There is no t in font nullfont!
Missing character: There is no a in font nullfont!
Missing character: There is no i in font nullfont!
Missing character: There is no n in font nullfont!
Missing character: There is no a in font nullfont!
Missing character: There is no n in font nullfont!
Missing character: There is no d in font nullfont!
Missing character: There is no . in font nullfont!

Overfull \hbox (20.0pt too wide) in paragraph at lines 291--292
[]
 []


Overfull \hbox (54.19716pt too wide) in paragraph at lines 291--292
[]\OT1/cmr/m/n/10 (\OML/cmm/m/it/10 x[]; y[]\OT1/cmr/m/n/10 ) =
 []


Overfull \hbox (43.22034pt too wide) in paragraph at lines 291--292
[]\OT1/cmr/m/n/10 (\OML/cmm/m/it/10 x[]; y[]\OT1/cmr/m/n/10 )$
 []


Overfull \hbox (61.97496pt too wide) in paragraph at lines 291--292
\OMS/cmsy/m/n/10 ^^@[]\OT1/cmr/m/n/10 (\OML/cmm/m/it/10 x[]; y[]\OT1/cmr/m/n/10 ) =
 []


Overfull \hbox (43.44832pt too wide) in paragraph at lines 291--292
[]\OT1/cmr/m/n/10 (\OML/cmm/m/it/10 x[]; y[]\OT1/cmr/m/n/10 )$ 
 []

Missing character: There is no W in font nullfont!
Missing character: There is no h in font nullfont!
Missing character: There is no e in font nullfont!
Missing character: There is no r in font nullfont!
Missing character: There is no e in font nullfont!
Missing character: There is no i in font nullfont!
Missing character: There is no s in font nullfont!
Missing character: There is no d in font nullfont!
Missing character: There is no i in font nullfont!
Missing character: There is no f in font nullfont!
Missing character: There is no f in font nullfont!
Missing character: There is no e in font nullfont!
Missing character: There is no r in font nullfont!
Missing character: There is no e in font nullfont!
Missing character: There is no n in font nullfont!
Missing character: There is no t in font nullfont!
Missing character: There is no i in font nullfont!
Missing character: There is no a in font nullfont!
Missing character: There is no b in font nullfont!
Missing character: There is no l in font nullfont!
Missing character: There is no e in font nullfont!
Missing character: There is no ? in font nullfont!

Overfull \hbox (33.62492pt too wide) in paragraph at lines 293--294
[]\OT1/cmr/bx/n/10 Ex
 []


Overfull \hbox (14.69437pt too wide) in paragraph at lines 293--294
\OT1/cmr/bx/n/10 8.7
 []


Overfull \hbox (39.72685pt too wide) in paragraph at lines 293--294
\OML/cmm/m/it/10 f\OT1/cmr/m/n/10 (\OML/cmm/m/it/10 x; y\OT1/cmr/m/n/10 ) =
 []


Overfull \hbox (17.9792pt too wide) in paragraph at lines 293--294
\OML/cmm/m/it/10 x[] \OMS/cmsy/m/n/10 ^^@
 []


Overfull \hbox (28.24081pt too wide) in paragraph at lines 293--294
\OT1/cmr/m/n/10 3\OML/cmm/m/it/10 xy[] \OT1/cmr/m/n/10 +
 []


Overfull \hbox (35.57484pt too wide) in paragraph at lines 293--294
\OML/cmm/m/it/10 i\OT1/cmr/m/n/10 (3\OML/cmm/m/it/10 x[]y \OMS/cmsy/m/n/10 ^^@
 []


Overfull \hbox (13.63663pt too wide) in paragraph at lines 293--294
\OML/cmm/m/it/10 y[]\OT1/cmr/m/n/10 )$
 []

Missing character: There is no S in font nullfont!
Missing character: There is no o in font nullfont!
Missing character: There is no l in font nullfont!
Missing character: There is no : in font nullfont!
Missing character: There is no L in font nullfont!
Missing character: There is no e in font nullfont!
Missing character: There is no t in font nullfont!
Missing character: There is no u in font nullfont!
Missing character: There is no s in font nullfont!
Missing character: There is no c in font nullfont!
Missing character: There is no h in font nullfont!
Missing character: There is no e in font nullfont!
Missing character: There is no c in font nullfont!
Missing character: There is no k in font nullfont!
Missing character: There is no w in font nullfont!
Missing character: There is no h in font nullfont!
Missing character: There is no e in font nullfont!
Missing character: There is no r in font nullfont!
Missing character: There is no e in font nullfont!
Missing character: There is no a in font nullfont!
Missing character: There is no r in font nullfont!
Missing character: There is no e in font nullfont!
Missing character: There is no d in font nullfont!
Missing character: There is no i in font nullfont!
Missing character: There is no f in font nullfont!
Missing character: There is no f in font nullfont!
Missing character: There is no e in font nullfont!
Missing character: There is no r in font nullfont!
Missing character: There is no e in font nullfont!
Missing character: There is no n in font nullfont!
Missing character: There is no t in font nullfont!
Missing character: There is no i in font nullfont!
Missing character: There is no a in font nullfont!
Missing character: There is no b in font nullfont!
Missing character: There is no l in font nullfont!
Missing character: There is no e in font nullfont!
Missing character: There is no a in font nullfont!
Missing character: There is no n in font nullfont!
Missing character: There is no d in font nullfont!
Missing character: There is no C in font nullfont!
Missing character: There is no R in font nullfont!
Missing character: There is no e in font nullfont!
Missing character: There is no q in font nullfont!
Missing character: There is no u in font nullfont!
Missing character: There is no a in font nullfont!
Missing character: There is no t in font nullfont!
Missing character: There is no i in font nullfont!
Missing character: There is no o in font nullfont!
Missing character: There is no n in font nullfont!
Missing character: There is no s in font nullfont!
Missing character: There is no h in font nullfont!
Missing character: There is no o in font nullfont!
Missing character: There is no l in font nullfont!
Missing character: There is no d in font nullfont!
Missing character: There is no . in font nullfont!

Overfull \hbox (20.0pt too wide) in paragraph at lines 295--296
[]
 []


Overfull \hbox (16.28009pt too wide) in paragraph at lines 295--296
\OML/cmm/m/it/10 u \OT1/cmr/m/n/10 =
 []


Overfull \hbox (17.9792pt too wide) in paragraph at lines 295--296
\OML/cmm/m/it/10 x[] \OMS/cmsy/m/n/10 ^^@
 []


Overfull \hbox (40.66895pt too wide) in paragraph at lines 295--296
\OT1/cmr/m/n/10 3\OML/cmm/m/it/10 xy[]; v \OT1/cmr/m/n/10 =
 []


Overfull \hbox (28.24081pt too wide) in paragraph at lines 295--296
\OT1/cmr/m/n/10 3\OML/cmm/m/it/10 x[]y \OMS/cmsy/m/n/10 ^^@
 []


Overfull \hbox (9.74773pt too wide) in paragraph at lines 295--296
\OML/cmm/m/it/10 y[]$
 []


Overfull \hbox (42.3846pt too wide) in paragraph at lines 297--298
[]$[] \OT1/cmr/m/n/10 =
 []


Overfull \hbox (22.97922pt too wide) in paragraph at lines 297--298
\OT1/cmr/m/n/10 3\OML/cmm/m/it/10 x[] \OMS/cmsy/m/n/10 ^^@
 []


Overfull \hbox (36.93901pt too wide) in paragraph at lines 297--298
\OT1/cmr/m/n/10 3\OML/cmm/m/it/10 y[] [] \OT1/cmr/m/n/10 =
 []


Overfull \hbox (15.97688pt too wide) in paragraph at lines 297--298
\OT1/cmr/m/n/10 6\OML/cmm/m/it/10 xy$ 
 []


Overfull \hbox (42.3846pt too wide) in paragraph at lines 299--300
[]$[] \OT1/cmr/m/n/10 =
 []


Overfull \hbox (45.71797pt too wide) in paragraph at lines 299--300
\OMS/cmsy/m/n/10 ^^@\OT1/cmr/m/n/10 6\OML/cmm/m/it/10 xy [] \OT1/cmr/m/n/10 =
 []


Overfull \hbox (22.97922pt too wide) in paragraph at lines 299--300
\OT1/cmr/m/n/10 3\OML/cmm/m/it/10 x[] \OMS/cmsy/m/n/10 ^^@
 []


Overfull \hbox (14.74774pt too wide) in paragraph at lines 299--300
\OT1/cmr/m/n/10 3\OML/cmm/m/it/10 y[]$ 
 []

/home/jonzoda/Documents/school/2024/MTH5103/notes/final_complex_variable/input/note03.tex:301: Undefined control sequence.
<recently read> \implies 
                         
l.301 $\implies
                u, v$ are differentiable at every $(x,y)$. CR equations:
The control sequence at the end of the top line
of your error message was never \def'ed. If you have
misspelled it (e.g., `\hobx'), type `I' and the correct
spelling (e.g., `I\hbox'). Otherwise just continue,
and I'll forget about whatever was undefined.

Missing character: There is no a in font nullfont!
Missing character: There is no r in font nullfont!
Missing character: There is no e in font nullfont!
Missing character: There is no d in font nullfont!
Missing character: There is no i in font nullfont!
Missing character: There is no f in font nullfont!
Missing character: There is no f in font nullfont!
Missing character: There is no e in font nullfont!
Missing character: There is no r in font nullfont!
Missing character: There is no e in font nullfont!
Missing character: There is no n in font nullfont!
Missing character: There is no t in font nullfont!
Missing character: There is no i in font nullfont!
Missing character: There is no a in font nullfont!
Missing character: There is no b in font nullfont!
Missing character: There is no l in font nullfont!
Missing character: There is no e in font nullfont!
Missing character: There is no a in font nullfont!
Missing character: There is no t in font nullfont!
Missing character: There is no e in font nullfont!
Missing character: There is no v in font nullfont!
Missing character: There is no e in font nullfont!
Missing character: There is no r in font nullfont!
Missing character: There is no y in font nullfont!
Missing character: There is no . in font nullfont!
Missing character: There is no C in font nullfont!
Missing character: There is no R in font nullfont!
Missing character: There is no e in font nullfont!
Missing character: There is no q in font nullfont!
Missing character: There is no u in font nullfont!
Missing character: There is no a in font nullfont!
Missing character: There is no t in font nullfont!
Missing character: There is no i in font nullfont!
Missing character: There is no o in font nullfont!
Missing character: There is no n in font nullfont!
Missing character: There is no s in font nullfont!
Missing character: There is no : in font nullfont!

Overfull \hbox (35.375pt too wide) in paragraph at lines 301--302
[]$\OML/cmm/m/it/10 u; v$
 []


Overfull \hbox (23.19908pt too wide) in paragraph at lines 301--302
\OT1/cmr/m/n/10 (\OML/cmm/m/it/10 x; y\OT1/cmr/m/n/10 )$
 []

/home/jonzoda/Documents/school/2024/MTH5103/notes/final_complex_variable/input/note03.tex:303: Missing } inserted.
<inserted text> 
                }
l.303 \frac
           {\partial u}{\partial x} = \frac{\partial v}{\partial y} \\
I've inserted something that you may have forgotten.
(See the <inserted text> above.)
With luck, this will get me unwedged. But if you
really didn't forget anything, try typing `2' now; then
my insertion and my current dilemma will both disappear.

/home/jonzoda/Documents/school/2024/MTH5103/notes/final_complex_variable/input/note03.tex:303: Missing \cr inserted.
<inserted text> 
                \cr 
l.303 \frac
           {\partial u}{\partial x} = \frac{\partial v}{\partial y} \\
I'm guessing that you meant to end an alignment here.

/home/jonzoda/Documents/school/2024/MTH5103/notes/final_complex_variable/input/note03.tex:303: Misplaced \cr.
<inserted text> \cr 
                    
l.303 \frac
           {\partial u}{\partial x} = \frac{\partial v}{\partial y} \\
I can't figure out why you would want to use a tab mark
or \cr or \span just now. If something like a right brace
up above has ended a previous alignment prematurely,
you're probably due for more error messages, and you
might try typing `S' now just to see what is salvageable.

/home/jonzoda/Documents/school/2024/MTH5103/notes/final_complex_variable/input/note03.tex:303: Missing \cr inserted.
<inserted text> 
                \cr 
l.303 \frac
           {\partial u}{\partial x} = \frac{\partial v}{\partial y} \\
I'm guessing that you meant to end an alignment here.

/home/jonzoda/Documents/school/2024/MTH5103/notes/final_complex_variable/input/note03.tex:303: Misplaced \cr.
<inserted text> \cr 
                    
l.303 \frac
           {\partial u}{\partial x} = \frac{\partial v}{\partial y} \\
I can't figure out why you would want to use a tab mark
or \cr or \span just now. If something like a right brace
up above has ended a previous alignment prematurely,
you're probably due for more error messages, and you
might try typing `S' now just to see what is salvageable.

/home/jonzoda/Documents/school/2024/MTH5103/notes/final_complex_variable/input/note03.tex:303: Missing \cr inserted.
<inserted text> 
                \cr 
l.303 \frac
           {\partial u}{\partial x} = \frac{\partial v}{\partial y} \\
I'm guessing that you meant to end an alignment here.

/home/jonzoda/Documents/school/2024/MTH5103/notes/final_complex_variable/input/note03.tex:303: Misplaced \cr.
<inserted text> \cr 
                    
l.303 \frac
           {\partial u}{\partial x} = \frac{\partial v}{\partial y} \\
I can't figure out why you would want to use a tab mark
or \cr or \span just now. If something like a right brace
up above has ended a previous alignment prematurely,
you're probably due for more error messages, and you
might try typing `S' now just to see what is salvageable.

/home/jonzoda/Documents/school/2024/MTH5103/notes/final_complex_variable/input/note03.tex:303: Missing \cr inserted.
<inserted text> 
                \cr 
l.303 \frac
           {\partial u}{\partial x} = \frac{\partial v}{\partial y} \\
I'm guessing that you meant to end an alignment here.

/home/jonzoda/Documents/school/2024/MTH5103/notes/final_complex_variable/input/note03.tex:303: Misplaced \cr.
<inserted text> \cr 
                    
l.303 \frac
           {\partial u}{\partial x} = \frac{\partial v}{\partial y} \\
I can't figure out why you would want to use a tab mark
or \cr or \span just now. If something like a right brace
up above has ended a previous alignment prematurely,
you're probably due for more error messages, and you
might try typing `S' now just to see what is salvageable.

/home/jonzoda/Documents/school/2024/MTH5103/notes/final_complex_variable/input/note03.tex:303: Missing \cr inserted.
<inserted text> 
                \cr 
l.303 \frac
           {\partial u}{\partial x} = \frac{\partial v}{\partial y} \\
I'm guessing that you meant to end an alignment here.

/home/jonzoda/Documents/school/2024/MTH5103/notes/final_complex_variable/input/note03.tex:303: Misplaced \cr.
<inserted text> \cr 
                    
l.303 \frac
           {\partial u}{\partial x} = \frac{\partial v}{\partial y} \\
I can't figure out why you would want to use a tab mark
or \cr or \span just now. If something like a right brace
up above has ended a previous alignment prematurely,
you're probably due for more error messages, and you
might try typing `S' now just to see what is salvageable.

/home/jonzoda/Documents/school/2024/MTH5103/notes/final_complex_variable/input/note03.tex:303: Missing \cr inserted.
<inserted text> 
                \cr 
l.303 \frac
           {\partial u}{\partial x} = \frac{\partial v}{\partial y} \\
I'm guessing that you meant to end an alignment here.

/home/jonzoda/Documents/school/2024/MTH5103/notes/final_complex_variable/input/note03.tex:303: Misplaced \cr.
<inserted text> \cr 
                    
l.303 \frac
           {\partial u}{\partial x} = \frac{\partial v}{\partial y} \\
I can't figure out why you would want to use a tab mark
or \cr or \span just now. If something like a right brace
up above has ended a previous alignment prematurely,
you're probably due for more error messages, and you
might try typing `S' now just to see what is salvageable.

/home/jonzoda/Documents/school/2024/MTH5103/notes/final_complex_variable/input/note03.tex:303: Missing \cr inserted.
<inserted text> 
                \cr 
l.303 \frac
           {\partial u}{\partial x} = \frac{\partial v}{\partial y} \\
I'm guessing that you meant to end an alignment here.

/home/jonzoda/Documents/school/2024/MTH5103/notes/final_complex_variable/input/note03.tex:303: Misplaced \cr.
<inserted text> \cr 
                    
l.303 \frac
           {\partial u}{\partial x} = \frac{\partial v}{\partial y} \\
I can't figure out why you would want to use a tab mark
or \cr or \span just now. If something like a right brace
up above has ended a previous alignment prematurely,
you're probably due for more error messages, and you
might try typing `S' now just to see what is salvageable.

/home/jonzoda/Documents/school/2024/MTH5103/notes/final_complex_variable/input/note03.tex:303: Missing \cr inserted.
<inserted text> 
                \cr 
l.303 \frac
           {\partial u}{\partial x} = \frac{\partial v}{\partial y} \\
I'm guessing that you meant to end an alignment here.

/home/jonzoda/Documents/school/2024/MTH5103/notes/final_complex_variable/input/note03.tex:303: Misplaced \cr.
<inserted text> \cr 
                    
l.303 \frac
           {\partial u}{\partial x} = \frac{\partial v}{\partial y} \\
I can't figure out why you would want to use a tab mark
or \cr or \span just now. If something like a right brace
up above has ended a previous alignment prematurely,
you're probably due for more error messages, and you
might try typing `S' now just to see what is salvageable.

/home/jonzoda/Documents/school/2024/MTH5103/notes/final_complex_variable/input/note03.tex:303: Missing \cr inserted.
<inserted text> 
                \cr 
l.303 \frac
           {\partial u}{\partial x} = \frac{\partial v}{\partial y} \\
I'm guessing that you meant to end an alignment here.

/home/jonzoda/Documents/school/2024/MTH5103/notes/final_complex_variable/input/note03.tex:303: Misplaced \cr.
<inserted text> \cr 
                    
l.303 \frac
           {\partial u}{\partial x} = \frac{\partial v}{\partial y} \\
I can't figure out why you would want to use a tab mark
or \cr or \span just now. If something like a right brace
up above has ended a previous alignment prematurely,
you're probably due for more error messages, and you
might try typing `S' now just to see what is salvageable.

/home/jonzoda/Documents/school/2024/MTH5103/notes/final_complex_variable/input/note03.tex:303: Missing \cr inserted.
<inserted text> 
                \cr 
l.303 \frac
           {\partial u}{\partial x} = \frac{\partial v}{\partial y} \\
I'm guessing that you meant to end an alignment here.

/home/jonzoda/Documents/school/2024/MTH5103/notes/final_complex_variable/input/note03.tex:303: Misplaced \cr.
<inserted text> \cr 
                    
l.303 \frac
           {\partial u}{\partial x} = \frac{\partial v}{\partial y} \\
I can't figure out why you would want to use a tab mark
or \cr or \span just now. If something like a right brace
up above has ended a previous alignment prematurely,
you're probably due for more error messages, and you
might try typing `S' now just to see what is salvageable.

/home/jonzoda/Documents/school/2024/MTH5103/notes/final_complex_variable/input/note03.tex:303: Missing \cr inserted.
<inserted text> 
                \cr 
l.303 \frac
           {\partial u}{\partial x} = \frac{\partial v}{\partial y} \\
I'm guessing that you meant to end an alignment here.

/home/jonzoda/Documents/school/2024/MTH5103/notes/final_complex_variable/input/note03.tex:303: Misplaced \cr.
<inserted text> \cr 
                    
l.303 \frac
           {\partial u}{\partial x} = \frac{\partial v}{\partial y} \\
I can't figure out why you would want to use a tab mark
or \cr or \span just now. If something like a right brace
up above has ended a previous alignment prematurely,
you're probably due for more error messages, and you
might try typing `S' now just to see what is salvageable.

/home/jonzoda/Documents/school/2024/MTH5103/notes/final_complex_variable/input/note03.tex:303: Missing \cr inserted.
<inserted text> 
                \cr 
l.303 \frac
           {\partial u}{\partial x} = \frac{\partial v}{\partial y} \\
I'm guessing that you meant to end an alignment here.

/home/jonzoda/Documents/school/2024/MTH5103/notes/final_complex_variable/input/note03.tex:303: Misplaced \cr.
<inserted text> \cr 
                    
l.303 \frac
           {\partial u}{\partial x} = \frac{\partial v}{\partial y} \\
I can't figure out why you would want to use a tab mark
or \cr or \span just now. If something like a right brace
up above has ended a previous alignment prematurely,
you're probably due for more error messages, and you
might try typing `S' now just to see what is salvageable.

/home/jonzoda/Documents/school/2024/MTH5103/notes/final_complex_variable/input/note03.tex:303: Missing \cr inserted.
<inserted text> 
                \cr 
l.303 \frac
           {\partial u}{\partial x} = \frac{\partial v}{\partial y} \\
I'm guessing that you meant to end an alignment here.

/home/jonzoda/Documents/school/2024/MTH5103/notes/final_complex_variable/input/note03.tex:303: Misplaced \cr.
<inserted text> \cr 
                    
l.303 \frac
           {\partial u}{\partial x} = \frac{\partial v}{\partial y} \\
I can't figure out why you would want to use a tab mark
or \cr or \span just now. If something like a right brace
up above has ended a previous alignment prematurely,
you're probably due for more error messages, and you
might try typing `S' now just to see what is salvageable.

/home/jonzoda/Documents/school/2024/MTH5103/notes/final_complex_variable/input/note03.tex:303: Missing \cr inserted.
<inserted text> 
                \cr 
l.303 \frac
           {\partial u}{\partial x} = \frac{\partial v}{\partial y} \\
I'm guessing that you meant to end an alignment here.

/home/jonzoda/Documents/school/2024/MTH5103/notes/final_complex_variable/input/note03.tex:303: Misplaced \cr.
<inserted text> \cr 
                    
l.303 \frac
           {\partial u}{\partial x} = \frac{\partial v}{\partial y} \\
I can't figure out why you would want to use a tab mark
or \cr or \span just now. If something like a right brace
up above has ended a previous alignment prematurely,
you're probably due for more error messages, and you
might try typing `S' now just to see what is salvageable.

/home/jonzoda/Documents/school/2024/MTH5103/notes/final_complex_variable/input/note03.tex:303: Missing \cr inserted.
<inserted text> 
                \cr 
l.303 \frac
           {\partial u}{\partial x} = \frac{\partial v}{\partial y} \\
I'm guessing that you meant to end an alignment here.

/home/jonzoda/Documents/school/2024/MTH5103/notes/final_complex_variable/input/note03.tex:303: Misplaced \cr.
<inserted text> \cr 
                    
l.303 \frac
           {\partial u}{\partial x} = \frac{\partial v}{\partial y} \\
I can't figure out why you would want to use a tab mark
or \cr or \span just now. If something like a right brace
up above has ended a previous alignment prematurely,
you're probably due for more error messages, and you
might try typing `S' now just to see what is salvageable.

/home/jonzoda/Documents/school/2024/MTH5103/notes/final_complex_variable/input/note03.tex:303: Missing \cr inserted.
<inserted text> 
                \cr 
l.303 \frac
           {\partial u}{\partial x} = \frac{\partial v}{\partial y} \\
I'm guessing that you meant to end an alignment here.

/home/jonzoda/Documents/school/2024/MTH5103/notes/final_complex_variable/input/note03.tex:303: Misplaced \cr.
<inserted text> \cr 
                    
l.303 \frac
           {\partial u}{\partial x} = \frac{\partial v}{\partial y} \\
I can't figure out why you would want to use a tab mark
or \cr or \span just now. If something like a right brace
up above has ended a previous alignment prematurely,
you're probably due for more error messages, and you
might try typing `S' now just to see what is salvageable.

/home/jonzoda/Documents/school/2024/MTH5103/notes/final_complex_variable/input/note03.tex:303: Missing \cr inserted.
<inserted text> 
                \cr 
l.303 \frac
           {\partial u}{\partial x} = \frac{\partial v}{\partial y} \\
I'm guessing that you meant to end an alignment here.

/home/jonzoda/Documents/school/2024/MTH5103/notes/final_complex_variable/input/note03.tex:303: Misplaced \cr.
<inserted text> \cr 
                    
l.303 \frac
           {\partial u}{\partial x} = \frac{\partial v}{\partial y} \\
I can't figure out why you would want to use a tab mark
or \cr or \span just now. If something like a right brace
up above has ended a previous alignment prematurely,
you're probably due for more error messages, and you
might try typing `S' now just to see what is salvageable.

/home/jonzoda/Documents/school/2024/MTH5103/notes/final_complex_variable/input/note03.tex:303: Missing \cr inserted.
<inserted text> 
                \cr 
l.303 \frac
           {\partial u}{\partial x} = \frac{\partial v}{\partial y} \\
I'm guessing that you meant to end an alignment here.

/home/jonzoda/Documents/school/2024/MTH5103/notes/final_complex_variable/input/note03.tex:303: Misplaced \cr.
<inserted text> \cr 
                    
l.303 \frac
           {\partial u}{\partial x} = \frac{\partial v}{\partial y} \\
I can't figure out why you would want to use a tab mark
or \cr or \span just now. If something like a right brace
up above has ended a previous alignment prematurely,
you're probably due for more error messages, and you
might try typing `S' now just to see what is salvageable.

/home/jonzoda/Documents/school/2024/MTH5103/notes/final_complex_variable/input/note03.tex:303: Missing \cr inserted.
<inserted text> 
                \cr 
l.303 \frac
           {\partial u}{\partial x} = \frac{\partial v}{\partial y} \\
I'm guessing that you meant to end an alignment here.

/home/jonzoda/Documents/school/2024/MTH5103/notes/final_complex_variable/input/note03.tex:303: Misplaced \cr.
<inserted text> \cr 
                    
l.303 \frac
           {\partial u}{\partial x} = \frac{\partial v}{\partial y} \\
I can't figure out why you would want to use a tab mark
or \cr or \span just now. If something like a right brace
up above has ended a previous alignment prematurely,
you're probably due for more error messages, and you
might try typing `S' now just to see what is salvageable.

/home/jonzoda/Documents/school/2024/MTH5103/notes/final_complex_variable/input/note03.tex:303: Missing \cr inserted.
<inserted text> 
                \cr 
l.303 \frac
           {\partial u}{\partial x} = \frac{\partial v}{\partial y} \\
I'm guessing that you meant to end an alignment here.

/home/jonzoda/Documents/school/2024/MTH5103/notes/final_complex_variable/input/note03.tex:303: Misplaced \cr.
<inserted text> \cr 
                    
l.303 \frac
           {\partial u}{\partial x} = \frac{\partial v}{\partial y} \\
I can't figure out why you would want to use a tab mark
or \cr or \span just now. If something like a right brace
up above has ended a previous alignment prematurely,
you're probably due for more error messages, and you
might try typing `S' now just to see what is salvageable.

/home/jonzoda/Documents/school/2024/MTH5103/notes/final_complex_variable/input/note03.tex:303: Missing \cr inserted.
<inserted text> 
                \cr 
l.303 \frac
           {\partial u}{\partial x} = \frac{\partial v}{\partial y} \\
I'm guessing that you meant to end an alignment here.

/home/jonzoda/Documents/school/2024/MTH5103/notes/final_complex_variable/input/note03.tex:303: Misplaced \cr.
<inserted text> \cr 
                    
l.303 \frac
           {\partial u}{\partial x} = \frac{\partial v}{\partial y} \\
I can't figure out why you would want to use a tab mark
or \cr or \span just now. If something like a right brace
up above has ended a previous alignment prematurely,
you're probably due for more error messages, and you
might try typing `S' now just to see what is salvageable.

/home/jonzoda/Documents/school/2024/MTH5103/notes/final_complex_variable/input/note03.tex:303: Missing \cr inserted.
<inserted text> 
                \cr 
l.303 \frac
           {\partial u}{\partial x} = \frac{\partial v}{\partial y} \\
I'm guessing that you meant to end an alignment here.

/home/jonzoda/Documents/school/2024/MTH5103/notes/final_complex_variable/input/note03.tex:303: Misplaced \cr.
<inserted text> \cr 
                    
l.303 \frac
           {\partial u}{\partial x} = \frac{\partial v}{\partial y} \\
I can't figure out why you would want to use a tab mark
or \cr or \span just now. If something like a right brace
up above has ended a previous alignment prematurely,
you're probably due for more error messages, and you
might try typing `S' now just to see what is salvageable.

/home/jonzoda/Documents/school/2024/MTH5103/notes/final_complex_variable/input/note03.tex:303: Missing \cr inserted.
<inserted text> 
                \cr 
l.303 \frac
           {\partial u}{\partial x} = \frac{\partial v}{\partial y} \\
I'm guessing that you meant to end an alignment here.

/home/jonzoda/Documents/school/2024/MTH5103/notes/final_complex_variable/input/note03.tex:303: Misplaced \cr.
<inserted text> \cr 
                    
l.303 \frac
           {\partial u}{\partial x} = \frac{\partial v}{\partial y} \\
I can't figure out why you would want to use a tab mark
or \cr or \span just now. If something like a right brace
up above has ended a previous alignment prematurely,
you're probably due for more error messages, and you
might try typing `S' now just to see what is salvageable.

/home/jonzoda/Documents/school/2024/MTH5103/notes/final_complex_variable/input/note03.tex:303: Missing \cr inserted.
<inserted text> 
                \cr 
l.303 \frac
           {\partial u}{\partial x} = \frac{\partial v}{\partial y} \\
I'm guessing that you meant to end an alignment here.

/home/jonzoda/Documents/school/2024/MTH5103/notes/final_complex_variable/input/note03.tex:303: Misplaced \cr.
<inserted text> \cr 
                    
l.303 \frac
           {\partial u}{\partial x} = \frac{\partial v}{\partial y} \\
I can't figure out why you would want to use a tab mark
or \cr or \span just now. If something like a right brace
up above has ended a previous alignment prematurely,
you're probably due for more error messages, and you
might try typing `S' now just to see what is salvageable.

/home/jonzoda/Documents/school/2024/MTH5103/notes/final_complex_variable/input/note03.tex:303: Missing \cr inserted.
<inserted text> 
                \cr 
l.303 \frac
           {\partial u}{\partial x} = \frac{\partial v}{\partial y} \\
I'm guessing that you meant to end an alignment here.

/home/jonzoda/Documents/school/2024/MTH5103/notes/final_complex_variable/input/note03.tex:303: Misplaced \cr.
<inserted text> \cr 
                    
l.303 \frac
           {\partial u}{\partial x} = \frac{\partial v}{\partial y} \\
I can't figure out why you would want to use a tab mark
or \cr or \span just now. If something like a right brace
up above has ended a previous alignment prematurely,
you're probably due for more error messages, and you
might try typing `S' now just to see what is salvageable.

/home/jonzoda/Documents/school/2024/MTH5103/notes/final_complex_variable/input/note03.tex:303: Missing \cr inserted.
<inserted text> 
                \cr 
l.303 \frac
           {\partial u}{\partial x} = \frac{\partial v}{\partial y} \\
I'm guessing that you meant to end an alignment here.

/home/jonzoda/Documents/school/2024/MTH5103/notes/final_complex_variable/input/note03.tex:303: Misplaced \cr.
<inserted text> \cr 
                    
l.303 \frac
           {\partial u}{\partial x} = \frac{\partial v}{\partial y} \\
I can't figure out why you would want to use a tab mark
or \cr or \span just now. If something like a right brace
up above has ended a previous alignment prematurely,
you're probably due for more error messages, and you
might try typing `S' now just to see what is salvageable.

/home/jonzoda/Documents/school/2024/MTH5103/notes/final_complex_variable/input/note03.tex:303: Missing \cr inserted.
<inserted text> 
                \cr 
l.303 \frac
           {\partial u}{\partial x} = \frac{\partial v}{\partial y} \\
I'm guessing that you meant to end an alignment here.

/home/jonzoda/Documents/school/2024/MTH5103/notes/final_complex_variable/input/note03.tex:303: Misplaced \cr.
<inserted text> \cr 
                    
l.303 \frac
           {\partial u}{\partial x} = \frac{\partial v}{\partial y} \\
I can't figure out why you would want to use a tab mark
or \cr or \span just now. If something like a right brace
up above has ended a previous alignment prematurely,
you're probably due for more error messages, and you
might try typing `S' now just to see what is salvageable.

/home/jonzoda/Documents/school/2024/MTH5103/notes/final_complex_variable/input/note03.tex:303: Missing \cr inserted.
<inserted text> 
                \cr 
l.303 \frac
           {\partial u}{\partial x} = \frac{\partial v}{\partial y} \\
I'm guessing that you meant to end an alignment here.

/home/jonzoda/Documents/school/2024/MTH5103/notes/final_complex_variable/input/note03.tex:303: Misplaced \cr.
<inserted text> \cr 
                    
l.303 \frac
           {\partial u}{\partial x} = \frac{\partial v}{\partial y} \\
I can't figure out why you would want to use a tab mark
or \cr or \span just now. If something like a right brace
up above has ended a previous alignment prematurely,
you're probably due for more error messages, and you
might try typing `S' now just to see what is salvageable.

/home/jonzoda/Documents/school/2024/MTH5103/notes/final_complex_variable/input/note03.tex:303: Missing \cr inserted.
<inserted text> 
                \cr 
l.303 \frac
           {\partial u}{\partial x} = \frac{\partial v}{\partial y} \\
I'm guessing that you meant to end an alignment here.

/home/jonzoda/Documents/school/2024/MTH5103/notes/final_complex_variable/input/note03.tex:303: Misplaced \cr.
<inserted text> \cr 
                    
l.303 \frac
           {\partial u}{\partial x} = \frac{\partial v}{\partial y} \\
I can't figure out why you would want to use a tab mark
or \cr or \span just now. If something like a right brace
up above has ended a previous alignment prematurely,
you're probably due for more error messages, and you
might try typing `S' now just to see what is salvageable.

/home/jonzoda/Documents/school/2024/MTH5103/notes/final_complex_variable/input/note03.tex:303: Missing \cr inserted.
<inserted text> 
                \cr 
l.303 \frac
           {\partial u}{\partial x} = \frac{\partial v}{\partial y} \\
I'm guessing that you meant to end an alignment here.

/home/jonzoda/Documents/school/2024/MTH5103/notes/final_complex_variable/input/note03.tex:303: Misplaced \cr.
<inserted text> \cr 
                    
l.303 \frac
           {\partial u}{\partial x} = \frac{\partial v}{\partial y} \\
I can't figure out why you would want to use a tab mark
or \cr or \span just now. If something like a right brace
up above has ended a previous alignment prematurely,
you're probably due for more error messages, and you
might try typing `S' now just to see what is salvageable.

/home/jonzoda/Documents/school/2024/MTH5103/notes/final_complex_variable/input/note03.tex:303: Missing \cr inserted.
<inserted text> 
                \cr 
l.303 \frac
           {\partial u}{\partial x} = \frac{\partial v}{\partial y} \\
I'm guessing that you meant to end an alignment here.

/home/jonzoda/Documents/school/2024/MTH5103/notes/final_complex_variable/input/note03.tex:303: Misplaced \cr.
<inserted text> \cr 
                    
l.303 \frac
           {\partial u}{\partial x} = \frac{\partial v}{\partial y} \\
I can't figure out why you would want to use a tab mark
or \cr or \span just now. If something like a right brace
up above has ended a previous alignment prematurely,
you're probably due for more error messages, and you
might try typing `S' now just to see what is salvageable.

/home/jonzoda/Documents/school/2024/MTH5103/notes/final_complex_variable/input/note03.tex:303: Missing \cr inserted.
<inserted text> 
                \cr 
l.303 \frac
           {\partial u}{\partial x} = \frac{\partial v}{\partial y} \\
I'm guessing that you meant to end an alignment here.

/home/jonzoda/Documents/school/2024/MTH5103/notes/final_complex_variable/input/note03.tex:303: Misplaced \cr.
<inserted text> \cr 
                    
l.303 \frac
           {\partial u}{\partial x} = \frac{\partial v}{\partial y} \\
I can't figure out why you would want to use a tab mark
or \cr or \span just now. If something like a right brace
up above has ended a previous alignment prematurely,
you're probably due for more error messages, and you
might try typing `S' now just to see what is salvageable.

/home/jonzoda/Documents/school/2024/MTH5103/notes/final_complex_variable/input/note03.tex:303: Missing \cr inserted.
<inserted text> 
                \cr 
l.303 \frac
           {\partial u}{\partial x} = \frac{\partial v}{\partial y} \\
I'm guessing that you meant to end an alignment here.

/home/jonzoda/Documents/school/2024/MTH5103/notes/final_complex_variable/input/note03.tex:303: Misplaced \cr.
<inserted text> \cr 
                    
l.303 \frac
           {\partial u}{\partial x} = \frac{\partial v}{\partial y} \\
I can't figure out why you would want to use a tab mark
or \cr or \span just now. If something like a right brace
up above has ended a previous alignment prematurely,
you're probably due for more error messages, and you
might try typing `S' now just to see what is salvageable.

/home/jonzoda/Documents/school/2024/MTH5103/notes/final_complex_variable/input/note03.tex:303: Missing \cr inserted.
<inserted text> 
                \cr 
l.303 \frac
           {\partial u}{\partial x} = \frac{\partial v}{\partial y} \\
I'm guessing that you meant to end an alignment here.

/home/jonzoda/Documents/school/2024/MTH5103/notes/final_complex_variable/input/note03.tex:303: Misplaced \cr.
<inserted text> \cr 
                    
l.303 \frac
           {\partial u}{\partial x} = \frac{\partial v}{\partial y} \\
I can't figure out why you would want to use a tab mark
or \cr or \span just now. If something like a right brace
up above has ended a previous alignment prematurely,
you're probably due for more error messages, and you
might try typing `S' now just to see what is salvageable.

/home/jonzoda/Documents/school/2024/MTH5103/notes/final_complex_variable/input/note03.tex:303: Missing \cr inserted.
<inserted text> 
                \cr 
l.303 \frac
           {\partial u}{\partial x} = \frac{\partial v}{\partial y} \\
I'm guessing that you meant to end an alignment here.

/home/jonzoda/Documents/school/2024/MTH5103/notes/final_complex_variable/input/note03.tex:303: Misplaced \cr.
<inserted text> \cr 
                    
l.303 \frac
           {\partial u}{\partial x} = \frac{\partial v}{\partial y} \\
I can't figure out why you would want to use a tab mark
or \cr or \span just now. If something like a right brace
up above has ended a previous alignment prematurely,
you're probably due for more error messages, and you
might try typing `S' now just to see what is salvageable.

/home/jonzoda/Documents/school/2024/MTH5103/notes/final_complex_variable/input/note03.tex:303: Missing \cr inserted.
<inserted text> 
                \cr 
l.303 \frac
           {\partial u}{\partial x} = \frac{\partial v}{\partial y} \\
I'm guessing that you meant to end an alignment here.

/home/jonzoda/Documents/school/2024/MTH5103/notes/final_complex_variable/input/note03.tex:303: Misplaced \cr.
<inserted text> \cr 
                    
l.303 \frac
           {\partial u}{\partial x} = \frac{\partial v}{\partial y} \\
I can't figure out why you would want to use a tab mark
or \cr or \span just now. If something like a right brace
up above has ended a previous alignment prematurely,
you're probably due for more error messages, and you
might try typing `S' now just to see what is salvageable.

/home/jonzoda/Documents/school/2024/MTH5103/notes/final_complex_variable/input/note03.tex:303: Missing \cr inserted.
<inserted text> 
                \cr 
l.303 \frac
           {\partial u}{\partial x} = \frac{\partial v}{\partial y} \\
I'm guessing that you meant to end an alignment here.

/home/jonzoda/Documents/school/2024/MTH5103/notes/final_complex_variable/input/note03.tex:303: Misplaced \cr.
<inserted text> \cr 
                    
l.303 \frac
           {\partial u}{\partial x} = \frac{\partial v}{\partial y} \\
I can't figure out why you would want to use a tab mark
or \cr or \span just now. If something like a right brace
up above has ended a previous alignment prematurely,
you're probably due for more error messages, and you
might try typing `S' now just to see what is salvageable.

/home/jonzoda/Documents/school/2024/MTH5103/notes/final_complex_variable/input/note03.tex:303: Missing \cr inserted.
<inserted text> 
                \cr 
l.303 \frac
           {\partial u}{\partial x} = \frac{\partial v}{\partial y} \\
I'm guessing that you meant to end an alignment here.

/home/jonzoda/Documents/school/2024/MTH5103/notes/final_complex_variable/input/note03.tex:303: Misplaced \cr.
<inserted text> \cr 
                    
l.303 \frac
           {\partial u}{\partial x} = \frac{\partial v}{\partial y} \\
I can't figure out why you would want to use a tab mark
or \cr or \span just now. If something like a right brace
up above has ended a previous alignment prematurely,
you're probably due for more error messages, and you
might try typing `S' now just to see what is salvageable.

/home/jonzoda/Documents/school/2024/MTH5103/notes/final_complex_variable/input/note03.tex:303: Missing \cr inserted.
<inserted text> 
                \cr 
l.303 \frac
           {\partial u}{\partial x} = \frac{\partial v}{\partial y} \\
I'm guessing that you meant to end an alignment here.

/home/jonzoda/Documents/school/2024/MTH5103/notes/final_complex_variable/input/note03.tex:303: Misplaced \cr.
<inserted text> \cr 
                    
l.303 \frac
           {\partial u}{\partial x} = \frac{\partial v}{\partial y} \\
I can't figure out why you would want to use a tab mark
or \cr or \span just now. If something like a right brace
up above has ended a previous alignment prematurely,
you're probably due for more error messages, and you
might try typing `S' now just to see what is salvageable.

/home/jonzoda/Documents/school/2024/MTH5103/notes/final_complex_variable/input/note03.tex:303: Missing \cr inserted.
<inserted text> 
                \cr 
l.303 \frac
           {\partial u}{\partial x} = \frac{\partial v}{\partial y} \\
I'm guessing that you meant to end an alignment here.

/home/jonzoda/Documents/school/2024/MTH5103/notes/final_complex_variable/input/note03.tex:303: Misplaced \cr.
<inserted text> \cr 
                    
l.303 \frac
           {\partial u}{\partial x} = \frac{\partial v}{\partial y} \\
I can't figure out why you would want to use a tab mark
or \cr or \span just now. If something like a right brace
up above has ended a previous alignment prematurely,
you're probably due for more error messages, and you
might try typing `S' now just to see what is salvageable.

/home/jonzoda/Documents/school/2024/MTH5103/notes/final_complex_variable/input/note03.tex:303: Missing \cr inserted.
<inserted text> 
                \cr 
l.303 \frac
           {\partial u}{\partial x} = \frac{\partial v}{\partial y} \\
I'm guessing that you meant to end an alignment here.

/home/jonzoda/Documents/school/2024/MTH5103/notes/final_complex_variable/input/note03.tex:303: Misplaced \cr.
<inserted text> \cr 
                    
l.303 \frac
           {\partial u}{\partial x} = \frac{\partial v}{\partial y} \\
I can't figure out why you would want to use a tab mark
or \cr or \span just now. If something like a right brace
up above has ended a previous alignment prematurely,
you're probably due for more error messages, and you
might try typing `S' now just to see what is salvageable.

/home/jonzoda/Documents/school/2024/MTH5103/notes/final_complex_variable/input/note03.tex:303: Missing \cr inserted.
<inserted text> 
                \cr 
l.303 \frac
           {\partial u}{\partial x} = \frac{\partial v}{\partial y} \\
I'm guessing that you meant to end an alignment here.

/home/jonzoda/Documents/school/2024/MTH5103/notes/final_complex_variable/input/note03.tex:303: Misplaced \cr.
<inserted text> \cr 
                    
l.303 \frac
           {\partial u}{\partial x} = \frac{\partial v}{\partial y} \\
I can't figure out why you would want to use a tab mark
or \cr or \span just now. If something like a right brace
up above has ended a previous alignment prematurely,
you're probably due for more error messages, and you
might try typing `S' now just to see what is salvageable.

/home/jonzoda/Documents/school/2024/MTH5103/notes/final_complex_variable/input/note03.tex:303: Missing \cr inserted.
<inserted text> 
                \cr 
l.303 \frac
           {\partial u}{\partial x} = \frac{\partial v}{\partial y} \\
I'm guessing that you meant to end an alignment here.

/home/jonzoda/Documents/school/2024/MTH5103/notes/final_complex_variable/input/note03.tex:303: Misplaced \cr.
<inserted text> \cr 
                    
l.303 \frac
           {\partial u}{\partial x} = \frac{\partial v}{\partial y} \\
I can't figure out why you would want to use a tab mark
or \cr or \span just now. If something like a right brace
up above has ended a previous alignment prematurely,
you're probably due for more error messages, and you
might try typing `S' now just to see what is salvageable.

/home/jonzoda/Documents/school/2024/MTH5103/notes/final_complex_variable/input/note03.tex:303: Missing \cr inserted.
<inserted text> 
                \cr 
l.303 \frac
           {\partial u}{\partial x} = \frac{\partial v}{\partial y} \\
I'm guessing that you meant to end an alignment here.

/home/jonzoda/Documents/school/2024/MTH5103/notes/final_complex_variable/input/note03.tex:303: Misplaced \cr.
<inserted text> \cr 
                    
l.303 \frac
           {\partial u}{\partial x} = \frac{\partial v}{\partial y} \\
I can't figure out why you would want to use a tab mark
or \cr or \span just now. If something like a right brace
up above has ended a previous alignment prematurely,
you're probably due for more error messages, and you
might try typing `S' now just to see what is salvageable.

/home/jonzoda/Documents/school/2024/MTH5103/notes/final_complex_variable/input/note03.tex:303: Missing \cr inserted.
<inserted text> 
                \cr 
l.303 \frac
           {\partial u}{\partial x} = \frac{\partial v}{\partial y} \\
I'm guessing that you meant to end an alignment here.

/home/jonzoda/Documents/school/2024/MTH5103/notes/final_complex_variable/input/note03.tex:303: Misplaced \cr.
<inserted text> \cr 
                    
l.303 \frac
           {\partial u}{\partial x} = \frac{\partial v}{\partial y} \\
I can't figure out why you would want to use a tab mark
or \cr or \span just now. If something like a right brace
up above has ended a previous alignment prematurely,
you're probably due for more error messages, and you
might try typing `S' now just to see what is salvageable.

/home/jonzoda/Documents/school/2024/MTH5103/notes/final_complex_variable/input/note03.tex:303: Missing \cr inserted.
<inserted text> 
                \cr 
l.303 \frac
           {\partial u}{\partial x} = \frac{\partial v}{\partial y} \\
I'm guessing that you meant to end an alignment here.

/home/jonzoda/Documents/school/2024/MTH5103/notes/final_complex_variable/input/note03.tex:303: Misplaced \cr.
<inserted text> \cr 
                    
l.303 \frac
           {\partial u}{\partial x} = \frac{\partial v}{\partial y} \\
I can't figure out why you would want to use a tab mark
or \cr or \span just now. If something like a right brace
up above has ended a previous alignment prematurely,
you're probably due for more error messages, and you
might try typing `S' now just to see what is salvageable.

/home/jonzoda/Documents/school/2024/MTH5103/notes/final_complex_variable/input/note03.tex:303: Missing \cr inserted.
<inserted text> 
                \cr 
l.303 \frac
           {\partial u}{\partial x} = \frac{\partial v}{\partial y} \\
I'm guessing that you meant to end an alignment here.

/home/jonzoda/Documents/school/2024/MTH5103/notes/final_complex_variable/input/note03.tex:303: Misplaced \cr.
<inserted text> \cr 
                    
l.303 \frac
           {\partial u}{\partial x} = \frac{\partial v}{\partial y} \\
I can't figure out why you would want to use a tab mark
or \cr or \span just now. If something like a right brace
up above has ended a previous alignment prematurely,
you're probably due for more error messages, and you
might try typing `S' now just to see what is salvageable.

/home/jonzoda/Documents/school/2024/MTH5103/notes/final_complex_variable/input/note03.tex:303: Missing \cr inserted.
<inserted text> 
                \cr 
l.303 \frac
           {\partial u}{\partial x} = \frac{\partial v}{\partial y} \\
I'm guessing that you meant to end an alignment here.

/home/jonzoda/Documents/school/2024/MTH5103/notes/final_complex_variable/input/note03.tex:303: Misplaced \cr.
<inserted text> \cr 
                    
l.303 \frac
           {\partial u}{\partial x} = \frac{\partial v}{\partial y} \\
I can't figure out why you would want to use a tab mark
or \cr or \span just now. If something like a right brace
up above has ended a previous alignment prematurely,
you're probably due for more error messages, and you
might try typing `S' now just to see what is salvageable.

/home/jonzoda/Documents/school/2024/MTH5103/notes/final_complex_variable/input/note03.tex:303: Missing \cr inserted.
<inserted text> 
                \cr 
l.303 \frac
           {\partial u}{\partial x} = \frac{\partial v}{\partial y} \\
I'm guessing that you meant to end an alignment here.

/home/jonzoda/Documents/school/2024/MTH5103/notes/final_complex_variable/input/note03.tex:303: Misplaced \cr.
<inserted text> \cr 
                    
l.303 \frac
           {\partial u}{\partial x} = \frac{\partial v}{\partial y} \\
(That makes 100 errors; please try again.) 
Here is how much of TeX's memory you used:
 53 strings out of 473201
 1169 string characters out of 5716126
 453988 words of memory out of 5000000
 23397 multiletter control sequences out of 15000+600000
 559145 words of font info for 37 fonts, out of 8000000 for 9000
 1141 hyphenation exceptions out of 8191
 23i,7n,26p,610b,102s stack positions out of 10000i,1000n,20000p,200000b,200000s

/home/jonzoda/Documents/school/2024/MTH5103/notes/final_complex_variable/input/note03.tex:303:  ==> Fatal error occurred, no output PDF file produced!
