This is pdfTeX, Version 3.141592653-2.6-1.40.25 (TeX Live 2023) (preloaded format=pdflatex 2024.1.24)  29 JAN 2026 02:41
entering extended mode
 restricted \write18 enabled.
 file:line:error style messages enabled.
 %&-line parsing enabled.
**main.tex
(./main.tex
LaTeX2e <2023-11-01> patch level 1
L3 programming layer <2024-01-22>
(/usr/local/texlive/2023/texmf-dist/tex/latex/base/article.cls
Document Class: article 2023/05/17 v1.4n Standard LaTeX document class
(/usr/local/texlive/2023/texmf-dist/tex/latex/base/size12.clo
File: size12.clo 2023/05/17 v1.4n Standard LaTeX file (size option)
)
\c@part=\count187
\c@section=\count188
\c@subsection=\count189
\c@subsubsection=\count190
\c@paragraph=\count191
\c@subparagraph=\count192
\c@figure=\count193
\c@table=\count194
\abovecaptionskip=\skip48
\belowcaptionskip=\skip49
\bibindent=\dimen140
)
(./styles/evan.sty

LaTeX Warning: You have requested package `styles/evan',
               but the package provides `evan'.

Package: evan 
(/usr/local/texlive/2023/texmf-dist/tex/latex/amsmath/amsmath.sty
Package: amsmath 2023/05/13 v2.17o AMS math features
\@mathmargin=\skip50

For additional information on amsmath, use the `?' option.
(/usr/local/texlive/2023/texmf-dist/tex/latex/amsmath/amstext.sty
Package: amstext 2021/08/26 v2.01 AMS text

(/usr/local/texlive/2023/texmf-dist/tex/latex/amsmath/amsgen.sty
File: amsgen.sty 1999/11/30 v2.0 generic functions
\@emptytoks=\toks17
\ex@=\dimen141
))
(/usr/local/texlive/2023/texmf-dist/tex/latex/amsmath/amsbsy.sty
Package: amsbsy 1999/11/29 v1.2d Bold Symbols
\pmbraise@=\dimen142
)
(/usr/local/texlive/2023/texmf-dist/tex/latex/amsmath/amsopn.sty
Package: amsopn 2022/04/08 v2.04 operator names
)
\inf@bad=\count195
LaTeX Info: Redefining \frac on input line 234.
\uproot@=\count196
\leftroot@=\count197
LaTeX Info: Redefining \overline on input line 399.
LaTeX Info: Redefining \colon on input line 410.
\classnum@=\count198
\DOTSCASE@=\count199
LaTeX Info: Redefining \ldots on input line 496.
LaTeX Info: Redefining \dots on input line 499.
LaTeX Info: Redefining \cdots on input line 620.
\Mathstrutbox@=\box51
\strutbox@=\box52
LaTeX Info: Redefining \big on input line 722.
LaTeX Info: Redefining \Big on input line 723.
LaTeX Info: Redefining \bigg on input line 724.
LaTeX Info: Redefining \Bigg on input line 725.
\big@size=\dimen143
LaTeX Font Info:    Redeclaring font encoding OML on input line 743.
LaTeX Font Info:    Redeclaring font encoding OMS on input line 744.
\macc@depth=\count266
LaTeX Info: Redefining \bmod on input line 905.
LaTeX Info: Redefining \pmod on input line 910.
LaTeX Info: Redefining \smash on input line 940.
LaTeX Info: Redefining \relbar on input line 970.
LaTeX Info: Redefining \Relbar on input line 971.
\c@MaxMatrixCols=\count267
\dotsspace@=\muskip16
\c@parentequation=\count268
\dspbrk@lvl=\count269
\tag@help=\toks18
\row@=\count270
\column@=\count271
\maxfields@=\count272
\andhelp@=\toks19
\eqnshift@=\dimen144
\alignsep@=\dimen145
\tagshift@=\dimen146
\tagwidth@=\dimen147
\totwidth@=\dimen148
\lineht@=\dimen149
\@envbody=\toks20
\multlinegap=\skip51
\multlinetaggap=\skip52
\mathdisplay@stack=\toks21
LaTeX Info: Redefining \[ on input line 2953.
LaTeX Info: Redefining \] on input line 2954.
)
(/usr/local/texlive/2023/texmf-dist/tex/latex/amsfonts/amssymb.sty
Package: amssymb 2013/01/14 v3.01 AMS font symbols

(/usr/local/texlive/2023/texmf-dist/tex/latex/amsfonts/amsfonts.sty
Package: amsfonts 2013/01/14 v3.01 Basic AMSFonts support
\symAMSa=\mathgroup4
\symAMSb=\mathgroup5
LaTeX Font Info:    Redeclaring math symbol \hbar on input line 98.
LaTeX Font Info:    Overwriting math alphabet `\mathfrak' in version `bold'
(Font)                  U/euf/m/n --> U/euf/b/n on input line 106.
))
(/usr/local/texlive/2023/texmf-dist/tex/generic/iftex/iftex.sty
Package: iftex 2022/02/03 v1.0f TeX engine tests
)
(/usr/local/texlive/2023/texmf-dist/tex/latex/yhmath/yhmath.sty
Package: yhmath 2020/03/17 v1.6
\symyhlargesymbols=\mathgroup6
LaTeX Font Info:    Redeclaring math accent \widetilde on input line 29.
LaTeX Font Info:    Redeclaring math accent \widehat on input line 30.
)
(/usr/local/texlive/2023/texmf-dist/tex/latex/derivative/derivative.sty
(/usr/local/texlive/2023/texmf-dist/tex/latex/l3kernel/expl3.sty
Package: expl3 2024-01-22 L3 programming layer (loader) 

(/usr/local/texlive/2023/texmf-dist/tex/latex/l3backend/l3backend-pdftex.def
File: l3backend-pdftex.def 2024-01-04 L3 backend support: PDF output (pdfTeX)
\l__color_backend_stack_int=\count273
\l__pdf_internal_box=\box53
))
(/usr/local/texlive/2023/texmf-dist/tex/latex/l3packages/xparse/xparse.sty
Package: xparse 2023-10-10 L3 Experimental document command parser
)
(/usr/local/texlive/2023/texmf-dist/tex/latex/l3packages/l3keys2e/l3keys2e.sty
Package: l3keys2e 2023-10-10 LaTeX2e option processing using LaTeX3 keys
)
Package: derivative 2023/11/04 v1.31 Nice and easy derivatives and differential
s for LaTeX
\l__deriv_gcd_counter_int=\count274
\l__deriv_vmo_int=\count275
\l__deriv_var_count_int=\count276
\l__deriv_tmpa_int=\count277
\l__deriv_tmpb_int=\count278
\l__deriv_seq_pos_int=\count279
\l__deriv_sort_max_int=\count280
) (/usr/local/texlive/2023/texmf-dist/tex/latex/asymptote/asymptote.sty
Package: asymptote 2021/12/29 v1.37 Asymptote style file for LaTeX

(./main.pre)
\ASYbox=\box54
\ASYdimen=\dimen150
\c@asy=\count281
\AsyStream=\write3
\AsyPreStream=\write4
 (/usr/local/texlive/2023/texmf-dist/tex/latex/graphics/keyval.sty
Package: keyval 2022/05/29 v1.15 key=value parser (DPC)
\KV@toks@=\toks22
) (/usr/local/texlive/2023/texmf-dist/tex/latex/base/ifthen.sty
Package: ifthen 2022/04/13 v1.1d Standard LaTeX ifthen package (DPC)
)
(/usr/local/texlive/2023/texmf-dist/tex/latex/graphics/graphicx.sty
Package: graphicx 2021/09/16 v1.2d Enhanced LaTeX Graphics (DPC,SPQR)

(/usr/local/texlive/2023/texmf-dist/tex/latex/graphics/graphics.sty
Package: graphics 2022/03/10 v1.4e Standard LaTeX Graphics (DPC,SPQR)

(/usr/local/texlive/2023/texmf-dist/tex/latex/graphics/trig.sty
Package: trig 2021/08/11 v1.11 sin cos tan (DPC)
)
(/usr/local/texlive/2023/texmf-dist/tex/latex/graphics-cfg/graphics.cfg
File: graphics.cfg 2016/06/04 v1.11 sample graphics configuration
)
Package graphics Info: Driver file: pdftex.def on input line 107.

(/usr/local/texlive/2023/texmf-dist/tex/latex/graphics-def/pdftex.def
File: pdftex.def 2022/09/22 v1.2b Graphics/color driver for pdftex
))
\Gin@req@height=\dimen151
\Gin@req@width=\dimen152
)
(/usr/local/texlive/2023/texmf-dist/tex/generic/iftex/ifpdf.sty
Package: ifpdf 2019/10/25 v3.4 ifpdf legacy package. Use iftex instead.
)
(/usr/local/texlive/2023/texmf-dist/tex/generic/iftex/ifxetex.sty
Package: ifxetex 2019/10/25 v0.7 ifxetex legacy package. Use iftex instead.
)
(/usr/local/texlive/2023/texmf-dist/tex/generic/catchfile/catchfile.sty
Package: catchfile 2019/12/09 v1.8 Catch the contents of a file (HO)

(/usr/local/texlive/2023/texmf-dist/tex/generic/infwarerr/infwarerr.sty
Package: infwarerr 2019/12/03 v1.5 Providing info/warning/error messages (HO)
)
(/usr/local/texlive/2023/texmf-dist/tex/generic/ltxcmds/ltxcmds.sty
Package: ltxcmds 2023-12-04 v1.26 LaTeX kernel commands for general use (HO)
)
(/usr/local/texlive/2023/texmf-dist/tex/generic/etexcmds/etexcmds.sty
Package: etexcmds 2019/12/15 v1.7 Avoid name clashes with e-TeX commands (HO)
))
\openout4 = `main.pre'.

)
(/usr/local/texlive/2023/texmf-dist/tex/latex/xcolor/xcolor.sty
Package: xcolor 2023/11/15 v3.01 LaTeX color extensions (UK)

(/usr/local/texlive/2023/texmf-dist/tex/latex/graphics-cfg/color.cfg
File: color.cfg 2016/01/02 v1.6 sample color configuration
)
Package xcolor Info: Driver file: pdftex.def on input line 274.

(/usr/local/texlive/2023/texmf-dist/tex/latex/graphics/mathcolor.ltx)
Package xcolor Info: Model `cmy' substituted by `cmy0' on input line 1350.
Package xcolor Info: Model `hsb' substituted by `rgb' on input line 1354.
Package xcolor Info: Model `RGB' extended on input line 1366.
Package xcolor Info: Model `HTML' substituted by `rgb' on input line 1368.
Package xcolor Info: Model `Hsb' substituted by `hsb' on input line 1369.
Package xcolor Info: Model `tHsb' substituted by `hsb' on input line 1370.
Package xcolor Info: Model `HSB' substituted by `hsb' on input line 1371.
Package xcolor Info: Model `Gray' substituted by `gray' on input line 1372.
Package xcolor Info: Model `wave' substituted by `hsb' on input line 1373.
)
(/usr/local/texlive/2023/texmf-dist/tex/latex/xcolor/svgnam.def
File: svgnam.def 2023/11/15 v3.01 Predefined colors according to SVG 1.1 (UK)
)
(/usr/local/texlive/2023/texmf-dist/tex/latex/graphics/dvipsnam.def
File: dvipsnam.def 2016/06/17 v3.0m Driver-dependent file (DPC,SPQR)
)
(/usr/local/texlive/2023/texmf-dist/tex/latex/colortbl/colortbl.sty
Package: colortbl 2022/06/20 v1.0f Color table columns (DPC)

(/usr/local/texlive/2023/texmf-dist/tex/latex/tools/array.sty
Package: array 2023/10/16 v2.5g Tabular extension package (FMi)
\col@sep=\dimen153
\ar@mcellbox=\box55
\extrarowheight=\dimen154
\NC@list=\toks23
\extratabsurround=\skip53
\backup@length=\skip54
\ar@cellbox=\box56
)
\everycr=\toks24
\minrowclearance=\skip55
\rownum=\count282
)
(/usr/local/texlive/2023/texmf-dist/tex/latex/hyperref/hyperref.sty
Package: hyperref 2024-01-20 v7.01h Hypertext links for LaTeX

(/usr/local/texlive/2023/texmf-dist/tex/latex/kvsetkeys/kvsetkeys.sty
Package: kvsetkeys 2022-10-05 v1.19 Key value parser (HO)
)
(/usr/local/texlive/2023/texmf-dist/tex/generic/kvdefinekeys/kvdefinekeys.sty
Package: kvdefinekeys 2019-12-19 v1.6 Define keys (HO)
)
(/usr/local/texlive/2023/texmf-dist/tex/generic/pdfescape/pdfescape.sty
Package: pdfescape 2019/12/09 v1.15 Implements pdfTeX's escape features (HO)

(/usr/local/texlive/2023/texmf-dist/tex/generic/pdftexcmds/pdftexcmds.sty
Package: pdftexcmds 2020-06-27 v0.33 Utility functions of pdfTeX for LuaTeX (HO
)
Package pdftexcmds Info: \pdf@primitive is available.
Package pdftexcmds Info: \pdf@ifprimitive is available.
Package pdftexcmds Info: \pdfdraftmode found.
))
(/usr/local/texlive/2023/texmf-dist/tex/latex/hycolor/hycolor.sty
Package: hycolor 2020-01-27 v1.10 Color options for hyperref/bookmark (HO)
)
(/usr/local/texlive/2023/texmf-dist/tex/latex/auxhook/auxhook.sty
Package: auxhook 2019-12-17 v1.6 Hooks for auxiliary files (HO)
)
(/usr/local/texlive/2023/texmf-dist/tex/latex/hyperref/nameref.sty
Package: nameref 2023-11-26 v2.56 Cross-referencing by name of section

(/usr/local/texlive/2023/texmf-dist/tex/latex/refcount/refcount.sty
Package: refcount 2019/12/15 v3.6 Data extraction from label references (HO)
)
(/usr/local/texlive/2023/texmf-dist/tex/generic/gettitlestring/gettitlestring.s
ty
Package: gettitlestring 2019/12/15 v1.6 Cleanup title references (HO)
 (/usr/local/texlive/2023/texmf-dist/tex/latex/kvoptions/kvoptions.sty
Package: kvoptions 2022-06-15 v3.15 Key value format for package options (HO)
))
\c@section@level=\count283
)
(/usr/local/texlive/2023/texmf-dist/tex/latex/etoolbox/etoolbox.sty
Package: etoolbox 2020/10/05 v2.5k e-TeX tools for LaTeX (JAW)
\etb@tempcnta=\count284
)
\@linkdim=\dimen155
\Hy@linkcounter=\count285
\Hy@pagecounter=\count286

(/usr/local/texlive/2023/texmf-dist/tex/latex/hyperref/pd1enc.def
File: pd1enc.def 2024-01-20 v7.01h Hyperref: PDFDocEncoding definition (HO)
Now handling font encoding PD1 ...
... no UTF-8 mapping file for font encoding PD1
)
(/usr/local/texlive/2023/texmf-dist/tex/generic/intcalc/intcalc.sty
Package: intcalc 2019/12/15 v1.3 Expandable calculations with integers (HO)
)
\Hy@SavedSpaceFactor=\count287

(/usr/local/texlive/2023/texmf-dist/tex/latex/hyperref/puenc.def
File: puenc.def 2024-01-20 v7.01h Hyperref: PDF Unicode definition (HO)
Now handling font encoding PU ...
... no UTF-8 mapping file for font encoding PU
)
Package hyperref Info: Option `colorlinks' set `true' on input line 4062.
Package hyperref Info: Option `pdfusetitle' set `true' on input line 4062.
Package hyperref Info: Hyper figures OFF on input line 4179.
Package hyperref Info: Link nesting OFF on input line 4184.
Package hyperref Info: Hyper index ON on input line 4187.
Package hyperref Info: Plain pages OFF on input line 4194.
Package hyperref Info: Backreferencing OFF on input line 4199.
Package hyperref Info: Implicit mode ON; LaTeX internals redefined.
Package hyperref Info: Bookmarks ON on input line 4446.
\c@Hy@tempcnt=\count288

(/usr/local/texlive/2023/texmf-dist/tex/latex/url/url.sty
\Urlmuskip=\muskip17
Package: url 2013/09/16  ver 3.4  Verb mode for urls, etc.
)
LaTeX Info: Redefining \url on input line 4784.
\XeTeXLinkMargin=\dimen156

(/usr/local/texlive/2023/texmf-dist/tex/generic/bitset/bitset.sty
Package: bitset 2019/12/09 v1.3 Handle bit-vector datatype (HO)

(/usr/local/texlive/2023/texmf-dist/tex/generic/bigintcalc/bigintcalc.sty
Package: bigintcalc 2019/12/15 v1.5 Expandable calculations on big integers (HO
)
))
\Fld@menulength=\count289
\Field@Width=\dimen157
\Fld@charsize=\dimen158
Package hyperref Info: Hyper figures OFF on input line 6063.
Package hyperref Info: Link nesting OFF on input line 6068.
Package hyperref Info: Hyper index ON on input line 6071.
Package hyperref Info: backreferencing OFF on input line 6078.
Package hyperref Info: Link coloring ON on input line 6081.
Package hyperref Info: Link coloring with OCG OFF on input line 6088.
Package hyperref Info: PDF/A mode OFF on input line 6093.

(/usr/local/texlive/2023/texmf-dist/tex/latex/base/atbegshi-ltx.sty
Package: atbegshi-ltx 2021/01/10 v1.0c Emulation of the original atbegshi
package with kernel methods
)
\Hy@abspage=\count290
\c@Item=\count291
\c@Hfootnote=\count292
)
Package hyperref Info: Driver (autodetected): hpdftex.

(/usr/local/texlive/2023/texmf-dist/tex/latex/hyperref/hpdftex.def
File: hpdftex.def 2024-01-20 v7.01h Hyperref driver for pdfTeX

(/usr/local/texlive/2023/texmf-dist/tex/latex/base/atveryend-ltx.sty
Package: atveryend-ltx 2020/08/19 v1.0a Emulation of the original atveryend pac
kage
with kernel methods
)
\Fld@listcount=\count293
\c@bookmark@seq@number=\count294

(/usr/local/texlive/2023/texmf-dist/tex/latex/rerunfilecheck/rerunfilecheck.sty
Package: rerunfilecheck 2022-07-10 v1.10 Rerun checks for auxiliary files (HO)

(/usr/local/texlive/2023/texmf-dist/tex/generic/uniquecounter/uniquecounter.sty
Package: uniquecounter 2019/12/15 v1.4 Provide unlimited unique counter (HO)
)
Package uniquecounter Info: New unique counter `rerunfilecheck' on input line 2
85.
)
\Hy@SectionHShift=\skip56
) (/usr/local/texlive/2023/texmf-dist/tex/latex/cleveref/cleveref.sty
Package: cleveref 2018/03/27 v0.21.4 Intelligent cross-referencing
Package cleveref Info: `hyperref' support loaded on input line 2370.
LaTeX Info: Redefining \cref on input line 2370.
LaTeX Info: Redefining \Cref on input line 2370.
LaTeX Info: Redefining \crefrange on input line 2370.
LaTeX Info: Redefining \Crefrange on input line 2370.
LaTeX Info: Redefining \cpageref on input line 2370.
LaTeX Info: Redefining \Cpageref on input line 2370.
LaTeX Info: Redefining \cpagerefrange on input line 2370.
LaTeX Info: Redefining \Cpagerefrange on input line 2370.
LaTeX Info: Redefining \labelcref on input line 2370.
LaTeX Info: Redefining \labelcpageref on input line 2370.
Package cleveref Info: include cross-reference names in hyperlinks on input lin
e 7836.
Package cleveref Info: include cross-reference names in hyperlinks on input lin
e 7852.
)
(/usr/local/texlive/2023/texmf-dist/tex/latex/amscls/amsthm.sty
Package: amsthm 2020/05/29 v2.20.6
\thm@style=\toks25
\thm@bodyfont=\toks26
\thm@headfont=\toks27
\thm@notefont=\toks28
\thm@headpunct=\toks29
\thm@preskip=\skip57
\thm@postskip=\skip58
\thm@headsep=\skip59
\dth@everypar=\toks30
)
(/usr/local/texlive/2023/texmf-dist/tex/latex/thmtools/thmtools.sty
Package: thmtools 2023/05/04 v0.76
\thmt@toks=\toks31
\c@thmt@dummyctr=\count295

(/usr/local/texlive/2023/texmf-dist/tex/latex/thmtools/thm-patch.sty
Package: thm-patch 2023/05/04 v0.76

(/usr/local/texlive/2023/texmf-dist/tex/latex/thmtools/parseargs.sty
Package: parseargs 2023/05/04 v0.76
\@parsespec=\toks32
))
(/usr/local/texlive/2023/texmf-dist/tex/latex/thmtools/thm-kv.sty
Package: thm-kv 2023/05/04 v0.76
Package thm-kv Info: Theorem names will be uppercased on input line 42.
Package thm-kv Info: kvsetkeys patch (v1.16 or later) on input line 158.
)
(/usr/local/texlive/2023/texmf-dist/tex/latex/thmtools/thm-autoref.sty
Package: thm-autoref 2023/05/04 v0.76

(/usr/local/texlive/2023/texmf-dist/tex/latex/thmtools/aliasctr.sty
Package: aliasctr 2023/05/04 v0.76
))
(/usr/local/texlive/2023/texmf-dist/tex/latex/thmtools/thm-listof.sty
Package: thm-listof 2023/05/04 v0.76
)
(/usr/local/texlive/2023/texmf-dist/tex/latex/thmtools/thm-restate.sty
Package: thm-restate 2023/05/04 v0.76
)
(/usr/local/texlive/2023/texmf-dist/tex/latex/thmtools/thm-amsthm.sty
Package: thm-amsthm 2023/05/04 v0.76
\thmt@style@headstyle=\toks33
))
(/usr/local/texlive/2023/texmf-dist/tex/latex/mdframed/mdframed.sty
Package: mdframed 2013/07/01 1.9b: mdframed

(/usr/local/texlive/2023/texmf-dist/tex/latex/zref/zref-abspage.sty
Package: zref-abspage 2023-09-14 v2.35 Module abspage for zref (HO)

(/usr/local/texlive/2023/texmf-dist/tex/latex/zref/zref-base.sty
Package: zref-base 2023-09-14 v2.35 Module base for zref (HO)
Package zref Info: New property list: main on input line 767.
Package zref Info: New property: default on input line 768.
Package zref Info: New property: page on input line 769.
)
\c@abspage=\count296
Package zref Info: New property: abspage on input line 67.
)
(/usr/local/texlive/2023/texmf-dist/tex/latex/needspace/needspace.sty
Package: needspace 2010/09/12 v1.3d reserve vertical space
)
\mdf@templength=\skip60
\c@mdf@globalstyle@cnt=\count297
\mdf@skipabove@length=\skip61
\mdf@skipbelow@length=\skip62
\mdf@leftmargin@length=\skip63
\mdf@rightmargin@length=\skip64
\mdf@innerleftmargin@length=\skip65
\mdf@innerrightmargin@length=\skip66
\mdf@innertopmargin@length=\skip67
\mdf@innerbottommargin@length=\skip68
\mdf@splittopskip@length=\skip69
\mdf@splitbottomskip@length=\skip70
\mdf@outermargin@length=\skip71
\mdf@innermargin@length=\skip72
\mdf@linewidth@length=\skip73
\mdf@innerlinewidth@length=\skip74
\mdf@middlelinewidth@length=\skip75
\mdf@outerlinewidth@length=\skip76
\mdf@roundcorner@length=\skip77
\mdf@footenotedistance@length=\skip78
\mdf@userdefinedwidth@length=\skip79
\mdf@needspace@length=\skip80
\mdf@frametitleaboveskip@length=\skip81
\mdf@frametitlebelowskip@length=\skip82
\mdf@frametitlerulewidth@length=\skip83
\mdf@frametitleleftmargin@length=\skip84
\mdf@frametitlerightmargin@length=\skip85
\mdf@shadowsize@length=\skip86
\mdf@extratopheight@length=\skip87
\mdf@subtitleabovelinewidth@length=\skip88
\mdf@subtitlebelowlinewidth@length=\skip89
\mdf@subtitleaboveskip@length=\skip90
\mdf@subtitlebelowskip@length=\skip91
\mdf@subtitleinneraboveskip@length=\skip92
\mdf@subtitleinnerbelowskip@length=\skip93
\mdf@subsubtitleabovelinewidth@length=\skip94
\mdf@subsubtitlebelowlinewidth@length=\skip95
\mdf@subsubtitleaboveskip@length=\skip96
\mdf@subsubtitlebelowskip@length=\skip97
\mdf@subsubtitleinneraboveskip@length=\skip98
\mdf@subsubtitleinnerbelowskip@length=\skip99

(/usr/local/texlive/2023/texmf-dist/tex/latex/pgf/frontendlayer/tikz.sty
(/usr/local/texlive/2023/texmf-dist/tex/latex/pgf/basiclayer/pgf.sty
(/usr/local/texlive/2023/texmf-dist/tex/latex/pgf/utilities/pgfrcs.sty
(/usr/local/texlive/2023/texmf-dist/tex/generic/pgf/utilities/pgfutil-common.te
x
\pgfutil@everybye=\toks34
\pgfutil@tempdima=\dimen159
\pgfutil@tempdimb=\dimen160
)
(/usr/local/texlive/2023/texmf-dist/tex/generic/pgf/utilities/pgfutil-latex.def
\pgfutil@abb=\box57
) (/usr/local/texlive/2023/texmf-dist/tex/generic/pgf/utilities/pgfrcs.code.tex
(/usr/local/texlive/2023/texmf-dist/tex/generic/pgf/pgf.revision.tex)
Package: pgfrcs 2023-01-15 v3.1.10 (3.1.10)
))
Package: pgf 2023-01-15 v3.1.10 (3.1.10)

(/usr/local/texlive/2023/texmf-dist/tex/latex/pgf/basiclayer/pgfcore.sty
(/usr/local/texlive/2023/texmf-dist/tex/latex/pgf/systemlayer/pgfsys.sty
(/usr/local/texlive/2023/texmf-dist/tex/generic/pgf/systemlayer/pgfsys.code.tex
Package: pgfsys 2023-01-15 v3.1.10 (3.1.10)
(/usr/local/texlive/2023/texmf-dist/tex/generic/pgf/utilities/pgfkeys.code.tex
\pgfkeys@pathtoks=\toks35
\pgfkeys@temptoks=\toks36

(/usr/local/texlive/2023/texmf-dist/tex/generic/pgf/utilities/pgfkeyslibraryfil
tered.code.tex
\pgfkeys@tmptoks=\toks37
))
\pgf@x=\dimen161
\pgf@y=\dimen162
\pgf@xa=\dimen163
\pgf@ya=\dimen164
\pgf@xb=\dimen165
\pgf@yb=\dimen166
\pgf@xc=\dimen167
\pgf@yc=\dimen168
\pgf@xd=\dimen169
\pgf@yd=\dimen170
\w@pgf@writea=\write5
\r@pgf@reada=\read2
\c@pgf@counta=\count298
\c@pgf@countb=\count299
\c@pgf@countc=\count300
\c@pgf@countd=\count301
\t@pgf@toka=\toks38
\t@pgf@tokb=\toks39
\t@pgf@tokc=\toks40
\pgf@sys@id@count=\count302

(/usr/local/texlive/2023/texmf-dist/tex/generic/pgf/systemlayer/pgf.cfg
File: pgf.cfg 2023-01-15 v3.1.10 (3.1.10)
)
Driver file for pgf: pgfsys-pdftex.def

(/usr/local/texlive/2023/texmf-dist/tex/generic/pgf/systemlayer/pgfsys-pdftex.d
ef
File: pgfsys-pdftex.def 2023-01-15 v3.1.10 (3.1.10)

(/usr/local/texlive/2023/texmf-dist/tex/generic/pgf/systemlayer/pgfsys-common-p
df.def
File: pgfsys-common-pdf.def 2023-01-15 v3.1.10 (3.1.10)
)))
(/usr/local/texlive/2023/texmf-dist/tex/generic/pgf/systemlayer/pgfsyssoftpath.
code.tex
File: pgfsyssoftpath.code.tex 2023-01-15 v3.1.10 (3.1.10)
\pgfsyssoftpath@smallbuffer@items=\count303
\pgfsyssoftpath@bigbuffer@items=\count304
)
(/usr/local/texlive/2023/texmf-dist/tex/generic/pgf/systemlayer/pgfsysprotocol.
code.tex
File: pgfsysprotocol.code.tex 2023-01-15 v3.1.10 (3.1.10)
))
(/usr/local/texlive/2023/texmf-dist/tex/generic/pgf/basiclayer/pgfcore.code.tex
Package: pgfcore 2023-01-15 v3.1.10 (3.1.10)
(/usr/local/texlive/2023/texmf-dist/tex/generic/pgf/math/pgfmath.code.tex
(/usr/local/texlive/2023/texmf-dist/tex/generic/pgf/math/pgfmathutil.code.tex)
(/usr/local/texlive/2023/texmf-dist/tex/generic/pgf/math/pgfmathparser.code.tex
\pgfmath@dimen=\dimen171
\pgfmath@count=\count305
\pgfmath@box=\box58
\pgfmath@toks=\toks41
\pgfmath@stack@operand=\toks42
\pgfmath@stack@operation=\toks43
)
(/usr/local/texlive/2023/texmf-dist/tex/generic/pgf/math/pgfmathfunctions.code.
tex)
(/usr/local/texlive/2023/texmf-dist/tex/generic/pgf/math/pgfmathfunctions.basic
.code.tex)
(/usr/local/texlive/2023/texmf-dist/tex/generic/pgf/math/pgfmathfunctions.trigo
nometric.code.tex)
(/usr/local/texlive/2023/texmf-dist/tex/generic/pgf/math/pgfmathfunctions.rando
m.code.tex)
(/usr/local/texlive/2023/texmf-dist/tex/generic/pgf/math/pgfmathfunctions.compa
rison.code.tex)
(/usr/local/texlive/2023/texmf-dist/tex/generic/pgf/math/pgfmathfunctions.base.
code.tex)
(/usr/local/texlive/2023/texmf-dist/tex/generic/pgf/math/pgfmathfunctions.round
.code.tex)
(/usr/local/texlive/2023/texmf-dist/tex/generic/pgf/math/pgfmathfunctions.misc.
code.tex)
(/usr/local/texlive/2023/texmf-dist/tex/generic/pgf/math/pgfmathfunctions.integ
erarithmetics.code.tex)
(/usr/local/texlive/2023/texmf-dist/tex/generic/pgf/math/pgfmathcalc.code.tex)
(/usr/local/texlive/2023/texmf-dist/tex/generic/pgf/math/pgfmathfloat.code.tex
\c@pgfmathroundto@lastzeros=\count306
)) (/usr/local/texlive/2023/texmf-dist/tex/generic/pgf/math/pgfint.code.tex)
(/usr/local/texlive/2023/texmf-dist/tex/generic/pgf/basiclayer/pgfcorepoints.co
de.tex
File: pgfcorepoints.code.tex 2023-01-15 v3.1.10 (3.1.10)
\pgf@picminx=\dimen172
\pgf@picmaxx=\dimen173
\pgf@picminy=\dimen174
\pgf@picmaxy=\dimen175
\pgf@pathminx=\dimen176
\pgf@pathmaxx=\dimen177
\pgf@pathminy=\dimen178
\pgf@pathmaxy=\dimen179
\pgf@xx=\dimen180
\pgf@xy=\dimen181
\pgf@yx=\dimen182
\pgf@yy=\dimen183
\pgf@zx=\dimen184
\pgf@zy=\dimen185
)
(/usr/local/texlive/2023/texmf-dist/tex/generic/pgf/basiclayer/pgfcorepathconst
ruct.code.tex
File: pgfcorepathconstruct.code.tex 2023-01-15 v3.1.10 (3.1.10)
\pgf@path@lastx=\dimen186
\pgf@path@lasty=\dimen187
)
(/usr/local/texlive/2023/texmf-dist/tex/generic/pgf/basiclayer/pgfcorepathusage
.code.tex
File: pgfcorepathusage.code.tex 2023-01-15 v3.1.10 (3.1.10)
\pgf@shorten@end@additional=\dimen188
\pgf@shorten@start@additional=\dimen189
)
(/usr/local/texlive/2023/texmf-dist/tex/generic/pgf/basiclayer/pgfcorescopes.co
de.tex
File: pgfcorescopes.code.tex 2023-01-15 v3.1.10 (3.1.10)
\pgfpic=\box59
\pgf@hbox=\box60
\pgf@layerbox@main=\box61
\pgf@picture@serial@count=\count307
)
(/usr/local/texlive/2023/texmf-dist/tex/generic/pgf/basiclayer/pgfcoregraphicst
ate.code.tex
File: pgfcoregraphicstate.code.tex 2023-01-15 v3.1.10 (3.1.10)
\pgflinewidth=\dimen190
)
(/usr/local/texlive/2023/texmf-dist/tex/generic/pgf/basiclayer/pgfcoretransform
ations.code.tex
File: pgfcoretransformations.code.tex 2023-01-15 v3.1.10 (3.1.10)
\pgf@pt@x=\dimen191
\pgf@pt@y=\dimen192
\pgf@pt@temp=\dimen193
)
(/usr/local/texlive/2023/texmf-dist/tex/generic/pgf/basiclayer/pgfcorequick.cod
e.tex
File: pgfcorequick.code.tex 2023-01-15 v3.1.10 (3.1.10)
)
(/usr/local/texlive/2023/texmf-dist/tex/generic/pgf/basiclayer/pgfcoreobjects.c
ode.tex
File: pgfcoreobjects.code.tex 2023-01-15 v3.1.10 (3.1.10)
)
(/usr/local/texlive/2023/texmf-dist/tex/generic/pgf/basiclayer/pgfcorepathproce
ssing.code.tex
File: pgfcorepathprocessing.code.tex 2023-01-15 v3.1.10 (3.1.10)
)
(/usr/local/texlive/2023/texmf-dist/tex/generic/pgf/basiclayer/pgfcorearrows.co
de.tex
File: pgfcorearrows.code.tex 2023-01-15 v3.1.10 (3.1.10)
\pgfarrowsep=\dimen194
)
(/usr/local/texlive/2023/texmf-dist/tex/generic/pgf/basiclayer/pgfcoreshade.cod
e.tex
File: pgfcoreshade.code.tex 2023-01-15 v3.1.10 (3.1.10)
\pgf@max=\dimen195
\pgf@sys@shading@range@num=\count308
\pgf@shadingcount=\count309
)
(/usr/local/texlive/2023/texmf-dist/tex/generic/pgf/basiclayer/pgfcoreimage.cod
e.tex
File: pgfcoreimage.code.tex 2023-01-15 v3.1.10 (3.1.10)
)
(/usr/local/texlive/2023/texmf-dist/tex/generic/pgf/basiclayer/pgfcoreexternal.
code.tex
File: pgfcoreexternal.code.tex 2023-01-15 v3.1.10 (3.1.10)
\pgfexternal@startupbox=\box62
)
(/usr/local/texlive/2023/texmf-dist/tex/generic/pgf/basiclayer/pgfcorelayers.co
de.tex
File: pgfcorelayers.code.tex 2023-01-15 v3.1.10 (3.1.10)
)
(/usr/local/texlive/2023/texmf-dist/tex/generic/pgf/basiclayer/pgfcoretranspare
ncy.code.tex
File: pgfcoretransparency.code.tex 2023-01-15 v3.1.10 (3.1.10)
)
(/usr/local/texlive/2023/texmf-dist/tex/generic/pgf/basiclayer/pgfcorepatterns.
code.tex
File: pgfcorepatterns.code.tex 2023-01-15 v3.1.10 (3.1.10)
)
(/usr/local/texlive/2023/texmf-dist/tex/generic/pgf/basiclayer/pgfcorerdf.code.
tex
File: pgfcorerdf.code.tex 2023-01-15 v3.1.10 (3.1.10)
)))
(/usr/local/texlive/2023/texmf-dist/tex/generic/pgf/modules/pgfmoduleshapes.cod
e.tex
File: pgfmoduleshapes.code.tex 2023-01-15 v3.1.10 (3.1.10)
\pgfnodeparttextbox=\box63
)
(/usr/local/texlive/2023/texmf-dist/tex/generic/pgf/modules/pgfmoduleplot.code.
tex
File: pgfmoduleplot.code.tex 2023-01-15 v3.1.10 (3.1.10)
)
(/usr/local/texlive/2023/texmf-dist/tex/latex/pgf/compatibility/pgfcomp-version
-0-65.sty
Package: pgfcomp-version-0-65 2023-01-15 v3.1.10 (3.1.10)
\pgf@nodesepstart=\dimen196
\pgf@nodesepend=\dimen197
)
(/usr/local/texlive/2023/texmf-dist/tex/latex/pgf/compatibility/pgfcomp-version
-1-18.sty
Package: pgfcomp-version-1-18 2023-01-15 v3.1.10 (3.1.10)
))
(/usr/local/texlive/2023/texmf-dist/tex/latex/pgf/utilities/pgffor.sty
(/usr/local/texlive/2023/texmf-dist/tex/latex/pgf/utilities/pgfkeys.sty
(/usr/local/texlive/2023/texmf-dist/tex/generic/pgf/utilities/pgfkeys.code.tex)
) (/usr/local/texlive/2023/texmf-dist/tex/latex/pgf/math/pgfmath.sty
(/usr/local/texlive/2023/texmf-dist/tex/generic/pgf/math/pgfmath.code.tex))
(/usr/local/texlive/2023/texmf-dist/tex/generic/pgf/utilities/pgffor.code.tex
Package: pgffor 2023-01-15 v3.1.10 (3.1.10)
\pgffor@iter=\dimen198
\pgffor@skip=\dimen199
\pgffor@stack=\toks44
\pgffor@toks=\toks45
))
(/usr/local/texlive/2023/texmf-dist/tex/generic/pgf/frontendlayer/tikz/tikz.cod
e.tex
Package: tikz 2023-01-15 v3.1.10 (3.1.10)

(/usr/local/texlive/2023/texmf-dist/tex/generic/pgf/libraries/pgflibraryplothan
dlers.code.tex
File: pgflibraryplothandlers.code.tex 2023-01-15 v3.1.10 (3.1.10)
\pgf@plot@mark@count=\count310
\pgfplotmarksize=\dimen256
)
\tikz@lastx=\dimen257
\tikz@lasty=\dimen258
\tikz@lastxsaved=\dimen259
\tikz@lastysaved=\dimen260
\tikz@lastmovetox=\dimen261
\tikz@lastmovetoy=\dimen262
\tikzleveldistance=\dimen263
\tikzsiblingdistance=\dimen264
\tikz@figbox=\box64
\tikz@figbox@bg=\box65
\tikz@tempbox=\box66
\tikz@tempbox@bg=\box67
\tikztreelevel=\count311
\tikznumberofchildren=\count312
\tikznumberofcurrentchild=\count313
\tikz@fig@count=\count314

(/usr/local/texlive/2023/texmf-dist/tex/generic/pgf/modules/pgfmodulematrix.cod
e.tex
File: pgfmodulematrix.code.tex 2023-01-15 v3.1.10 (3.1.10)
\pgfmatrixcurrentrow=\count315
\pgfmatrixcurrentcolumn=\count316
\pgf@matrix@numberofcolumns=\count317
)
\tikz@expandcount=\count318

(/usr/local/texlive/2023/texmf-dist/tex/generic/pgf/frontendlayer/tikz/librarie
s/tikzlibrarytopaths.code.tex
File: tikzlibrarytopaths.code.tex 2023-01-15 v3.1.10 (3.1.10)
)))
(/usr/local/texlive/2023/texmf-dist/tex/latex/mdframed/md-frame-1.mdf
File: md-frame-1.mdf 2013/07/01\ 1.9b: md-frame-1
)
\mdf@frametitlebox=\box68
\mdf@footnotebox=\box69
\mdf@splitbox@one=\box70
\mdf@splitbox@two=\box71
\mdf@splitbox@save=\box72
\mdfsplitboxwidth=\skip100
\mdfsplitboxtotalwidth=\skip101
\mdfsplitboxheight=\skip102
\mdfsplitboxdepth=\skip103
\mdfsplitboxtotalheight=\skip104
\mdfframetitleboxwidth=\skip105
\mdfframetitleboxtotalwidth=\skip106
\mdfframetitleboxheight=\skip107
\mdfframetitleboxdepth=\skip108
\mdfframetitleboxtotalheight=\skip109
\mdffootnoteboxwidth=\skip110
\mdffootnoteboxtotalwidth=\skip111
\mdffootnoteboxheight=\skip112
\mdffootnoteboxdepth=\skip113
\mdffootnoteboxtotalheight=\skip114
\mdftotallinewidth=\skip115
\mdfboundingboxwidth=\skip116
\mdfboundingboxtotalwidth=\skip117
\mdfboundingboxheight=\skip118
\mdfboundingboxdepth=\skip119
\mdfboundingboxtotalheight=\skip120
\mdf@freevspace@length=\skip121
\mdf@horizontalwidthofbox@length=\skip122
\mdf@verticalmarginwhole@length=\skip123
\mdf@horizontalspaceofbox=\skip124
\mdfsubtitleheight=\skip125
\mdfsubsubtitleheight=\skip126
\c@mdfcountframes=\count319

****** mdframed patching \endmdf@trivlist

****** -- success******

\mdf@envdepth=\count320
\c@mdf@env@i=\count321
\c@mdf@env@ii=\count322
\c@mdf@zref@counter=\count323
Package zref Info: New property: mdf@pagevalue on input line 895.
)
(/usr/local/texlive/2023/texmf-dist/tex/generic/pgf/frontendlayer/tikz/librarie
s/tikzlibraryshadows.code.tex
File: tikzlibraryshadows.code.tex 2023-01-15 v3.1.10 (3.1.10)

(/usr/local/texlive/2023/texmf-dist/tex/generic/pgf/frontendlayer/tikz/librarie
s/tikzlibraryfadings.code.tex
File: tikzlibraryfadings.code.tex 2023-01-15 v3.1.10 (3.1.10)

(/usr/local/texlive/2023/texmf-dist/tex/generic/pgf/libraries/pgflibraryfadings
.code.tex
File: pgflibraryfadings.code.tex 2023-01-15 v3.1.10 (3.1.10)
))) (/usr/local/texlive/2023/texmf-dist/tex/latex/xpatch/xpatch.sty
Package: xpatch 2020/03/25 v0.3a Extending etoolbox patching commands
)
Package thmtools Info: Key `mdframed' (with value `style=mdbluebox')
(thmtools)             is not a known style key.
(thmtools)             Will pass this to every \declaretheorem
(thmtools)             that uses `style=thmbluebox' on input line 430.
Package thmtools Info: Key `mdframed' (with value `style=mdredbox')
(thmtools)             is not a known style key.
(thmtools)             Will pass this to every \declaretheorem
(thmtools)             that uses `style=thmredbox' on input line 450.
Package thmtools Info: Key `mdframed' (with value `style=mdgreenbox')
(thmtools)             is not a known style key.
(thmtools)             Will pass this to every \declaretheorem
(thmtools)             that uses `style=thmgreenbox' on input line 470.
Package thmtools Info: Key `mdframed' (with value `style=mdblackbox')
(thmtools)             is not a known style key.
(thmtools)             Will pass this to every \declaretheorem
(thmtools)             that uses `style=thmblackbox' on input line 488.
Package thmtools Info: Automatically pulling in `thmdef-mdframed' on input line
 519.

(/usr/local/texlive/2023/texmf-dist/tex/latex/thmtools/thmdef-mdframed.sty
Package: thmdef-mdframed 2023/05/04 v0.76
)
\c@theorem=\count324

(/usr/local/texlive/2023/texmf-dist/tex/latex/listings/listings.sty
\lst@mode=\count325
\lst@gtempboxa=\box73
\lst@token=\toks46
\lst@length=\count326
\lst@currlwidth=\dimen265
\lst@column=\count327
\lst@pos=\count328
\lst@lostspace=\dimen266
\lst@width=\dimen267
\lst@newlines=\count329
\lst@lineno=\count330
\lst@maxwidth=\dimen268

(/usr/local/texlive/2023/texmf-dist/tex/latex/listings/lstmisc.sty
File: lstmisc.sty 2023/02/27 1.9 (Carsten Heinz)
\c@lstnumber=\count331
\lst@skipnumbers=\count332
\lst@framebox=\box74
)
(/usr/local/texlive/2023/texmf-dist/tex/latex/listings/listings.cfg
File: listings.cfg 2023/02/27 1.9 listings configuration
))
Package: listings 2023/02/27 1.9 (Carsten Heinz)

(/usr/local/texlive/2023/texmf-dist/tex/latex/jknapltx/mathrsfs.sty
Package: mathrsfs 1996/01/01 Math RSFS package v1.0 (jk)
\symrsfs=\mathgroup7
)
(/usr/local/texlive/2023/texmf-dist/tex/latex/base/textcomp.sty
Package: textcomp 2020/02/02 v2.0n Standard LaTeX package
)
(/usr/local/texlive/2023/texmf-dist/tex/latex/enumitem/enumitem.sty
Package: enumitem 2019/06/20 v3.9 Customized lists
\labelindent=\skip127
\enit@outerparindent=\dimen269
\enit@toks=\toks47
\enit@inbox=\box75
\enit@count@id=\count333
\enitdp@description=\count334
)
(/usr/local/texlive/2023/texmf-dist/tex/latex/todonotes/todonotes.sty
Package: todonotes 2024/01/05 v1.1.7 Todonotes source and documentation.
Package: todonotes 2024/01/05

(/usr/local/texlive/2023/texmf-dist/tex/latex/xkeyval/xkeyval.sty
Package: xkeyval 2022/06/16 v2.9 package option processing (HA)

(/usr/local/texlive/2023/texmf-dist/tex/generic/xkeyval/xkeyval.tex
(/usr/local/texlive/2023/texmf-dist/tex/generic/xkeyval/xkvutils.tex
\XKV@toks=\toks48
\XKV@tempa@toks=\toks49
)
\XKV@depth=\count335
File: xkeyval.tex 2014/12/03 v2.7a key=value parser (HA)
))
(/usr/local/texlive/2023/texmf-dist/tex/generic/pgf/frontendlayer/tikz/librarie
s/tikzlibrarypositioning.code.tex
File: tikzlibrarypositioning.code.tex 2023-01-15 v3.1.10 (3.1.10)
)
(/usr/local/texlive/2023/texmf-dist/tex/latex/tools/calc.sty
Package: calc 2023/07/08 v4.3 Infix arithmetic (KKT,FJ)
\calc@Acount=\count336
\calc@Bcount=\count337
\calc@Adimen=\dimen270
\calc@Bdimen=\dimen271
\calc@Askip=\skip128
\calc@Bskip=\skip129
LaTeX Info: Redefining \setlength on input line 80.
LaTeX Info: Redefining \addtolength on input line 81.
\calc@Ccount=\count338
\calc@Cskip=\skip130
)
\c@@todonotes@numberoftodonotes=\count339
)
(/usr/local/texlive/2023/texmf-dist/tex/latex/multirow/multirow.sty
Package: multirow 2021/03/15 v2.8 Span multiple rows of a table
\multirow@colwidth=\skip131
\multirow@cntb=\count340
\multirow@dima=\skip132
\bigstrutjot=\dimen272
)
(/usr/local/texlive/2023/texmf-dist/tex/latex/ellipsis/ellipsis.sty
Package: ellipsis 2020/05/22 v1.8 fixes spacing around ellipses (three dots)

(/usr/local/texlive/2023/texmf-dist/tex/latex/tools/xspace.sty
Package: xspace 2014/10/28 v1.13 Space after command names (DPC,MH)
)
LaTeX Info: Redefining \textellipsis on input line 77.
)
(/usr/local/texlive/2023/texmf-dist/tex/latex/epigraph/epigraph.sty
Package: epigraph 2020/01/02 v1.5e typesetting epigraphs

(/usr/local/texlive/2023/texmf-dist/tex/latex/nextpage/nextpage.sty
Package: nextpage 2009/09/03 v1.1a additional page commands
)
\beforeepigraphskip=\skip133
\afterepigraphskip=\skip134
\epigraphwidth=\skip135
\epigraphrule=\skip136
)
(/usr/local/texlive/2023/texmf-dist/tex/latex/mathtools/mathtools.sty
Package: mathtools 2022/06/29 v1.29 mathematical typesetting tools

(/usr/local/texlive/2023/texmf-dist/tex/latex/mathtools/mhsetup.sty
Package: mhsetup 2021/03/18 v1.4 programming setup (MH)
)
\g_MT_multlinerow_int=\count341
\l_MT_multwidth_dim=\dimen273
\origjot=\skip137
\l_MT_shortvdotswithinadjustabove_dim=\dimen274
\l_MT_shortvdotswithinadjustbelow_dim=\dimen275
\l_MT_above_intertext_sep=\dimen276
\l_MT_below_intertext_sep=\dimen277
\l_MT_above_shortintertext_sep=\dimen278
\l_MT_below_shortintertext_sep=\dimen279
\xmathstrut@box=\box76
\xmathstrut@dim=\dimen280
)
(/usr/local/texlive/2023/texmf-dist/tex/latex/microtype/microtype.sty
Package: microtype 2023/03/13 v3.1a Micro-typographical refinements (RS)
\MT@toks=\toks50
\MT@tempbox=\box77
\MT@count=\count342
LaTeX Info: Redefining \noprotrusionifhmode on input line 1059.
LaTeX Info: Redefining \leftprotrusion on input line 1060.
\MT@prot@toks=\toks51
LaTeX Info: Redefining \rightprotrusion on input line 1078.
LaTeX Info: Redefining \textls on input line 1368.
\MT@outer@kern=\dimen281
LaTeX Info: Redefining \textmicrotypecontext on input line 1988.
\MT@listname@count=\count343

(/usr/local/texlive/2023/texmf-dist/tex/latex/microtype/microtype-pdftex.def
File: microtype-pdftex.def 2023/03/13 v3.1a Definitions specific to pdftex (RS)

LaTeX Info: Redefining \lsstyle on input line 902.
LaTeX Info: Redefining \lslig on input line 902.
\MT@outer@space=\skip138
)
Package microtype Info: Loading configuration file microtype.cfg.

(/usr/local/texlive/2023/texmf-dist/tex/latex/microtype/microtype.cfg
File: microtype.cfg 2023/03/13 v3.1a microtype main configuration file (RS)
))
(/usr/local/texlive/2023/texmf-dist/tex/generic/xstring/xstring.sty
(/usr/local/texlive/2023/texmf-dist/tex/generic/xstring/xstring.tex
\xs_counta=\count344
\xs_countb=\count345
)
Package: xstring 2023/08/22 v1.86 String manipulations (CT)
)
(/usr/local/texlive/2023/texmf-dist/tex/latex/wrapfig/wrapfig.sty
\wrapoverhang=\dimen282
\WF@size=\dimen283
\c@WF@wrappedlines=\count346
\WF@box=\box78
\WF@everypar=\toks52
Package: wrapfig 2003/01/31  v 3.6
)
(/usr/local/texlive/2023/texmf-dist/tex/latex/isodate/isodate.sty
Package: isodate 2010/01/03 v2.30 Print dates with different formats (HH)

(/usr/local/texlive/2023/texmf-dist/tex/latex/substr/substr.sty
Package: substr 2009/10/20 v1.2 Handle substrings
\c@su@anzahl=\count347
)
(/usr/local/texlive/2023/texmf-dist/tex/latex/isodate/english.idf
File: english.idf 2010/01/03 v2.30 Language definitions for isodate package (HH
)

Define commands for English date format
)
\c@iso@tmpmonth=\count348
\c@iso@yeartwo=\count349
\c@iso@slash=\count350
\c@iso@minus=\count351
\c@iso@dot=\count352
\c@iso@@slash=\count353
\c@iso@@minus=\count354
\c@iso@@dot=\count355
) (/usr/local/texlive/2023/texmf-dist/tex/latex/tikz-cd/tikz-cd.sty
Package: tikz-cd 2021/05/04 v1.0 Commutative diagrams with TikZ

(/usr/local/texlive/2023/texmf-dist/tex/generic/tikz-cd/tikzlibrarycd.code.tex
(/usr/local/texlive/2023/texmf-dist/tex/generic/pgf/frontendlayer/tikz/librarie
s/tikzlibrarymatrix.code.tex
File: tikzlibrarymatrix.code.tex 2023-01-15 v3.1.10 (3.1.10)
)
(/usr/local/texlive/2023/texmf-dist/tex/generic/pgf/frontendlayer/tikz/librarie
s/tikzlibraryquotes.code.tex
File: tikzlibraryquotes.code.tex 2023-01-15 v3.1.10 (3.1.10)
)
(/usr/local/texlive/2023/texmf-dist/tex/generic/pgf/libraries/pgflibraryarrows.
meta.code.tex
File: pgflibraryarrows.meta.code.tex 2023-01-15 v3.1.10 (3.1.10)
\pgfarrowinset=\dimen284
\pgfarrowlength=\dimen285
\pgfarrowwidth=\dimen286
\pgfarrowlinewidth=\dimen287
)))
(/usr/local/texlive/2023/texmf-dist/tex/generic/pgf/frontendlayer/tikz/librarie
s/tikzlibrarydecorations.pathmorphing.code.tex
(/usr/local/texlive/2023/texmf-dist/tex/generic/pgf/frontendlayer/tikz/librarie
s/tikzlibrarydecorations.code.tex
(/usr/local/texlive/2023/texmf-dist/tex/generic/pgf/modules/pgfmoduledecoration
s.code.tex
\pgfdecoratedcompleteddistance=\dimen288
\pgfdecoratedremainingdistance=\dimen289
\pgfdecoratedinputsegmentcompleteddistance=\dimen290
\pgfdecoratedinputsegmentremainingdistance=\dimen291
\pgf@decorate@distancetomove=\dimen292
\pgf@decorate@repeatstate=\count356
\pgfdecorationsegmentamplitude=\dimen293
\pgfdecorationsegmentlength=\dimen294
)
\tikz@lib@dec@box=\box79
)
(/usr/local/texlive/2023/texmf-dist/tex/generic/pgf/libraries/decorations/pgfli
brarydecorations.pathmorphing.code.tex))
\c@walki=\count357
\c@walkii=\count358
\c@walkiii=\count359
\enitdp@walk=\count360
\c@rubrici=\count361
\c@rubricii=\count362
\enitdp@rubric=\count363

(/usr/local/texlive/2023/texmf-dist/tex/latex/fancyhdr/fancyhdr.sty
Package: fancyhdr 2022/11/09 v4.1 Extensive control of page headers and footers

\f@nch@headwidth=\skip139
\f@nch@O@elh=\skip140
\f@nch@O@erh=\skip141
\f@nch@O@olh=\skip142
\f@nch@O@orh=\skip143
\f@nch@O@elf=\skip144
\f@nch@O@erf=\skip145
\f@nch@O@olf=\skip146
\f@nch@O@orf=\skip147
))
(/usr/local/texlive/2023/texmf-dist/tex/latex/tools/xr.sty
Package: xr 2023-07-04 v5.06 eXternal References (DPC)
)
(/usr/local/texlive/2023/texmf-dist/tex/latex/zref/zref-xr.sty
Package: zref-xr 2023-09-14 v2.35 Module xr for zref (HO)
Package zref Info: New property: url on input line 58.
Package zref Info: New property: urluse on input line 59.
Package zref Info: New property: externaldocument on input line 60.
\ZREF@xr@URL=\count364
)
(/usr/local/texlive/2023/texmf-dist/tex/latex/zref/zref-user.sty
Package: zref-user 2023-09-14 v2.35 Module user for zref (HO)
)
(/usr/local/texlive/2023/texmf-dist/tex/latex/hyperref/xr-hyper.sty
Package: xr-hyper 2024-01-20 v7.01h eXternal References (DPC)
)
(/usr/local/texlive/2023/texmf-dist/tex/latex/zref/zref.sty
Package: zref 2023-09-14 v2.35 A new reference scheme for LaTeX (HO)
) (./main.aux
(./input/note01.aux) (./input/note02.aux) (./input/note03.aux)
(./input/note04.aux) (./input/note05.aux) (./input/note06.aux)
(./input/note07.aux) (./input/note08.aux) (./input/note09.aux

LaTeX Warning: Label `example:19.4' multiply defined.


LaTeX Warning: Label `example:19.4@cref' multiply defined.

) (./input/note10.aux) (./input/note11.aux))
\openout1 = `main.aux'.

LaTeX Font Info:    Checking defaults for OML/cmm/m/it on input line 169.
LaTeX Font Info:    ... okay on input line 169.
LaTeX Font Info:    Checking defaults for OMS/cmsy/m/n on input line 169.
LaTeX Font Info:    ... okay on input line 169.
LaTeX Font Info:    Checking defaults for OT1/cmr/m/n on input line 169.
LaTeX Font Info:    ... okay on input line 169.
LaTeX Font Info:    Checking defaults for T1/cmr/m/n on input line 169.
LaTeX Font Info:    ... okay on input line 169.
LaTeX Font Info:    Checking defaults for TS1/cmr/m/n on input line 169.
LaTeX Font Info:    ... okay on input line 169.
LaTeX Font Info:    Checking defaults for OMX/cmex/m/n on input line 169.
LaTeX Font Info:    ... okay on input line 169.
LaTeX Font Info:    Checking defaults for U/cmr/m/n on input line 169.
LaTeX Font Info:    ... okay on input line 169.
LaTeX Font Info:    Checking defaults for PD1/pdf/m/n on input line 169.
LaTeX Font Info:    ... okay on input line 169.
LaTeX Font Info:    Checking defaults for PU/pdf/m/n on input line 169.
LaTeX Font Info:    ... okay on input line 169.

(/usr/local/texlive/2023/texmf-dist/tex/context/base/mkii/supp-pdf.mkii
[Loading MPS to PDF converter (version 2006.09.02).]
\scratchcounter=\count365
\scratchdimen=\dimen295
\scratchbox=\box80
\nofMPsegments=\count366
\nofMParguments=\count367
\everyMPshowfont=\toks53
\MPscratchCnt=\count368
\MPscratchDim=\dimen296
\MPnumerator=\count369
\makeMPintoPDFobject=\count370
\everyMPtoPDFconversion=\toks54
) (/usr/local/texlive/2023/texmf-dist/tex/latex/epstopdf-pkg/epstopdf-base.sty
Package: epstopdf-base 2020-01-24 v2.11 Base part for package epstopdf
Package epstopdf-base Info: Redefining graphics rule for `.eps' on input line 4
85.

(/usr/local/texlive/2023/texmf-dist/tex/latex/latexconfig/epstopdf-sys.cfg
File: epstopdf-sys.cfg 2010/07/13 v1.3 Configuration of (r)epstopdf for TeX Liv
e
))
Package hyperref Info: Link coloring ON on input line 169.

(./main.out) (./main.out)
\@outlinefile=\write6
\openout6 = `main.out'.

\c@lstlisting=\count371


Package todonotes Warning: The length marginparwidth is less than 2cm and will 
most likely cause issues with the appearance of inserted todonotes. The issue c
an be solved by adding a line like \setlength {\marginparwidth }{2cm} prior to 
loading the todonotes package. on input line 169.

LaTeX Info: Redefining \dots on input line 169.
LaTeX Info: Redefining \microtypecontext on input line 169.
Package microtype Info: Applying patch `item' on input line 169.
Package microtype Info: Applying patch `toc' on input line 169.
Package microtype Info: Applying patch `eqnum' on input line 169.
Package microtype Info: Applying patch `footnote' on input line 169.
Package microtype Info: Applying patch `verbatim' on input line 169.
Package microtype Info: Generating PDF output.
Package microtype Info: Character protrusion enabled (level 2).
Package microtype Info: Using default protrusion set `alltext'.
Package microtype Info: Automatic font expansion enabled (level 2),
(microtype)             stretch: 20, shrink: 20, step: 1, non-selected.
Package microtype Info: Using default expansion set `alltext-nott'.
LaTeX Info: Redefining \showhyphens on input line 169.
Package microtype Info: No adjustment of tracking.
Package microtype Info: No adjustment of interword spacing.
Package microtype Info: No adjustment of character kerning.
(/usr/local/texlive/2023/texmf-dist/tex/latex/microtype/mt-cmr.cfg
File: mt-cmr.cfg 2013/05/19 v2.2 microtype config. file: Computer Modern Roman 
(RS)
)
isodate: babel.sty, (n)german.sty have not been loaded
LaTeX Font Info:    Trying to load font information for U+msa on input line 185
.
(/usr/local/texlive/2023/texmf-dist/tex/latex/amsfonts/umsa.fd
File: umsa.fd 2013/01/14 v3.01 AMS symbols A
)
(/usr/local/texlive/2023/texmf-dist/tex/latex/microtype/mt-msa.cfg
File: mt-msa.cfg 2006/02/04 v1.1 microtype config. file: AMS symbols (a) (RS)
)
LaTeX Font Info:    Trying to load font information for U+msb on input line 185
.

(/usr/local/texlive/2023/texmf-dist/tex/latex/amsfonts/umsb.fd
File: umsb.fd 2013/01/14 v3.01 AMS symbols B
)
(/usr/local/texlive/2023/texmf-dist/tex/latex/microtype/mt-msb.cfg
File: mt-msb.cfg 2005/06/01 v1.0 microtype config. file: AMS symbols (b) (RS)
)
LaTeX Font Info:    Trying to load font information for OMX+yhex on input line 
185.

(/usr/local/texlive/2023/texmf-dist/tex/latex/yhmath/OMXyhex.fd
File: OMXyhex.fd 
File: OMXyhex.fd 2013/07/03 v1.1 YH's humble contribution to TeX maths (NP)
)
LaTeX Font Info:    Trying to load font information for U+rsfs on input line 18
5.

(/usr/local/texlive/2023/texmf-dist/tex/latex/jknapltx/ursfs.fd
File: ursfs.fd 1998/03/24 rsfs font definition file (jk)
)
Package microtype Info: Loading generic protrusion settings for font family
(microtype)             `cmtt' (encoding: OT1).
(microtype)             For optimal results, create family-specific settings.
(microtype)             See the microtype manual for details.
 [1

{/usr/local/texlive/2023/texmf-var/fonts/map/pdftex/updmap/pdftex.map}{/usr/loc
al/texlive/2023/texmf-dist/fonts/enc/dvips/cm-super/cm-super-ts1.enc}] (./main.
toc [2])
\tf@toc=\write7
\openout7 = `main.toc'.


[3]
\openout2 = `input/note01.aux'.

 (./input/note01.tex
Package zref Info: New property: anchor on input line 17.
Package zref Info: New property: title on input line 17.


Package zref-xr Warning: File `note01.aux' not found or empty,
(zref-xr)                labels not imported on input line 18.


Package zref-xr Warning: File `note02.aux' not found or empty,
(zref-xr)                labels not imported on input line 19.


Package zref-xr Warning: File `note03.aux' not found or empty,
(zref-xr)                labels not imported on input line 20.


Package zref-xr Warning: File `note04.aux' not found or empty,
(zref-xr)                labels not imported on input line 21.


Package zref-xr Warning: File `note05.aux' not found or empty,
(zref-xr)                labels not imported on input line 22.


Package zref-xr Warning: File `note06.aux' not found or empty,
(zref-xr)                labels not imported on input line 23.


Package zref-xr Warning: File `note07.aux' not found or empty,
(zref-xr)                labels not imported on input line 24.


Package zref-xr Warning: File `note08.aux' not found or empty,
(zref-xr)                labels not imported on input line 25.


Package zref-xr Warning: File `note09.aux' not found or empty,
(zref-xr)                labels not imported on input line 26.


Package zref-xr Warning: File `note10.aux' not found or empty,
(zref-xr)                labels not imported on input line 27.


Package zref-xr Warning: File `note11.aux' not found or empty,
(zref-xr)                labels not imported on input line 29.

Package hyperref Info: bookmark level for unknown definition defaults to 0 on i
nput line 61.
[4

]
Package mdframed Info: mdframed detected package amsthm 
 changed the theorem header of amsthm
(mdframed)              on input line 86.
Package microtype Info: Loading generic protrusion settings for font family
(microtype)             `cmss' (encoding: OT1).
(microtype)             For optimal results, create family-specific settings.
(microtype)             See the microtype manual for details.
Package hyperref Info: bookmark level for unknown proposition defaults to 0 on 
input line 86.
 [5]
Package mdframed Info: mdframed detected package amsthm 
 changed the theorem header of amsthm
(mdframed)              on input line 117.
Package hyperref Info: bookmark level for unknown example defaults to 0 on inpu
t line 117.
Package mdframed Info: mdframed detected package amsthm 
 changed the theorem header of amsthm
(mdframed)              on input line 131.
Package hyperref Info: bookmark level for unknown remark defaults to 0 on input
 line 131.
 [6]
Package mdframed Info: mdframed detected package amsthm 
 changed the theorem header of amsthm
(mdframed)              on input line 171.
Package mdframed Info: mdframed detected package amsthm 
 changed the theorem header of amsthm
(mdframed)              on input line 179.
Package mdframed Info: mdframed detected package amsthm 
 changed the theorem header of amsthm
(mdframed)              on input line 189.
Package mdframed Info: mdframed detected package amsthm 
 changed the theorem header of amsthm
(mdframed)              on input line 197.
 [7]
Package mdframed Info: mdframed detected package amsthm 
 changed the theorem header of amsthm
(mdframed)              on input line 240.
Package mdframed Info: mdframed detected package amsthm 
 changed the theorem header of amsthm
(mdframed)              on input line 255.
 [8
pdfTeX warning (ext4): destination with the same identifier (name{equation.2.1}
) has been already used, duplicate ignored
<argument> ...shipout:D \box_use:N \l_shipout_box 
                                                  \__shipout_drop_firstpage_...
l.265 \end{example}
                   ]
<./input/graphs/note01/complex_plane.pdf, id=314, 147.70584pt x 116.6508pt>
File: ./input/graphs/note01/complex_plane.pdf Graphic file (type pdf)
<use ./input/graphs/note01/complex_plane.pdf>
Package pdftex.def Info: ./input/graphs/note01/complex_plane.pdf  used on input
 line 282.
(pdftex.def)             Requested size: 147.70547pt x 116.6505pt.
<./input/graphs/note01/complex_conjugate.pdf, id=315, 126.59195pt x 184.03255pt
>
File: ./input/graphs/note01/complex_conjugate.pdf Graphic file (type pdf)
<use ./input/graphs/note01/complex_conjugate.pdf>
Package pdftex.def Info: ./input/graphs/note01/complex_conjugate.pdf  used on i
nput line 294.
(pdftex.def)             Requested size: 126.59161pt x 184.03209pt.
 [9 <./input/graphs/note01/complex_plane.pdf>]
<./input/graphs/note01/sum_complex.pdf, id=337, 151.57227pt x 112.90079pt>
File: ./input/graphs/note01/sum_complex.pdf Graphic file (type pdf)
<use ./input/graphs/note01/sum_complex.pdf>
Package pdftex.def Info: ./input/graphs/note01/sum_complex.pdf  used on input l
ine 301.
(pdftex.def)             Requested size: 151.57188pt x 112.9005pt.
<./input/graphs/note01/length_angle_complex.pdf, id=338, 112.3658pt x 112.90079
pt>
File: ./input/graphs/note01/length_angle_complex.pdf Graphic file (type pdf)
<use ./input/graphs/note01/length_angle_complex.pdf>
Package pdftex.def Info: ./input/graphs/note01/length_angle_complex.pdf  used o
n input line 304.
(pdftex.def)             Requested size: 112.36551pt x 112.9005pt.
<./input/graphs/note01/coordinates_complex.pdf, id=339, 112.3658pt x 112.90079p
t>
File: ./input/graphs/note01/coordinates_complex.pdf Graphic file (type pdf)
<use ./input/graphs/note01/coordinates_complex.pdf>
Package pdftex.def Info: ./input/graphs/note01/coordinates_complex.pdf  used on
 input line 313.
(pdftex.def)             Requested size: 112.36551pt x 112.9005pt.
 [10 <./input/graphs/note01/complex_conjugate.pdf> <./input/graphs/note01/sum_c
omplex.pdf> <./input/graphs/note01/length_angle_complex.pdf>]
Package mdframed Info: mdframed detected package amsthm 
 changed the theorem header of amsthm
(mdframed)              on input line 318.
Package mdframed Info: mdframed detected package amsthm 
 changed the theorem header of amsthm
(mdframed)              on input line 330.
<./input/graphs/note01/circle_coord_cmplx.pdf, id=389, 155.04526pt x 157.8698pt
>
File: ./input/graphs/note01/circle_coord_cmplx.pdf Graphic file (type pdf)
<use ./input/graphs/note01/circle_coord_cmplx.pdf>
Package pdftex.def Info: ./input/graphs/note01/circle_coord_cmplx.pdf  used on 
input line 332.
(pdftex.def)             Requested size: 155.04486pt x 157.8694pt.
<./input/graphs/note01/filled_circle.pdf, id=390, 142.66399pt x 142.66399pt>
File: ./input/graphs/note01/filled_circle.pdf Graphic file (type pdf)
<use ./input/graphs/note01/filled_circle.pdf>
Package pdftex.def Info: ./input/graphs/note01/filled_circle.pdf  used on input
 line 337.
(pdftex.def)             Requested size: 142.66364pt x 142.66364pt.
 [11 <./input/graphs/note01/coordinates_complex.pdf> <./input/graphs/note01/cir
cle_coord_cmplx.pdf>]
Package mdframed Info: mdframed detected package amsthm 
 changed the theorem header of amsthm
(mdframed)              on input line 340.
<./input/graphs/note01/hyperbola_cmplx.pdf, id=421, 428.97162pt x 310.1487pt>
File: ./input/graphs/note01/hyperbola_cmplx.pdf Graphic file (type pdf)
<use ./input/graphs/note01/hyperbola_cmplx.pdf>
Package pdftex.def Info: ./input/graphs/note01/hyperbola_cmplx.pdf  used on inp
ut line 345.
(pdftex.def)             Requested size: 328.82706pt x 237.74095pt.
<./input/graphs/note01/hyperbola2-cmplx.pdf, id=422, 228.02188pt x 228.02188pt>

File: ./input/graphs/note01/hyperbola2-cmplx.pdf Graphic file (type pdf)
<use ./input/graphs/note01/hyperbola2-cmplx.pdf>
Package pdftex.def Info: ./input/graphs/note01/hyperbola2-cmplx.pdf  used on in
put line 349.
(pdftex.def)             Requested size: 228.02132pt x 228.02132pt.
 [12 <./input/graphs/note01/filled_circle.pdf> <./input/graphs/note01/hyperbola
_cmplx.pdf>]
<./input/graphs/note01/angle_complex.pdf, id=450, 140.8181pt x 143.64265pt>
File: ./input/graphs/note01/angle_complex.pdf Graphic file (type pdf)
<use ./input/graphs/note01/angle_complex.pdf>
Package pdftex.def Info: ./input/graphs/note01/angle_complex.pdf  used on input
 line 369.
(pdftex.def)             Requested size: 140.81775pt x 143.64229pt.
 [13 <./input/graphs/note01/hyperbola2-cmplx.pdf>]
Package mdframed Info: mdframed detected package amsthm 
 changed the theorem header of amsthm
(mdframed)              on input line 380.
Package mdframed Info: mdframed detected package amsthm 
 changed the theorem header of amsthm
(mdframed)              on input line 397.
 [14 <./input/graphs/note01/angle_complex.pdf>]
Package mdframed Info: Not enough space on this page on input line 400.
Package mdframed Info: mdframed detected package amsthm 
 changed the theorem header of amsthm
(mdframed)              on input line 403.
Package mdframed Info: mdframed detected package amsthm 
 changed the theorem header of amsthm
(mdframed)              on input line 421.
Package hyperref Info: bookmark level for unknown exercise defaults to 0 on inp
ut line 442.
 [15]
Package mdframed Info: mdframed detected package amsthm 
 changed the theorem header of amsthm
(mdframed)              on input line 452.
Package mdframed Info: mdframed detected package amsthm 
 changed the theorem header of amsthm
(mdframed)              on input line 466.
Package mdframed Info: mdframed detected package amsthm 
 changed the theorem header of amsthm
(mdframed)              on input line 479.
Package mdframed Info: mdframed detected package amsthm 
 changed the theorem header of amsthm
(mdframed)              on input line 496.
Package hyperref Info: bookmark level for unknown corollary defaults to 0 on in
put line 496.
 [16]
Package mdframed Info: mdframed detected package amsthm 
 changed the theorem header of amsthm
(mdframed)              on input line 502.

Overfull \hbox (11.6558pt too wide) in paragraph at lines 504--507
[]\OT1/cmr/m/n/12 (-20) We need to com-pute the mod-u-lus and the ar-gu-ment of
 1-i. $\OMS/cmsy/m/n/12 j\OT1/cmr/m/n/12 (-20) 1 \OMS/cmsy/m/n/12 ^^@ \OML/cmm/
m/it/12 i\OMS/cmsy/m/n/12 j \OT1/cmr/m/n/12 (-20) = [] =
 []

<./input/graphs/note01/circle_square.pdf, id=527, 176.68811pt x 165.38086pt>
File: ./input/graphs/note01/circle_square.pdf Graphic file (type pdf)
<use ./input/graphs/note01/circle_square.pdf>
Package pdftex.def Info: ./input/graphs/note01/circle_square.pdf  used on input
 line 520.
(pdftex.def)             Requested size: 176.68767pt x 165.38045pt.
Package mdframed Info: mdframed detected package amsthm 
 changed the theorem header of amsthm
(mdframed)              on input line 524.
<./input/graphs/note01/circle_square2.pdf, id=529, 155.04526pt x 157.8698pt>
File: ./input/graphs/note01/circle_square2.pdf Graphic file (type pdf)
<use ./input/graphs/note01/circle_square2.pdf>
Package pdftex.def Info: ./input/graphs/note01/circle_square2.pdf  used on inpu
t line 540.
(pdftex.def)             Requested size: 224.37749pt x 228.48376pt.
[17 <./input/graphs/note01/circle_square.pdf>]
Package mdframed Info: mdframed detected package amsthm 
 changed the theorem header of amsthm
(mdframed)              on input line 549.
Package hyperref Info: bookmark level for unknown theorem defaults to 0 on inpu
t line 549.
 [18 <./input/graphs/note01/circle_square2.pdf>]) [19]
\openout2 = `input/note02.aux'.

 (./input/note02.tex

Package zref-xr Warning: File `note01.aux' not found or empty,
(zref-xr)                labels not imported on input line 19.


Package zref-xr Warning: File `note02.aux' not found or empty,
(zref-xr)                labels not imported on input line 20.


Package zref-xr Warning: File `note03.aux' not found or empty,
(zref-xr)                labels not imported on input line 21.


Package zref-xr Warning: File `note04.aux' not found or empty,
(zref-xr)                labels not imported on input line 22.


Package zref-xr Warning: File `note05.aux' not found or empty,
(zref-xr)                labels not imported on input line 23.


Package zref-xr Warning: File `note06.aux' not found or empty,
(zref-xr)                labels not imported on input line 24.


Package zref-xr Warning: File `note07.aux' not found or empty,
(zref-xr)                labels not imported on input line 25.


Package zref-xr Warning: File `note08.aux' not found or empty,
(zref-xr)                labels not imported on input line 26.


Package zref-xr Warning: File `note09.aux' not found or empty,
(zref-xr)                labels not imported on input line 27.


Package zref-xr Warning: File `note10.aux' not found or empty,
(zref-xr)                labels not imported on input line 28.


Package zref-xr Warning: File `note11.aux' not found or empty,
(zref-xr)                labels not imported on input line 30.

Package mdframed Info: mdframed detected package amsthm 
 changed the theorem header of amsthm
(mdframed)              on input line 49.
Package mdframed Info: mdframed detected package amsthm 
 changed the theorem header of amsthm
(mdframed)              on input line 55.
Package mdframed Info: mdframed detected package amsthm 
 changed the theorem header of amsthm
(mdframed)              on input line 63.
Package mdframed Info: mdframed detected package amsthm 
 changed the theorem header of amsthm
(mdframed)              on input line 66.
[20



]
Package mdframed Info: mdframed detected package amsthm 
 changed the theorem header of amsthm
(mdframed)              on input line 71.
LaTeX Font Info:    Trying to load font information for OMS+cmr on input line 7
2.
 (/usr/local/texlive/2023/texmf-dist/tex/latex/base/omscmr.fd
File: omscmr.fd 2023/04/13 v2.5m Standard LaTeX font definitions
)
LaTeX Font Info:    Font shape `OMS/cmr/m/n' in size <12> not available
(Font)              Font shape `OMS/cmsy/m/n' tried instead on input line 72.
Package mdframed Info: mdframed detected package amsthm 
 changed the theorem header of amsthm
(mdframed)              on input line 76.
Package mdframed Info: mdframed detected package amsthm 
 changed the theorem header of amsthm
(mdframed)              on input line 84.
Package mdframed Info: mdframed detected package amsthm 
 changed the theorem header of amsthm
(mdframed)              on input line 99.
 [21
pdfTeX warning (ext4): destination with the same identifier (name{equation.4.1}
) has been already used, duplicate ignored
<argument> ...shipout:D \box_use:N \l_shipout_box 
                                                  \__shipout_drop_firstpage_...
l.115 \end{example}
                   ]
Package mdframed Info: mdframed detected package amsthm 
 changed the theorem header of amsthm
(mdframed)              on input line 119.
 [22]
Package mdframed Info: mdframed detected package amsthm 
 changed the theorem header of amsthm
(mdframed)              on input line 142.
<./input/graphs/note02/image_lin.pdf, id=612, 339.99722pt x 141.35309pt>
File: ./input/graphs/note02/image_lin.pdf Graphic file (type pdf)
<use ./input/graphs/note02/image_lin.pdf>
Package pdftex.def Info: ./input/graphs/note02/image_lin.pdf  used on input lin
e 146.
(pdftex.def)             Requested size: 339.99638pt x 141.35274pt.
Package mdframed Info: mdframed detected package amsthm 
 changed the theorem header of amsthm
(mdframed)              on input line 149.
<./input/graphs/note02/image_lin2.pdf, id=613, 345.68748pt x 128.54926pt>
File: ./input/graphs/note02/image_lin2.pdf Graphic file (type pdf)
<use ./input/graphs/note02/image_lin2.pdf>
Package pdftex.def Info: ./input/graphs/note02/image_lin2.pdf  used on input li
ne 160.
(pdftex.def)             Requested size: 345.68663pt x 128.54893pt.
 [23 <./input/graphs/note02/image_lin.pdf> <./input/graphs/note02/image_lin2.pd
f>]
Package mdframed Info: mdframed detected package amsthm 
 changed the theorem header of amsthm
(mdframed)              on input line 168.
<./input/graphs/note02/image_lin3.pdf, id=644, 374.54027pt x 98.67365pt>
File: ./input/graphs/note02/image_lin3.pdf Graphic file (type pdf)
<use ./input/graphs/note02/image_lin3.pdf>
Package pdftex.def Info: ./input/graphs/note02/image_lin3.pdf  used on input li
ne 172.
(pdftex.def)             Requested size: 374.53934pt x 98.67339pt.
<./input/graphs/note02/image_lin4.pdf, id=645, 374.13979pt x 99.07414pt>
File: ./input/graphs/note02/image_lin4.pdf Graphic file (type pdf)
<use ./input/graphs/note02/image_lin4.pdf>
Package pdftex.def Info: ./input/graphs/note02/image_lin4.pdf  used on input li
ne 179.
(pdftex.def)             Requested size: 374.13885pt x 99.07388pt.
Package mdframed Info: mdframed detected package amsthm 
 changed the theorem header of amsthm
(mdframed)              on input line 181.
Package hyperref Info: bookmark level for unknown claim defaults to 0 on input 
line 181.
<./input/graphs/note02/image_lin5.pdf, id=646, 366.27841pt x 114.31308pt>
File: ./input/graphs/note02/image_lin5.pdf Graphic file (type pdf)
<use ./input/graphs/note02/image_lin5.pdf>
Package pdftex.def Info: ./input/graphs/note02/image_lin5.pdf  used on input li
ne 183.
(pdftex.def)             Requested size: 366.27751pt x 114.31279pt.
 [24 <./input/graphs/note02/image_lin3.pdf> <./input/graphs/note02/image_lin4.p
df>]
Package mdframed Info: mdframed detected package amsthm 
 changed the theorem header of amsthm
(mdframed)              on input line 190.
<./input/graphs/note02/image_lin6.pdf, id=673, 399.73842pt x 167.51282pt>
File: ./input/graphs/note02/image_lin6.pdf Graphic file (type pdf)
<use ./input/graphs/note02/image_lin6.pdf>
Package pdftex.def Info: ./input/graphs/note02/image_lin6.pdf  used on input li
ne 193.
(pdftex.def)             Requested size: 399.73744pt x 167.5124pt.
<./input/graphs/note02/image_lin7.pdf, id=674, 394.05719pt x 195.41306pt>
File: ./input/graphs/note02/image_lin7.pdf Graphic file (type pdf)
<use ./input/graphs/note02/image_lin7.pdf>
Package pdftex.def Info: ./input/graphs/note02/image_lin7.pdf  used on input li
ne 206.
(pdftex.def)             Requested size: 394.05621pt x 195.41257pt.
 [25 <./input/graphs/note02/image_lin5.pdf> <./input/graphs/note02/image_lin6.p
df>]
Package mdframed Info: mdframed detected package amsthm 
 changed the theorem header of amsthm
(mdframed)              on input line 212.
<./input/graphs/note02/image_lin8.pdf, id=712, 351.77823pt x 176.24846pt>
File: ./input/graphs/note02/image_lin8.pdf Graphic file (type pdf)
<use ./input/graphs/note02/image_lin8.pdf>
Package pdftex.def Info: ./input/graphs/note02/image_lin8.pdf  used on input li
ne 217.
(pdftex.def)             Requested size: 351.77736pt x 176.24802pt.
 [26 <./input/graphs/note02/image_lin7.pdf>]
Package mdframed Info: mdframed detected package amsthm 
 changed the theorem header of amsthm
(mdframed)              on input line 222.
<./input/graphs/note02/image_lin9.pdf, id=736, 239.60315pt x 125.99171pt>
File: ./input/graphs/note02/image_lin9.pdf Graphic file (type pdf)
<use ./input/graphs/note02/image_lin9.pdf>
Package pdftex.def Info: ./input/graphs/note02/image_lin9.pdf  used on input li
ne 231.
(pdftex.def)             Requested size: 239.60255pt x 125.9914pt.
 [27 <./input/graphs/note02/image_lin8.pdf>]
Package mdframed Info: mdframed detected package amsthm 
 changed the theorem header of amsthm
(mdframed)              on input line 241.
<./input/graphs/note02/image_lin10.pdf, id=757, 386.9436pt x 199.68202pt>
File: ./input/graphs/note02/image_lin10.pdf Graphic file (type pdf)
<use ./input/graphs/note02/image_lin10.pdf>
Package pdftex.def Info: ./input/graphs/note02/image_lin10.pdf  used on input l
ine 258.
(pdftex.def)             Requested size: 386.94264pt x 199.68152pt.
 [28 <./input/graphs/note02/image_lin9.pdf>]
Package mdframed Info: mdframed detected package amsthm 
 changed the theorem header of amsthm
(mdframed)              on input line 262.
 [29 <./input/graphs/note02/image_lin10.pdf>]
<./input/graphs/note02/image_lin11.pdf, id=817, 395.45642pt x 144.19772pt>
File: ./input/graphs/note02/image_lin11.pdf Graphic file (type pdf)
<use ./input/graphs/note02/image_lin11.pdf>
Package pdftex.def Info: ./input/graphs/note02/image_lin11.pdf  used on input l
ine 274.
(pdftex.def)             Requested size: 395.45546pt x 144.19736pt.
<./input/graphs/note02/image_lin12.pdf, id=818, 403.83873pt x 176.39702pt>
File: ./input/graphs/note02/image_lin12.pdf Graphic file (type pdf)
<use ./input/graphs/note02/image_lin12.pdf>
Package pdftex.def Info: ./input/graphs/note02/image_lin12.pdf  used on input l
ine 276.
(pdftex.def)             Requested size: 403.83774pt x 176.39658pt.
 [30 <./input/graphs/note02/image_lin11.pdf> <./input/graphs/note02/image_lin12
.pdf>]
Package mdframed Info: mdframed detected package amsthm 
 changed the theorem header of amsthm
(mdframed)              on input line 290.
Package mdframed Info: mdframed detected package amsthm 
 changed the theorem header of amsthm
(mdframed)              on input line 302.
Package mdframed Info: mdframed detected package amsthm 
 changed the theorem header of amsthm
(mdframed)              on input line 308.
Package mdframed Info: Box was splittet wrong
 starting loop to iterate the splitting point
(mdframed)              on input line 322.
 [31]
Package mdframed Info: mdframed detected package amsthm 
 changed the theorem header of amsthm
(mdframed)              on input line 334.
Package mdframed Info: mdframed detected package amsthm 
 changed the theorem header of amsthm
(mdframed)              on input line 344.
Package mdframed Info: mdframed detected package amsthm 
 changed the theorem header of amsthm
(mdframed)              on input line 358.
Package mdframed Info: mdframed detected package amsthm 
 changed the theorem header of amsthm
(mdframed)              on input line 362.
 [32]
Package mdframed Info: Not enough space on this page on input line 364.
Package mdframed Info: mdframed detected package amsthm 
 changed the theorem header of amsthm
(mdframed)              on input line 367.
Package mdframed Info: mdframed detected package amsthm 
 changed the theorem header of amsthm
(mdframed)              on input line 378.

Overfull \hbox (8.27359pt too wide) detected at line 390
[]
 []

[33]) [34]
\openout2 = `input/note03.aux'.

 (./input/note03.tex

Package zref-xr Warning: File `note01.aux' not found or empty,
(zref-xr)                labels not imported on input line 20.


Package zref-xr Warning: File `note02.aux' not found or empty,
(zref-xr)                labels not imported on input line 21.


Package zref-xr Warning: File `note03.aux' not found or empty,
(zref-xr)                labels not imported on input line 22.


Package zref-xr Warning: File `note04.aux' not found or empty,
(zref-xr)                labels not imported on input line 23.


Package zref-xr Warning: File `note05.aux' not found or empty,
(zref-xr)                labels not imported on input line 24.


Package zref-xr Warning: File `note06.aux' not found or empty,
(zref-xr)                labels not imported on input line 25.


Package zref-xr Warning: File `note07.aux' not found or empty,
(zref-xr)                labels not imported on input line 26.


Package zref-xr Warning: File `note08.aux' not found or empty,
(zref-xr)                labels not imported on input line 27.


Package zref-xr Warning: File `note09.aux' not found or empty,
(zref-xr)                labels not imported on input line 28.


Package zref-xr Warning: File `note10.aux' not found or empty,
(zref-xr)                labels not imported on input line 29.


Package zref-xr Warning: File `note11.aux' not found or empty,
(zref-xr)                labels not imported on input line 31.

Package mdframed Info: mdframed detected package amsthm 
 changed the theorem header of amsthm
(mdframed)              on input line 40.
Package mdframed Info: mdframed detected package amsthm 
 changed the theorem header of amsthm
(mdframed)              on input line 57.
Package mdframed Info: mdframed detected package amsthm 
 changed the theorem header of amsthm
(mdframed)              on input line 71.
[35



]

Package hyperref Warning: Token not allowed in a PDF string (Unicode):
(hyperref)                removing `math shift' on input line 91.


Package hyperref Warning: Token not allowed in a PDF string (Unicode):
(hyperref)                removing `math shift' on input line 91.

Package mdframed Info: mdframed detected package amsthm 
 changed the theorem header of amsthm
(mdframed)              on input line 102.

Package mdframed Warning: You got a bad break
(mdframed)                because the last box will be empty
(mdframed)                you have to change it manually
(mdframed)                by changing the text, the space
(mdframed)                or something else on input line 105.

Package mdframed Info: You first box width is to small
 mdframed fixed it
(mdframed)              on input line 105.
[36]

Package mdframed Warning: You got a bad break
(mdframed)                because the last split box is empty
(mdframed)                You have to change the settings on input line 105.

Package mdframed Info: mdframed detected package amsthm 
 changed the theorem header of amsthm
(mdframed)              on input line 109.
<./input/graphs/note03/image_lin1.pdf, id=968, 168.67116pt x 80.46762pt>
File: ./input/graphs/note03/image_lin1.pdf Graphic file (type pdf)
<use ./input/graphs/note03/image_lin1.pdf>
Package pdftex.def Info: ./input/graphs/note03/image_lin1.pdf  used on input li
ne 119.
(pdftex.def)             Requested size: 168.67073pt x 80.4674pt.
Package mdframed Info: mdframed detected package amsthm 
 changed the theorem header of amsthm
(mdframed)              on input line 140.
Package mdframed Info: mdframed detected package amsthm 
 changed the theorem header of amsthm
(mdframed)              on input line 143.
<./input/graphs/note03/image_lin2.pdf, id=969, 125.99171pt x 125.99171pt>
File: ./input/graphs/note03/image_lin2.pdf Graphic file (type pdf)
<use ./input/graphs/note03/image_lin2.pdf>
Package pdftex.def Info: ./input/graphs/note03/image_lin2.pdf  used on input li
ne 148.
(pdftex.def)             Requested size: 125.9914pt x 125.9914pt.
[37 <./input/graphs/note03/image_lin1.pdf>]
Package mdframed Info: mdframed detected package amsthm 
 changed the theorem header of amsthm
(mdframed)              on input line 169.
Package mdframed Info: mdframed detected package amsthm 
 changed the theorem header of amsthm
(mdframed)              on input line 174.
 [38 <./input/graphs/note03/image_lin2.pdf>]
Package mdframed Info: mdframed detected package amsthm 
 changed the theorem header of amsthm
(mdframed)              on input line 178.
Package mdframed Info: mdframed detected package amsthm 
 changed the theorem header of amsthm
(mdframed)              on input line 184.
Package mdframed Info: mdframed detected package amsthm 
 changed the theorem header of amsthm
(mdframed)              on input line 200.
 [39]
Package mdframed Info: mdframed detected package amsthm 
 changed the theorem header of amsthm
(mdframed)              on input line 207.
Package mdframed Info: mdframed detected package amsthm 
 changed the theorem header of amsthm
(mdframed)              on input line 214.
Package mdframed Info: mdframed detected package amsthm 
 changed the theorem header of amsthm
(mdframed)              on input line 232.
 [40]
Package mdframed Info: mdframed detected package amsthm 
 changed the theorem header of amsthm
(mdframed)              on input line 246.
Package mdframed Info: mdframed detected package amsthm 
 changed the theorem header of amsthm
(mdframed)              on input line 258.
 [41]
Package mdframed Info: mdframed detected package amsthm 
 changed the theorem header of amsthm
(mdframed)              on input line 267.
Package mdframed Info: mdframed detected package amsthm 
 changed the theorem header of amsthm
(mdframed)              on input line 286.
 [42]
Package mdframed Info: mdframed detected package amsthm 
 changed the theorem header of amsthm
(mdframed)              on input line 307.
Package mdframed Info: mdframed detected package amsthm 
 changed the theorem header of amsthm
(mdframed)              on input line 312.
Package mdframed Info: mdframed detected package amsthm 
 changed the theorem header of amsthm
(mdframed)              on input line 315.
Package mdframed Info: mdframed detected package amsthm 
 changed the theorem header of amsthm
(mdframed)              on input line 325.
 [43]
Package mdframed Info: mdframed detected package amsthm 
 changed the theorem header of amsthm
(mdframed)              on input line 338.
Package mdframed Info: mdframed detected package amsthm 
 changed the theorem header of amsthm
(mdframed)              on input line 350.
 [44]
Package mdframed Info: mdframed detected package amsthm 
 changed the theorem header of amsthm
(mdframed)              on input line 361.
Package mdframed Info: mdframed detected package amsthm 
 changed the theorem header of amsthm
(mdframed)              on input line 369.
 [45]
Package mdframed Info: mdframed detected package amsthm 
 changed the theorem header of amsthm
(mdframed)              on input line 383.
Package mdframed Info: mdframed detected package amsthm 
 changed the theorem header of amsthm
(mdframed)              on input line 388.
 [46]
Package mdframed Info: mdframed detected package amsthm 
 changed the theorem header of amsthm
(mdframed)              on input line 424.
) [47]
\openout2 = `input/note04.aux'.

 (./input/note04.tex

Package zref-xr Warning: File `note01.aux' not found or empty,
(zref-xr)                labels not imported on input line 19.


Package zref-xr Warning: File `note02.aux' not found or empty,
(zref-xr)                labels not imported on input line 20.


Package zref-xr Warning: File `note03.aux' not found or empty,
(zref-xr)                labels not imported on input line 21.


Package zref-xr Warning: File `note04.aux' not found or empty,
(zref-xr)                labels not imported on input line 22.


Package zref-xr Warning: File `note05.aux' not found or empty,
(zref-xr)                labels not imported on input line 23.


Package zref-xr Warning: File `note06.aux' not found or empty,
(zref-xr)                labels not imported on input line 24.


Package zref-xr Warning: File `note07.aux' not found or empty,
(zref-xr)                labels not imported on input line 25.


Package zref-xr Warning: File `note08.aux' not found or empty,
(zref-xr)                labels not imported on input line 26.


Package zref-xr Warning: File `note09.aux' not found or empty,
(zref-xr)                labels not imported on input line 27.


Package zref-xr Warning: File `note10.aux' not found or empty,
(zref-xr)                labels not imported on input line 28.


Package zref-xr Warning: File `note11.aux' not found or empty,
(zref-xr)                labels not imported on input line 30.

Package mdframed Info: mdframed detected package amsthm 
 changed the theorem header of amsthm
(mdframed)              on input line 57.
Package mdframed Info: mdframed detected package amsthm 
 changed the theorem header of amsthm
(mdframed)              on input line 61.
<./input/graphs/note04/image_graph1.pdf, id=1123, 478.35213pt x 137.82892pt>
File: ./input/graphs/note04/image_graph1.pdf Graphic file (type pdf)
<use ./input/graphs/note04/image_graph1.pdf>
Package pdftex.def Info: ./input/graphs/note04/image_graph1.pdf  used on input 
line 67.
(pdftex.def)             Requested size: 448.75499pt x 129.3026pt.
<./input/graphs/note04/img_graph2.pdf, id=1124, 144.06422pt x 183.82677pt>
File: ./input/graphs/note04/img_graph2.pdf Graphic file (type pdf)
<use ./input/graphs/note04/img_graph2.pdf>
Package pdftex.def Info: ./input/graphs/note04/img_graph2.pdf  used on input li
ne 69.
(pdftex.def)             Requested size: 144.06386pt x 183.82631pt.
<./input/graphs/note04/img_graph3.pdf, id=1125, 115.61092pt x 146.83858pt>
File: ./input/graphs/note04/img_graph3.pdf Graphic file (type pdf)
<use ./input/graphs/note04/img_graph3.pdf>
Package pdftex.def Info: ./input/graphs/note04/img_graph3.pdf  used on input li
ne 71.
(pdftex.def)             Requested size: 115.61063pt x 146.83821pt.
[48



] [49 <./input/graphs/note04/image_graph1.pdf> <./input/graphs/note04/img_graph
2.pdf> <./input/graphs/note04/img_graph3.pdf>]
Package mdframed Info: mdframed detected package amsthm 
 changed the theorem header of amsthm
(mdframed)              on input line 86.
Package mdframed Info: mdframed detected package amsthm 
 changed the theorem header of amsthm
(mdframed)              on input line 98.
Package mdframed Info: mdframed detected package amsthm 
 changed the theorem header of amsthm
(mdframed)              on input line 108.
Package mdframed Info: mdframed detected package amsthm 
 changed the theorem header of amsthm
(mdframed)              on input line 112.
Package mdframed Info: mdframed detected package amsthm 
 changed the theorem header of amsthm
(mdframed)              on input line 120.
Package mdframed Info: mdframed detected package amsthm 
 changed the theorem header of amsthm
(mdframed)              on input line 124.
<./input/graphs/note04/img_graph4.pdf, id=1258, 131.68295pt x 103.22966pt>
File: ./input/graphs/note04/img_graph4.pdf Graphic file (type pdf)
<use ./input/graphs/note04/img_graph4.pdf>
Package pdftex.def Info: ./input/graphs/note04/img_graph4.pdf  used on input li
ne 132.
(pdftex.def)             Requested size: 131.68262pt x 103.22939pt.
Package mdframed Info: mdframed detected package amsthm 
 changed the theorem header of amsthm
(mdframed)              on input line 139.
 [50]
<./input/graphs/note04/img_graph5.pdf, id=1273, 160.13527pt x 131.68295pt>
File: ./input/graphs/note04/img_graph5.pdf Graphic file (type pdf)
<use ./input/graphs/note04/img_graph5.pdf>
Package pdftex.def Info: ./input/graphs/note04/img_graph5.pdf  used on input li
ne 152.
(pdftex.def)             Requested size: 160.13486pt x 131.68262pt.
 [51 <./input/graphs/note04/img_graph4.pdf>]
Package mdframed Info: mdframed detected package amsthm 
 changed the theorem header of amsthm
(mdframed)              on input line 168.
<./input/graphs/note04/img_graph6.pdf, id=1289, 201.38638pt x 151.767pt>
File: ./input/graphs/note04/img_graph6.pdf Graphic file (type pdf)
<use ./input/graphs/note04/img_graph6.pdf>
Package pdftex.def Info: ./input/graphs/note04/img_graph6.pdf  used on input li
ne 182.
(pdftex.def)             Requested size: 201.38588pt x 151.76662pt.
 [52 <./input/graphs/note04/img_graph5.pdf>]
<./input/graphs/note04/img_graph7.pdf, id=1309, 208.4046pt x 137.54085pt>
File: ./input/graphs/note04/img_graph7.pdf Graphic file (type pdf)
<use ./input/graphs/note04/img_graph7.pdf>
Package pdftex.def Info: ./input/graphs/note04/img_graph7.pdf  used on input li
ne 194.
(pdftex.def)             Requested size: 208.40408pt x 137.5405pt.
 [53 <./input/graphs/note04/img_graph6.pdf>]
Package mdframed Info: mdframed detected package amsthm 
 changed the theorem header of amsthm
(mdframed)              on input line 198.
Package mdframed Info: mdframed detected package amsthm 
 changed the theorem header of amsthm
(mdframed)              on input line 216.
<./input/graphs/note04/img_graph8.pdf, id=1334, 165.9259pt x 109.2883pt>
File: ./input/graphs/note04/img_graph8.pdf Graphic file (type pdf)
<use ./input/graphs/note04/img_graph8.pdf>
Package pdftex.def Info: ./input/graphs/note04/img_graph8.pdf  used on input li
ne 229.
(pdftex.def)             Requested size: 165.92549pt x 109.28802pt.
 [54 <./input/graphs/note04/img_graph7.pdf>]
<./input/graphs/note04/img_graph9.pdf, id=1355, 165.9259pt x 137.7406pt>
File: ./input/graphs/note04/img_graph9.pdf Graphic file (type pdf)
<use ./input/graphs/note04/img_graph9.pdf>
Package pdftex.def Info: ./input/graphs/note04/img_graph9.pdf  used on input li
ne 237.
(pdftex.def)             Requested size: 165.92549pt x 137.74025pt.

[55 <./input/graphs/note04/img_graph8.pdf> <./input/graphs/note04/img_graph9.pd
f>]
Package mdframed Info: mdframed detected package amsthm 
 changed the theorem header of amsthm
(mdframed)              on input line 261.
<./input/graphs/note04/img_graph10.pdf, id=1394, 165.9259pt x 123.51445pt>
File: ./input/graphs/note04/img_graph10.pdf Graphic file (type pdf)
<use ./input/graphs/note04/img_graph10.pdf>
Package pdftex.def Info: ./input/graphs/note04/img_graph10.pdf  used on input l
ine 271.
(pdftex.def)             Requested size: 165.92549pt x 123.51413pt.
 [56 <./input/graphs/note04/img_graph10.pdf>]
Package mdframed Info: mdframed detected package amsthm 
 changed the theorem header of amsthm
(mdframed)              on input line 304.
<./input/graphs/note04/img_graph11.pdf, id=1414, 144.06422pt x 173.05151pt>
File: ./input/graphs/note04/img_graph11.pdf Graphic file (type pdf)
<use ./input/graphs/note04/img_graph11.pdf>
Package pdftex.def Info: ./input/graphs/note04/img_graph11.pdf  used on input l
ine 309.
(pdftex.def)             Requested size: 144.06386pt x 173.05109pt.
<./input/graphs/note04/img_graph12.pdf, id=1415, 109.0203pt x 109.2873pt>
File: ./input/graphs/note04/img_graph12.pdf Graphic file (type pdf)
<use ./input/graphs/note04/img_graph12.pdf>
Package pdftex.def Info: ./input/graphs/note04/img_graph12.pdf  used on input l
ine 317.
(pdftex.def)             Requested size: 109.02002pt x 109.28702pt.
 [57 <./input/graphs/note04/img_graph11.pdf>]
Package mdframed Info: mdframed detected package amsthm 
 changed the theorem header of amsthm
(mdframed)              on input line 322.
 [58 <./input/graphs/note04/img_graph12.pdf>]
Package mdframed Info: mdframed detected package amsthm 
 changed the theorem header of amsthm
(mdframed)              on input line 346.
Package mdframed Info: mdframed detected package amsthm 
 changed the theorem header of amsthm
(mdframed)              on input line 355.
Package mdframed Info: mdframed detected package amsthm 
 changed the theorem header of amsthm
(mdframed)              on input line 368.
 [59]
Package mdframed Info: mdframed detected package amsthm 
 changed the theorem header of amsthm
(mdframed)              on input line 385.
Package mdframed Info: mdframed detected package amsthm 
 changed the theorem header of amsthm
(mdframed)              on input line 398.
 [60]
Package mdframed Info: mdframed detected package amsthm 
 changed the theorem header of amsthm
(mdframed)              on input line 403.
) [61]
\openout2 = `input/note05.aux'.


(./input/note05.tex

Package zref-xr Warning: File `note01.aux' not found or empty,
(zref-xr)                labels not imported on input line 19.


Package zref-xr Warning: File `note02.aux' not found or empty,
(zref-xr)                labels not imported on input line 20.


Package zref-xr Warning: File `note03.aux' not found or empty,
(zref-xr)                labels not imported on input line 21.


Package zref-xr Warning: File `note04.aux' not found or empty,
(zref-xr)                labels not imported on input line 22.


Package zref-xr Warning: File `note05.aux' not found or empty,
(zref-xr)                labels not imported on input line 23.


Package zref-xr Warning: File `note06.aux' not found or empty,
(zref-xr)                labels not imported on input line 24.


Package zref-xr Warning: File `note07.aux' not found or empty,
(zref-xr)                labels not imported on input line 25.


Package zref-xr Warning: File `note08.aux' not found or empty,
(zref-xr)                labels not imported on input line 26.


Package zref-xr Warning: File `note09.aux' not found or empty,
(zref-xr)                labels not imported on input line 27.


Package zref-xr Warning: File `note10.aux' not found or empty,
(zref-xr)                labels not imported on input line 28.


Package zref-xr Warning: File `note11.aux' not found or empty,
(zref-xr)                labels not imported on input line 30.

Package mdframed Info: mdframed detected package amsthm 
 changed the theorem header of amsthm
(mdframed)              on input line 47.
Package mdframed Info: mdframed detected package amsthm 
 changed the theorem header of amsthm
(mdframed)              on input line 58.
Package mdframed Info: mdframed detected package amsthm 
 changed the theorem header of amsthm
(mdframed)              on input line 63.
[62



]
Package mdframed Info: mdframed detected package amsthm 
 changed the theorem header of amsthm
(mdframed)              on input line 66.
<./input/graphs/note05/img_graph1.pdf, id=1502, 117.8252pt x 118.43547pt>
File: ./input/graphs/note05/img_graph1.pdf Graphic file (type pdf)
<use ./input/graphs/note05/img_graph1.pdf>
Package pdftex.def Info: ./input/graphs/note05/img_graph1.pdf  used on input li
ne 68.
(pdftex.def)             Requested size: 117.82489pt x 118.43517pt.
Package mdframed Info: mdframed detected package amsthm 
 changed the theorem header of amsthm
(mdframed)              on input line 75.
Package mdframed Info: mdframed detected package amsthm 
 changed the theorem header of amsthm
(mdframed)              on input line 78.
 [63 <./input/graphs/note05/img_graph1.pdf>]
Package mdframed Info: mdframed detected package amsthm 
 changed the theorem header of amsthm
(mdframed)              on input line 94.
Package mdframed Info: mdframed detected package amsthm 
 changed the theorem header of amsthm
(mdframed)              on input line 98.
Package mdframed Info: mdframed detected package amsthm 
 changed the theorem header of amsthm
(mdframed)              on input line 106.
Package mdframed Info: mdframed detected package amsthm 
 changed the theorem header of amsthm
(mdframed)              on input line 110.
Package mdframed Info: mdframed detected package amsthm 
 changed the theorem header of amsthm
(mdframed)              on input line 114.
 [64]
Package mdframed Info: mdframed detected package amsthm 
 changed the theorem header of amsthm
(mdframed)              on input line 130.
Package mdframed Info: mdframed detected package amsthm 
 changed the theorem header of amsthm
(mdframed)              on input line 141.
Package mdframed Info: mdframed detected package amsthm 
 changed the theorem header of amsthm
(mdframed)              on input line 144.
 [65]
Package mdframed Info: mdframed detected package amsthm 
 changed the theorem header of amsthm
(mdframed)              on input line 173.
 [66]
Package mdframed Info: mdframed detected package amsthm 
 changed the theorem header of amsthm
(mdframed)              on input line 183.
Package mdframed Info: mdframed detected package amsthm 
 changed the theorem header of amsthm
(mdframed)              on input line 193.
 [67]
Package mdframed Info: mdframed detected package amsthm 
 changed the theorem header of amsthm
(mdframed)              on input line 224.
 [68]
Package mdframed Info: mdframed detected package amsthm 
 changed the theorem header of amsthm
(mdframed)              on input line 259.
Package mdframed Info: mdframed detected package amsthm 
 changed the theorem header of amsthm
(mdframed)              on input line 263.
Package mdframed Info: mdframed detected package amsthm 
 changed the theorem header of amsthm
(mdframed)              on input line 276.
Package mdframed Info: mdframed detected package amsthm 
 changed the theorem header of amsthm
(mdframed)              on input line 283.
Package mdframed Info: mdframed detected package amsthm 
 changed the theorem header of amsthm
(mdframed)              on input line 288.

[69]
Package mdframed Info: mdframed detected package amsthm 
 changed the theorem header of amsthm
(mdframed)              on input line 300.
Package mdframed Info: mdframed detected package amsthm 
 changed the theorem header of amsthm
(mdframed)              on input line 311.
Package mdframed Info: mdframed detected package amsthm 
 changed the theorem header of amsthm
(mdframed)              on input line 314.
Package mdframed Info: mdframed detected package amsthm 
 changed the theorem header of amsthm
(mdframed)              on input line 328.
 [70]
Package mdframed Info: mdframed detected package amsthm 
 changed the theorem header of amsthm
(mdframed)              on input line 344.
Package mdframed Info: mdframed detected package amsthm 
 changed the theorem header of amsthm
(mdframed)              on input line 352.
Package mdframed Info: mdframed detected package amsthm 
 changed the theorem header of amsthm
(mdframed)              on input line 358.
 [71]) [72]
\openout2 = `input/note06.aux'.

 (./input/note06.tex

Package zref-xr Warning: File `note01.aux' not found or empty,
(zref-xr)                labels not imported on input line 19.


Package zref-xr Warning: File `note02.aux' not found or empty,
(zref-xr)                labels not imported on input line 20.


Package zref-xr Warning: File `note03.aux' not found or empty,
(zref-xr)                labels not imported on input line 21.


Package zref-xr Warning: File `note04.aux' not found or empty,
(zref-xr)                labels not imported on input line 22.


Package zref-xr Warning: File `note05.aux' not found or empty,
(zref-xr)                labels not imported on input line 23.


Package zref-xr Warning: File `note06.aux' not found or empty,
(zref-xr)                labels not imported on input line 24.


Package zref-xr Warning: File `note07.aux' not found or empty,
(zref-xr)                labels not imported on input line 25.


Package zref-xr Warning: File `note08.aux' not found or empty,
(zref-xr)                labels not imported on input line 26.


Package zref-xr Warning: File `note09.aux' not found or empty,
(zref-xr)                labels not imported on input line 27.


Package zref-xr Warning: File `note10.aux' not found or empty,
(zref-xr)                labels not imported on input line 28.


Package zref-xr Warning: File `note11.aux' not found or empty,
(zref-xr)                labels not imported on input line 30.

Package mdframed Info: mdframed detected package amsthm 
 changed the theorem header of amsthm
(mdframed)              on input line 43.

Overfull \hbox (7.8741pt too wide) in paragraph at lines 44--48
[][]\OT1/cmr/m/n/12 (-20) De-ter-mine the con-ver-gence or di-ver-gence of: 1) 
$[][] [][]$ 2) $[][] [][]$ 3) $[][] [][]$ 
 []


Package enumitem Warning: Negative labelwidth. This does not make much
(enumitem)                sense, on input line 53.

[73



]
Package mdframed Info: mdframed detected package amsthm 
 changed the theorem header of amsthm
(mdframed)              on input line 74.
Package mdframed Info: mdframed detected package amsthm 
 changed the theorem header of amsthm
(mdframed)              on input line 86.
Package mdframed Info: mdframed detected package amsthm 
 changed the theorem header of amsthm
(mdframed)              on input line 96.
 [74]
Package mdframed Info: mdframed detected package amsthm 
 changed the theorem header of amsthm
(mdframed)              on input line 107.
Package mdframed Info: mdframed detected package amsthm 
 changed the theorem header of amsthm
(mdframed)              on input line 115.
Package mdframed Info: mdframed detected package amsthm 
 changed the theorem header of amsthm
(mdframed)              on input line 118.
Package mdframed Info: mdframed detected package amsthm 
 changed the theorem header of amsthm
(mdframed)              on input line 130.
Package mdframed Info: mdframed detected package amsthm 
 changed the theorem header of amsthm
(mdframed)              on input line 140.
 [75]
Package mdframed Info: mdframed detected package amsthm 
 changed the theorem header of amsthm
(mdframed)              on input line 144.
Package mdframed Info: mdframed detected package amsthm 
 changed the theorem header of amsthm
(mdframed)              on input line 165.
 [76]
Package mdframed Info: mdframed detected package amsthm 
 changed the theorem header of amsthm
(mdframed)              on input line 177.
Package mdframed Info: mdframed detected package amsthm 
 changed the theorem header of amsthm
(mdframed)              on input line 183.
Package mdframed Info: mdframed detected package amsthm 
 changed the theorem header of amsthm
(mdframed)              on input line 189.
 [77]
Package mdframed Info: mdframed detected package amsthm 
 changed the theorem header of amsthm
(mdframed)              on input line 200.
Package mdframed Info: mdframed detected package amsthm 
 changed the theorem header of amsthm
(mdframed)              on input line 211.
<./input/graphs/note06/img_graph1.pdf, id=1714, 314.78001pt x 315.315pt>
File: ./input/graphs/note06/img_graph1.pdf Graphic file (type pdf)
<use ./input/graphs/note06/img_graph1.pdf>
Package pdftex.def Info: ./input/graphs/note06/img_graph1.pdf  used on input li
ne 218.
(pdftex.def)             Requested size: 314.77924pt x 315.31422pt.
 [78] [79 <./input/graphs/note06/img_graph1.pdf>]
<./input/graphs/note06/img_graph2.pdf, id=1743, 144.06422pt x 116.14592pt>
File: ./input/graphs/note06/img_graph2.pdf Graphic file (type pdf)
<use ./input/graphs/note06/img_graph2.pdf>
Package pdftex.def Info: ./input/graphs/note06/img_graph2.pdf  used on input li
ne 244.
(pdftex.def)             Requested size: 144.06386pt x 116.14563pt.
Package mdframed Info: mdframed detected package amsthm 
 changed the theorem header of amsthm
(mdframed)              on input line 246.
<./input/graphs/note06/img_graph3.pdf, id=1744, 103.22966pt x 74.77737pt>
File: ./input/graphs/note06/img_graph3.pdf Graphic file (type pdf)
<use ./input/graphs/note06/img_graph3.pdf>
Package pdftex.def Info: ./input/graphs/note06/img_graph3.pdf  used on input li
ne 248.
(pdftex.def)             Requested size: 103.22939pt x 74.77718pt.
<./input/graphs/note06/img_graph4.pdf, id=1745, 103.22966pt x 74.77737pt>
File: ./input/graphs/note06/img_graph4.pdf Graphic file (type pdf)
<use ./input/graphs/note06/img_graph4.pdf>
Package pdftex.def Info: ./input/graphs/note06/img_graph4.pdf  used on input li
ne 252.
(pdftex.def)             Requested size: 103.22939pt x 74.77718pt.
<./input/graphs/note06/img_graph5.pdf, id=1746, 137.4736pt x 139.25827pt>
File: ./input/graphs/note06/img_graph5.pdf Graphic file (type pdf)
<use ./input/graphs/note06/img_graph5.pdf>
Package pdftex.def Info: ./input/graphs/note06/img_graph5.pdf  used on input li
ne 256.
(pdftex.def)             Requested size: 137.47325pt x 139.25792pt.

[80 <./input/graphs/note06/img_graph2.pdf>]
<./input/graphs/note06/img_graph6.pdf, id=1762, 151.69974pt x 109.2873pt>
File: ./input/graphs/note06/img_graph6.pdf Graphic file (type pdf)
<use ./input/graphs/note06/img_graph6.pdf>
Package pdftex.def Info: ./input/graphs/note06/img_graph6.pdf  used on input li
ne 262.
(pdftex.def)             Requested size: 151.69936pt x 109.28702pt.
Package mdframed Info: mdframed detected package amsthm 
 changed the theorem header of amsthm
(mdframed)              on input line 267.
 [81 <./input/graphs/note06/img_graph3.pdf> <./input/graphs/note06/img_graph4.p
df> <./input/graphs/note06/img_graph5.pdf> <./input/graphs/note06/img_graph6.pd
f>]
Package mdframed Info: mdframed detected package amsthm 
 changed the theorem header of amsthm
(mdframed)              on input line 282.
Package mdframed Info: mdframed detected package amsthm 
 changed the theorem header of amsthm
(mdframed)              on input line 284.
Package mdframed Info: mdframed detected package amsthm 
 changed the theorem header of amsthm
(mdframed)              on input line 294.
 [82]
<./input/graphs/note06/img_graph7.pdf, id=1815, 120.43495pt x 93.28853pt>
File: ./input/graphs/note06/img_graph7.pdf Graphic file (type pdf)
<use ./input/graphs/note06/img_graph7.pdf>
Package pdftex.def Info: ./input/graphs/note06/img_graph7.pdf  used on input li
ne 301.
(pdftex.def)             Requested size: 120.43465pt x 93.28828pt.
<./input/graphs/note06/img_graph8.pdf, id=1816, 308.19441pt x 122.54181pt>
File: ./input/graphs/note06/img_graph8.pdf Graphic file (type pdf)
<use ./input/graphs/note06/img_graph8.pdf>
Package pdftex.def Info: ./input/graphs/note06/img_graph8.pdf  used on input li
ne 313.
(pdftex.def)             Requested size: 308.19365pt x 122.5415pt.
<./input/graphs/note06/img_graph9.pdf, id=1817, 349.4395pt x 93.28853pt>
File: ./input/graphs/note06/img_graph9.pdf Graphic file (type pdf)
<use ./input/graphs/note06/img_graph9.pdf>
Package pdftex.def Info: ./input/graphs/note06/img_graph9.pdf  used on input li
ne 319.
(pdftex.def)             Requested size: 349.43864pt x 93.28828pt.
 [83 <./input/graphs/note06/img_graph7.pdf> <./input/graphs/note06/img_graph8.p
df> <./input/graphs/note06/img_graph9.pdf>]
<./input/graphs/note06/img_graph10.pdf, id=1862, 342.75351pt x 110.3603pt>
File: ./input/graphs/note06/img_graph10.pdf Graphic file (type pdf)
<use ./input/graphs/note06/img_graph10.pdf>
Package pdftex.def Info: ./input/graphs/note06/img_graph10.pdf  used on input l
ine 326.
(pdftex.def)             Requested size: 342.75267pt x 110.36002pt.
Package mdframed Info: mdframed detected package amsthm 
 changed the theorem header of amsthm
(mdframed)              on input line 329.
) [84 <./input/graphs/note06/img_graph10.pdf>] [85]
\openout2 = `input/note07.aux'.


(./input/note07.tex

Package zref-xr Warning: File `note01.aux' not found or empty,
(zref-xr)                labels not imported on input line 19.


Package zref-xr Warning: File `note02.aux' not found or empty,
(zref-xr)                labels not imported on input line 20.


Package zref-xr Warning: File `note03.aux' not found or empty,
(zref-xr)                labels not imported on input line 21.


Package zref-xr Warning: File `note04.aux' not found or empty,
(zref-xr)                labels not imported on input line 22.


Package zref-xr Warning: File `note05.aux' not found or empty,
(zref-xr)                labels not imported on input line 23.


Package zref-xr Warning: File `note06.aux' not found or empty,
(zref-xr)                labels not imported on input line 24.


Package zref-xr Warning: File `note07.aux' not found or empty,
(zref-xr)                labels not imported on input line 25.


Package zref-xr Warning: File `note08.aux' not found or empty,
(zref-xr)                labels not imported on input line 26.


Package zref-xr Warning: File `note09.aux' not found or empty,
(zref-xr)                labels not imported on input line 27.


Package zref-xr Warning: File `note10.aux' not found or empty,
(zref-xr)                labels not imported on input line 28.


Package zref-xr Warning: File `note11.aux' not found or empty,
(zref-xr)                labels not imported on input line 30.


Package hyperref Warning: Token not allowed in a PDF string (Unicode):
(hyperref)                removing `math shift' on input line 37.


Package hyperref Warning: Token not allowed in a PDF string (Unicode):
(hyperref)                removing `math shift' on input line 37.

Package mdframed Info: mdframed detected package amsthm 
 changed the theorem header of amsthm
(mdframed)              on input line 65.
Package mdframed Info: mdframed detected package amsthm 
 changed the theorem header of amsthm
(mdframed)              on input line 73.
[86



]
Package mdframed Info: mdframed detected package amsthm 
 changed the theorem header of amsthm
(mdframed)              on input line 86.
Package mdframed Info: mdframed detected package amsthm 
 changed the theorem header of amsthm
(mdframed)              on input line 100.
<./input/graphs/note07/img_graph1.pdf, id=1903, 123.24644pt x 102.51399pt>
File: ./input/graphs/note07/img_graph1.pdf Graphic file (type pdf)
<use ./input/graphs/note07/img_graph1.pdf>
Package pdftex.def Info: ./input/graphs/note07/img_graph1.pdf  used on input li
ne 109.
(pdftex.def)             Requested size: 123.24612pt x 102.51373pt.
 [87 <./input/graphs/note07/img_graph1.pdf>]
<./input/graphs/note07/img_graph2.pdf, id=1927, 109.0203pt x 109.2873pt>
File: ./input/graphs/note07/img_graph2.pdf Graphic file (type pdf)
<use ./input/graphs/note07/img_graph2.pdf>
Package pdftex.def Info: ./input/graphs/note07/img_graph2.pdf  used on input li
ne 113.
(pdftex.def)             Requested size: 109.02002pt x 109.28702pt.
<./input/graphs/note07/img_graph3.pdf, id=1928, 137.58904pt x 95.06114pt>
File: ./input/graphs/note07/img_graph3.pdf Graphic file (type pdf)
<use ./input/graphs/note07/img_graph3.pdf>
Package pdftex.def Info: ./input/graphs/note07/img_graph3.pdf  used on input li
ne 123.
(pdftex.def)             Requested size: 137.58868pt x 95.0609pt.
Package mdframed Info: mdframed detected package amsthm 
 changed the theorem header of amsthm
(mdframed)              on input line 129.
 [88 <./input/graphs/note07/img_graph2.pdf> <./input/graphs/note07/img_graph3.p
df>]
Package mdframed Info: mdframed detected package amsthm 
 changed the theorem header of amsthm
(mdframed)              on input line 144.
<./input/graphs/note07/img_graph4.pdf, id=1953, 293.96826pt x 166.1929pt>
File: ./input/graphs/note07/img_graph4.pdf Graphic file (type pdf)
<use ./input/graphs/note07/img_graph4.pdf>
Package pdftex.def Info: ./input/graphs/note07/img_graph4.pdf  used on input li
ne 149.
(pdftex.def)             Requested size: 293.96753pt x 166.19247pt.
 [89 <./input/graphs/note07/img_graph4.pdf>]
Package mdframed Info: mdframed detected package amsthm 
 changed the theorem header of amsthm
(mdframed)              on input line 183.
Package mdframed Info: mdframed detected package amsthm 
 changed the theorem header of amsthm
(mdframed)              on input line 199.
 [90] [91]
Package mdframed Info: mdframed detected package amsthm 
 changed the theorem header of amsthm
(mdframed)              on input line 253.
 [92]
Overfull \hbox (13.59354pt too wide) in paragraph at lines 281--283
\OT1/cmr/m/n/12 (-20) Therefore, since $[][] [] = \OMS/cmsy/m/n/12 1$ \OT1/cmr/
m/n/12 (-20) and $[][][\OML/cmm/m/it/12 b[] \OT1/cmr/m/n/12 (-20) + [] ] = \OML
/cmm/m/it/12 b[]$\OT1/cmr/m/n/12 (-20) , we con-clude that $[][] \OML/cmm/m/it/
12 f\OT1/cmr/m/n/12 (-20) (\OML/cmm/m/it/12 z\OT1/cmr/m/n/12 (-20) ) =
 []

Package mdframed Info: mdframed detected package amsthm 
 changed the theorem header of amsthm
(mdframed)              on input line 287.
Package mdframed Info: mdframed detected package amsthm 
 changed the theorem header of amsthm
(mdframed)              on input line 296.
[93]
Package mdframed Info: mdframed detected package amsthm 
 changed the theorem header of amsthm
(mdframed)              on input line 317.
Package mdframed Info: mdframed detected package amsthm 
 changed the theorem header of amsthm
(mdframed)              on input line 329.
Package mdframed Info: mdframed detected package amsthm 
 changed the theorem header of amsthm
(mdframed)              on input line 340.
 [94]
Package mdframed Info: mdframed detected package amsthm 
 changed the theorem header of amsthm
(mdframed)              on input line 360.
) [95]
\openout2 = `input/note08.aux'.

 (./input/note08.tex

Package zref-xr Warning: File `note01.aux' not found or empty,
(zref-xr)                labels not imported on input line 19.


Package zref-xr Warning: File `note02.aux' not found or empty,
(zref-xr)                labels not imported on input line 20.


Package zref-xr Warning: File `note03.aux' not found or empty,
(zref-xr)                labels not imported on input line 21.


Package zref-xr Warning: File `note04.aux' not found or empty,
(zref-xr)                labels not imported on input line 22.


Package zref-xr Warning: File `note05.aux' not found or empty,
(zref-xr)                labels not imported on input line 23.


Package zref-xr Warning: File `note06.aux' not found or empty,
(zref-xr)                labels not imported on input line 24.


Package zref-xr Warning: File `note07.aux' not found or empty,
(zref-xr)                labels not imported on input line 25.


Package zref-xr Warning: File `note08.aux' not found or empty,
(zref-xr)                labels not imported on input line 26.


Package zref-xr Warning: File `note09.aux' not found or empty,
(zref-xr)                labels not imported on input line 27.


Package zref-xr Warning: File `note10.aux' not found or empty,
(zref-xr)                labels not imported on input line 28.


Package zref-xr Warning: File `note11.aux' not found or empty,
(zref-xr)                labels not imported on input line 30.

Package mdframed Info: mdframed detected package amsthm 
 changed the theorem header of amsthm
(mdframed)              on input line 39.
Package mdframed Info: mdframed detected package amsthm 
 changed the theorem header of amsthm
(mdframed)              on input line 52.
[96



]
Package mdframed Info: mdframed detected package amsthm 
 changed the theorem header of amsthm
(mdframed)              on input line 71.
 [97]
Package mdframed Info: mdframed detected package amsthm 
 changed the theorem header of amsthm
(mdframed)              on input line 91.
Package mdframed Info: mdframed detected package amsthm 
 changed the theorem header of amsthm
(mdframed)              on input line 101.
Package mdframed Info: mdframed detected package amsthm 
 changed the theorem header of amsthm
(mdframed)              on input line 104.
Package mdframed Info: mdframed detected package amsthm 
 changed the theorem header of amsthm
(mdframed)              on input line 110.
Package mdframed Info: mdframed detected package amsthm 
 changed the theorem header of amsthm
(mdframed)              on input line 128.
 [98]
Package mdframed Info: mdframed detected package amsthm 
 changed the theorem header of amsthm
(mdframed)              on input line 157.
Package mdframed Info: mdframed detected package amsthm 
 changed the theorem header of amsthm
(mdframed)              on input line 168.
 [99]
Package mdframed Info: mdframed detected package amsthm 
 changed the theorem header of amsthm
(mdframed)              on input line 181.
Package mdframed Info: mdframed detected package amsthm 
 changed the theorem header of amsthm
(mdframed)              on input line 191.
 [100]
<./input/graphs/note08/img_graph1.pdf, id=2112, 222.83148pt x 137.78577pt>
File: ./input/graphs/note08/img_graph1.pdf Graphic file (type pdf)
<use ./input/graphs/note08/img_graph1.pdf>
Package pdftex.def Info: ./input/graphs/note08/img_graph1.pdf  used on input li
ne 214.
(pdftex.def)             Requested size: 222.83093pt x 137.78542pt.
 [101 <./input/graphs/note08/img_graph1.pdf>]
<./input/graphs/note08/img_graph2.pdf, id=2137, 104.72926pt x 76.8722pt>
File: ./input/graphs/note08/img_graph2.pdf Graphic file (type pdf)
<use ./input/graphs/note08/img_graph2.pdf>
Package pdftex.def Info: ./input/graphs/note08/img_graph2.pdf  used on input li
ne 227.
(pdftex.def)             Requested size: 104.729pt x 76.872pt.
Package mdframed Info: mdframed detected package amsthm 
 changed the theorem header of amsthm
(mdframed)              on input line 236.
Package mdframed Info: mdframed detected package amsthm 
 changed the theorem header of amsthm
(mdframed)              on input line 241.
Package mdframed Info: mdframed detected package amsthm 
 changed the theorem header of amsthm
(mdframed)              on input line 250.
 [102 <./input/graphs/note08/img_graph2.pdf>]
Package mdframed Info: mdframed detected package amsthm 
 changed the theorem header of amsthm
(mdframed)              on input line 257.
Package mdframed Info: mdframed detected package amsthm 
 changed the theorem header of amsthm
(mdframed)              on input line 264.
<./input/graphs/note08/img_graph3.pdf, id=2168, 174.46179pt x 223.0985pt>
File: ./input/graphs/note08/img_graph3.pdf Graphic file (type pdf)
<use ./input/graphs/note08/img_graph3.pdf>
Package pdftex.def Info: ./input/graphs/note08/img_graph3.pdf  used on input li
ne 270.
(pdftex.def)             Requested size: 174.46135pt x 223.09793pt.
Package mdframed Info: mdframed detected package amsthm 
 changed the theorem header of amsthm
(mdframed)              on input line 274.
 [103 <./input/graphs/note08/img_graph3.pdf>]
Package mdframed Info: mdframed detected package amsthm 
 changed the theorem header of amsthm
(mdframed)              on input line 310.
<./input/graphs/note08/img_graph4.pdf, id=2194, 113.85236pt x 81.51955pt>
File: ./input/graphs/note08/img_graph4.pdf Graphic file (type pdf)
<use ./input/graphs/note08/img_graph4.pdf>
Package pdftex.def Info: ./input/graphs/note08/img_graph4.pdf  used on input li
ne 315.
(pdftex.def)             Requested size: 113.85207pt x 81.51933pt.
 [104 <./input/graphs/note08/img_graph4.pdf>]
Package mdframed Info: mdframed detected package amsthm 
 changed the theorem header of amsthm
(mdframed)              on input line 329.
Package mdframed Info: mdframed detected package amsthm 
 changed the theorem header of amsthm
(mdframed)              on input line 342.
Package mdframed Info: mdframed detected package amsthm 
 changed the theorem header of amsthm
(mdframed)              on input line 350.
 [105]
Overfull \hbox (4.42368pt too wide) in paragraph at lines 360--361
[][]\OT1/cmr/bx/n/12 (-20) Definition 20.17. [][]\OT1/cmr/m/n/12 (-20) The con-
tour in-te-gral of $\OML/cmm/m/it/12 f$ \OT1/cmr/m/n/12 (-20) along C is de-fin
ed as $[][] \OML/cmm/m/it/12 f\OT1/cmr/m/n/12 (-20) (\OML/cmm/m/it/12 z\OT1/cmr
/m/n/12 (-20) )\OML/cmm/m/it/12 dz \OT1/cmr/m/n/12 (-20) = [][] \OML/cmm/m/it/1
2 f\OT1/cmr/m/n/12 (-20) (\OML/cmm/m/it/12 ^^M\OT1/cmr/m/n/12 (-20) (\OML/cmm/m
/it/12 t\OT1/cmr/m/n/12 (-20) ))\OML/cmm/m/it/12 ^^M[]\OT1/cmr/m/n/12 (-20) (\O
ML/cmm/m/it/12 t\OT1/cmr/m/n/12 (-20) )\OML/cmm/m/it/12 dt$\OT1/cmr/m/n/12 (-20
) . 
 []

Package mdframed Info: mdframed detected package amsthm 
 changed the theorem header of amsthm
(mdframed)              on input line 369.
<./input/graphs/note08/img_graph5.pdf, id=2237, 123.24644pt x 166.1929pt>
File: ./input/graphs/note08/img_graph5.pdf Graphic file (type pdf)
<use ./input/graphs/note08/img_graph5.pdf>
Package pdftex.def Info: ./input/graphs/note08/img_graph5.pdf  used on input li
ne 371.
(pdftex.def)             Requested size: 123.24612pt x 166.19247pt.
Package mdframed Info: mdframed detected package amsthm 
 changed the theorem header of amsthm
(mdframed)              on input line 379.
Package mdframed Info: mdframed detected package amsthm 
 changed the theorem header of amsthm
(mdframed)              on input line 386.
[106 <./input/graphs/note08/img_graph5.pdf>]
Package mdframed Info: mdframed detected package amsthm 
 changed the theorem header of amsthm
(mdframed)              on input line 400.
Package mdframed Info: mdframed detected package amsthm 
 changed the theorem header of amsthm
(mdframed)              on input line 423.
<./input/graphs/note08/img_graph6.pdf, id=2262, 165.9259pt x 137.7406pt>
File: ./input/graphs/note08/img_graph6.pdf Graphic file (type pdf)
<use ./input/graphs/note08/img_graph6.pdf>
Package pdftex.def Info: ./input/graphs/note08/img_graph6.pdf  used on input li
ne 429.
(pdftex.def)             Requested size: 165.92549pt x 137.74025pt.
 [107]) [108 <./input/graphs/note08/img_graph6.pdf>]
\openout2 = `input/note09.aux'.

 (./input/note09.tex

Package zref-xr Warning: File `note01.aux' not found or empty,
(zref-xr)                labels not imported on input line 19.


Package zref-xr Warning: File `note02.aux' not found or empty,
(zref-xr)                labels not imported on input line 20.


Package zref-xr Warning: File `note03.aux' not found or empty,
(zref-xr)                labels not imported on input line 21.


Package zref-xr Warning: File `note04.aux' not found or empty,
(zref-xr)                labels not imported on input line 22.


Package zref-xr Warning: File `note05.aux' not found or empty,
(zref-xr)                labels not imported on input line 23.


Package zref-xr Warning: File `note06.aux' not found or empty,
(zref-xr)                labels not imported on input line 24.


Package zref-xr Warning: File `note07.aux' not found or empty,
(zref-xr)                labels not imported on input line 25.


Package zref-xr Warning: File `note08.aux' not found or empty,
(zref-xr)                labels not imported on input line 26.


Package zref-xr Warning: File `note09.aux' not found or empty,
(zref-xr)                labels not imported on input line 27.


Package zref-xr Warning: File `note10.aux' not found or empty,
(zref-xr)                labels not imported on input line 28.


Package zref-xr Warning: File `note11.aux' not found or empty,
(zref-xr)                labels not imported on input line 30.

Package mdframed Info: mdframed detected package amsthm 
 changed the theorem header of amsthm
(mdframed)              on input line 37.
Package mdframed Info: mdframed detected package amsthm 
 changed the theorem header of amsthm
(mdframed)              on input line 54.
[109



]
Package mdframed Info: mdframed detected package amsthm 
 changed the theorem header of amsthm
(mdframed)              on input line 72.
<./input/graphs/note09/img_graph1.pdf, id=2305, 125.41856pt x 109.2873pt>
File: ./input/graphs/note09/img_graph1.pdf Graphic file (type pdf)
<use ./input/graphs/note09/img_graph1.pdf>
Package pdftex.def Info: ./input/graphs/note09/img_graph1.pdf  used on input li
ne 77.
(pdftex.def)             Requested size: 125.41824pt x 109.28702pt.
 [110]
Package mdframed Info: mdframed detected package amsthm 
 changed the theorem header of amsthm
(mdframed)              on input line 90.
 [111 <./input/graphs/note09/img_graph1.pdf>]
Package mdframed Info: mdframed detected package amsthm 
 changed the theorem header of amsthm
(mdframed)              on input line 109.
<./input/graphs/note09/img_graph2.pdf, id=2339, 279.73708pt x 167.71057pt>
File: ./input/graphs/note09/img_graph2.pdf Graphic file (type pdf)
<use ./input/graphs/note09/img_graph2.pdf>
Package pdftex.def Info: ./input/graphs/note09/img_graph2.pdf  used on input li
ne 115.
(pdftex.def)             Requested size: 279.73639pt x 167.71014pt.
 [112 <./input/graphs/note09/img_graph2.pdf>]
Package mdframed Info: mdframed detected package amsthm 
 changed the theorem header of amsthm
(mdframed)              on input line 132.
Package mdframed Info: mdframed detected package amsthm 
 changed the theorem header of amsthm
(mdframed)              on input line 148.
<./input/graphs/note09/img_graph3.pdf, id=2366, 105.3516pt x 105.3516pt>
File: ./input/graphs/note09/img_graph3.pdf Graphic file (type pdf)
<use ./input/graphs/note09/img_graph3.pdf>
Package pdftex.def Info: ./input/graphs/note09/img_graph3.pdf  used on input li
ne 150.
(pdftex.def)             Requested size: 105.35132pt x 105.35132pt.
Package mdframed Info: mdframed detected package amsthm 
 changed the theorem header of amsthm
(mdframed)              on input line 157.
Package mdframed Info: mdframed detected package amsthm 
 changed the theorem header of amsthm
(mdframed)              on input line 161.
 [113 <./input/graphs/note09/img_graph3.pdf>]
Package mdframed Info: mdframed detected package amsthm 
 changed the theorem header of amsthm
(mdframed)              on input line 174.
Package mdframed Info: mdframed detected package amsthm 
 changed the theorem header of amsthm
(mdframed)              on input line 200.
<./input/graphs/note09/img_graph4.pdf, id=2389, 134.2094pt x 114.90529pt>
File: ./input/graphs/note09/img_graph4.pdf Graphic file (type pdf)
<use ./input/graphs/note09/img_graph4.pdf>
Package pdftex.def Info: ./input/graphs/note09/img_graph4.pdf  used on input li
ne 206.
(pdftex.def)             Requested size: 134.20905pt x 114.905pt.
 [114 <./input/graphs/note09/img_graph4.pdf>]
<./input/graphs/note09/img_graph5.pdf, id=2412, 132.48296pt x 111.39517pt>
File: ./input/graphs/note09/img_graph5.pdf Graphic file (type pdf)
<use ./input/graphs/note09/img_graph5.pdf>
Package pdftex.def Info: ./input/graphs/note09/img_graph5.pdf  used on input li
ne 210.
(pdftex.def)             Requested size: 132.48262pt x 111.3949pt.
<./input/graphs/note09/img_graph6.pdf, id=2413, 192.0485pt x 132.48296pt>
File: ./input/graphs/note09/img_graph6.pdf Graphic file (type pdf)
<use ./input/graphs/note09/img_graph6.pdf>
Package pdftex.def Info: ./input/graphs/note09/img_graph6.pdf  used on input li
ne 219.
(pdftex.def)             Requested size: 192.04802pt x 132.48262pt.
 [115 <./input/graphs/note09/img_graph5.pdf> <./input/graphs/note09/img_graph6.
pdf>]
Package mdframed Info: mdframed detected package amsthm 
 changed the theorem header of amsthm
(mdframed)              on input line 267.
Package mdframed Info: mdframed detected package amsthm 
 changed the theorem header of amsthm
(mdframed)              on input line 273.
<./input/graphs/note09/img_graph7.pdf, id=2433, 165.9259pt x 137.7406pt>
File: ./input/graphs/note09/img_graph7.pdf Graphic file (type pdf)
<use ./input/graphs/note09/img_graph7.pdf>
Package pdftex.def Info: ./input/graphs/note09/img_graph7.pdf  used on input li
ne 281.
(pdftex.def)             Requested size: 165.92549pt x 137.74025pt.
 [116]
<./input/graphs/note09/img_graph8.pdf, id=2443, 194.37819pt x 166.1929pt>
File: ./input/graphs/note09/img_graph8.pdf Graphic file (type pdf)
<use ./input/graphs/note09/img_graph8.pdf>
Package pdftex.def Info: ./input/graphs/note09/img_graph8.pdf  used on input li
ne 288.
(pdftex.def)             Requested size: 194.3777pt x 166.19247pt.
<./input/graphs/note09/img_graph9.pdf, id=2444, 194.37819pt x 166.1929pt>
File: ./input/graphs/note09/img_graph9.pdf Graphic file (type pdf)
<use ./input/graphs/note09/img_graph9.pdf>
Package pdftex.def Info: ./input/graphs/note09/img_graph9.pdf  used on input li
ne 290.
(pdftex.def)             Requested size: 194.3777pt x 166.19247pt.
 [117 <./input/graphs/note09/img_graph7.pdf> <./input/graphs/note09/img_graph8.
pdf> <./input/graphs/note09/img_graph9.pdf>]
Package mdframed Info: mdframed detected package amsthm 
 changed the theorem header of amsthm
(mdframed)              on input line 311.
<./input/graphs/note09/img_graph10.pdf, id=2491, 151.69974pt x 129.50482pt>
File: ./input/graphs/note09/img_graph10.pdf Graphic file (type pdf)
<use ./input/graphs/note09/img_graph10.pdf>
Package pdftex.def Info: ./input/graphs/note09/img_graph10.pdf  used on input l
ine 319.
(pdftex.def)             Requested size: 151.69936pt x 129.5045pt.
 [118 <./input/graphs/note09/img_graph10.pdf>]
Package mdframed Info: mdframed detected package amsthm 
 changed the theorem header of amsthm
(mdframed)              on input line 331.
<./input/graphs/note09/img_graph11.pdf, id=2516, 194.37819pt x 137.7406pt>
File: ./input/graphs/note09/img_graph11.pdf Graphic file (type pdf)
<use ./input/graphs/note09/img_graph11.pdf>
Package pdftex.def Info: ./input/graphs/note09/img_graph11.pdf  used on input l
ine 339.
(pdftex.def)             Requested size: 194.3777pt x 137.74025pt.
Package mdframed Info: mdframed detected package amsthm 
 changed the theorem header of amsthm
(mdframed)              on input line 341.
<./input/graphs/note09/img_graph12.pdf, id=2518, 251.2838pt x 251.55179pt>
File: ./input/graphs/note09/img_graph12.pdf Graphic file (type pdf)
<use ./input/graphs/note09/img_graph12.pdf>
Package pdftex.def Info: ./input/graphs/note09/img_graph12.pdf  used on input l
ine 348.
(pdftex.def)             Requested size: 251.28317pt x 251.55116pt.
 [119 <./input/graphs/note09/img_graph11.pdf>]) [120 <./input/graphs/note09/img
_graph12.pdf>]
\openout2 = `input/note10.aux'.


(./input/note10.tex

Package zref-xr Warning: File `note01.aux' not found or empty,
(zref-xr)                labels not imported on input line 19.


Package zref-xr Warning: File `note02.aux' not found or empty,
(zref-xr)                labels not imported on input line 20.


Package zref-xr Warning: File `note03.aux' not found or empty,
(zref-xr)                labels not imported on input line 21.


Package zref-xr Warning: File `note04.aux' not found or empty,
(zref-xr)                labels not imported on input line 22.


Package zref-xr Warning: File `note05.aux' not found or empty,
(zref-xr)                labels not imported on input line 23.


Package zref-xr Warning: File `note06.aux' not found or empty,
(zref-xr)                labels not imported on input line 24.


Package zref-xr Warning: File `note07.aux' not found or empty,
(zref-xr)                labels not imported on input line 25.


Package zref-xr Warning: File `note08.aux' not found or empty,
(zref-xr)                labels not imported on input line 26.


Package zref-xr Warning: File `note09.aux' not found or empty,
(zref-xr)                labels not imported on input line 27.


Package zref-xr Warning: File `note10.aux' not found or empty,
(zref-xr)                labels not imported on input line 28.


Package zref-xr Warning: File `note11.aux' not found or empty,
(zref-xr)                labels not imported on input line 30.

Package mdframed Info: mdframed detected package amsthm 
 changed the theorem header of amsthm
(mdframed)              on input line 40.
<./input/graphs/note10/img_graph1.pdf, id=2562, 151.69974pt x 129.50482pt>
File: ./input/graphs/note10/img_graph1.pdf Graphic file (type pdf)
<use ./input/graphs/note10/img_graph1.pdf>
Package pdftex.def Info: ./input/graphs/note10/img_graph1.pdf  used on input li
ne 55.
(pdftex.def)             Requested size: 151.69936pt x 129.5045pt.
[121



 <./input/graphs/note10/img_graph1.pdf>]
Package mdframed Info: mdframed detected package amsthm 
 changed the theorem header of amsthm
(mdframed)              on input line 71.
<./input/graphs/note10/img_graph2.pdf, id=2586, 222.83148pt x 166.1929pt>
File: ./input/graphs/note10/img_graph2.pdf Graphic file (type pdf)
<use ./input/graphs/note10/img_graph2.pdf>
Package pdftex.def Info: ./input/graphs/note10/img_graph2.pdf  used on input li
ne 82.
(pdftex.def)             Requested size: 222.83093pt x 166.19247pt.
Package mdframed Info: mdframed detected package amsthm 
 changed the theorem header of amsthm
(mdframed)              on input line 94.
 [122 <./input/graphs/note10/img_graph2.pdf>]
<./input/graphs/note10/img_graph3.pdf, id=2613, 222.83148pt x 166.1929pt>
File: ./input/graphs/note10/img_graph3.pdf Graphic file (type pdf)
<use ./input/graphs/note10/img_graph3.pdf>
Package pdftex.def Info: ./input/graphs/note10/img_graph3.pdf  used on input li
ne 108.
(pdftex.def)             Requested size: 222.83093pt x 166.19247pt.
<./input/graphs/note10/img_graph4.pdf, id=2614, 251.2838pt x 265.77795pt>
File: ./input/graphs/note10/img_graph4.pdf Graphic file (type pdf)
<use ./input/graphs/note10/img_graph4.pdf>
Package pdftex.def Info: ./input/graphs/note10/img_graph4.pdf  used on input li
ne 113.
(pdftex.def)             Requested size: 251.28317pt x 265.7773pt.
<./input/graphs/note10/img_graph5.pdf, id=2615, 165.9259pt x 109.2873pt>
File: ./input/graphs/note10/img_graph5.pdf Graphic file (type pdf)
<use ./input/graphs/note10/img_graph5.pdf>
Package pdftex.def Info: ./input/graphs/note10/img_graph5.pdf  used on input li
ne 118.
(pdftex.def)             Requested size: 165.92549pt x 109.28702pt.
 [123 <./input/graphs/note10/img_graph3.pdf> <./input/graphs/note10/img_graph4.
pdf>]
<./input/graphs/note10/img_graph6.pdf, id=2656, 336.6427pt x 336.9097pt>
File: ./input/graphs/note10/img_graph6.pdf Graphic file (type pdf)
<use ./input/graphs/note10/img_graph6.pdf>
Package pdftex.def Info: ./input/graphs/note10/img_graph6.pdf  used on input li
ne 128.
(pdftex.def)             Requested size: 336.64188pt x 336.90887pt.
 [124 <./input/graphs/note10/img_graph5.pdf> <./input/graphs/note10/img_graph6.
pdf>]
Package mdframed Info: mdframed detected package amsthm 
 changed the theorem header of amsthm
(mdframed)              on input line 147.
<./input/graphs/note10/img_graph7.pdf, id=2694, 69.9413pt x 69.79776pt>
File: ./input/graphs/note10/img_graph7.pdf Graphic file (type pdf)
<use ./input/graphs/note10/img_graph7.pdf>
Package pdftex.def Info: ./input/graphs/note10/img_graph7.pdf  used on input li
ne 155.
(pdftex.def)             Requested size: 69.94112pt x 69.79758pt.
 [125 <./input/graphs/note10/img_graph7.pdf>]
Package mdframed Info: mdframed detected package amsthm 
 changed the theorem header of amsthm
(mdframed)              on input line 182.
Package mdframed Info: mdframed detected package amsthm 
 changed the theorem header of amsthm
(mdframed)              on input line 190.
Package mdframed Info: mdframed detected package amsthm 
 changed the theorem header of amsthm
(mdframed)              on input line 205.
 [126]
Package mdframed Info: mdframed detected package amsthm 
 changed the theorem header of amsthm
(mdframed)              on input line 232.
<./input/graphs/note10/img_graph8.pdf, id=2729, 167.79889pt x 139.1358pt>
File: ./input/graphs/note10/img_graph8.pdf Graphic file (type pdf)
<use ./input/graphs/note10/img_graph8.pdf>
Package pdftex.def Info: ./input/graphs/note10/img_graph8.pdf  used on input li
ne 241.
(pdftex.def)             Requested size: 167.79848pt x 139.13545pt.

[127]
Package mdframed Info: mdframed detected package amsthm 
 changed the theorem header of amsthm
(mdframed)              on input line 261.
 [128 <./input/graphs/note10/img_graph8.pdf>]
Package mdframed Info: mdframed detected package amsthm 
 changed the theorem header of amsthm
(mdframed)              on input line 290.
Package mdframed Info: mdframed detected package amsthm 
 changed the theorem header of amsthm
(mdframed)              on input line 310.
Package mdframed Info: mdframed detected package amsthm 
 changed the theorem header of amsthm
(mdframed)              on input line 319.

Overfull \hbox (11.80272pt too wide) detected at line 326
\OML/cmm/m/it/12 z\OT1/cmr/m/n/12 (\OML/cmm/m/it/12 e[] \OMS/cmsy/m/n/12 ^^@ \O
T1/cmr/m/n/12 1) = \OML/cmm/m/it/12 z [] \OT1/cmr/m/n/12 = \OML/cmm/m/it/12 z [
] \OT1/cmr/m/n/12 = \OML/cmm/m/it/12 z[] []
 []

[129]
Package mdframed Info: mdframed detected package amsthm 
 changed the theorem header of amsthm
(mdframed)              on input line 336.
Package mdframed Info: mdframed detected package amsthm 
 changed the theorem header of amsthm
(mdframed)              on input line 354.
Package mdframed Info: mdframed detected package amsthm 
 changed the theorem header of amsthm
(mdframed)              on input line 373.
 [130]
Package mdframed Info: mdframed detected package amsthm 
 changed the theorem header of amsthm
(mdframed)              on input line 400.
 [131]
Package mdframed Info: mdframed detected package amsthm 
 changed the theorem header of amsthm
(mdframed)              on input line 420.
Package mdframed Info: mdframed detected package amsthm 
 changed the theorem header of amsthm
(mdframed)              on input line 425.
Package mdframed Info: mdframed detected package amsthm 
 changed the theorem header of amsthm
(mdframed)              on input line 427.
<./input/graphs/note10/img_graph9.pdf, id=2795, 257.87442pt x 148.62627pt>
File: ./input/graphs/note10/img_graph9.pdf Graphic file (type pdf)
<use ./input/graphs/note10/img_graph9.pdf>
Package pdftex.def Info: ./input/graphs/note10/img_graph9.pdf  used on input li
ne 430.
(pdftex.def)             Requested size: 257.87378pt x 148.62589pt.
Package mdframed Info: mdframed detected package amsthm 
 changed the theorem header of amsthm
(mdframed)              on input line 440.
 [132 <./input/graphs/note10/img_graph9.pdf>]) [133]
\openout2 = `input/note11.aux'.


(./input/note11.tex

Package zref-xr Warning: File `note01.aux' not found or empty,
(zref-xr)                labels not imported on input line 20.


Package zref-xr Warning: File `note02.aux' not found or empty,
(zref-xr)                labels not imported on input line 21.


Package zref-xr Warning: File `note03.aux' not found or empty,
(zref-xr)                labels not imported on input line 22.


Package zref-xr Warning: File `note04.aux' not found or empty,
(zref-xr)                labels not imported on input line 23.


Package zref-xr Warning: File `note05.aux' not found or empty,
(zref-xr)                labels not imported on input line 24.


Package zref-xr Warning: File `note06.aux' not found or empty,
(zref-xr)                labels not imported on input line 25.


Package zref-xr Warning: File `note07.aux' not found or empty,
(zref-xr)                labels not imported on input line 26.


Package zref-xr Warning: File `note08.aux' not found or empty,
(zref-xr)                labels not imported on input line 27.


Package zref-xr Warning: File `note09.aux' not found or empty,
(zref-xr)                labels not imported on input line 28.


Package zref-xr Warning: File `note10.aux' not found or empty,
(zref-xr)                labels not imported on input line 29.


Package zref-xr Warning: File `note11.aux' not found or empty,
(zref-xr)                labels not imported on input line 31.

Package mdframed Info: mdframed detected package amsthm 
 changed the theorem header of amsthm
(mdframed)              on input line 43.
Package mdframed Info: mdframed detected package amsthm 
 changed the theorem header of amsthm
(mdframed)              on input line 62.
Package mdframed Info: mdframed detected package amsthm 
 changed the theorem header of amsthm
(mdframed)              on input line 75.
[134



] [135]
Package mdframed Info: mdframed detected package amsthm 
 changed the theorem header of amsthm
(mdframed)              on input line 154.
 [136]
Package mdframed Info: mdframed detected package amsthm 
 changed the theorem header of amsthm
(mdframed)              on input line 185.
 [137] [138]
<./input/graphs/note11/img_graph1.pdf, id=2877, 224.56999pt x 131.43002pt>
File: ./input/graphs/note11/img_graph1.pdf Graphic file (type pdf)
<use ./input/graphs/note11/img_graph1.pdf>
Package pdftex.def Info: ./input/graphs/note11/img_graph1.pdf  used on input li
ne 267.
(pdftex.def)             Requested size: 224.56943pt x 131.42969pt.
Package mdframed Info: mdframed detected package amsthm 
 changed the theorem header of amsthm
(mdframed)              on input line 288.
Package mdframed Info: Not enough space on this page on input line 290.
 [139 <./input/graphs/note11/img_graph1.pdf>]
Package mdframed Info: Not enough space on this page on input line 290.
Package mdframed Info: mdframed detected package amsthm 
 changed the theorem header of amsthm
(mdframed)              on input line 304.
Package mdframed Info: mdframed detected package amsthm 
 changed the theorem header of amsthm
(mdframed)              on input line 313.
Package mdframed Info: mdframed detected package amsthm 
 changed the theorem header of amsthm
(mdframed)              on input line 316.

[140]
Package mdframed Info: mdframed detected package amsthm 
 changed the theorem header of amsthm
(mdframed)              on input line 346.
Package mdframed Info: mdframed detected package amsthm 
 changed the theorem header of amsthm
(mdframed)              on input line 351.
Package mdframed Info: mdframed detected package amsthm 
 changed the theorem header of amsthm
(mdframed)              on input line 359.
 [141]
Package mdframed Info: mdframed detected package amsthm 
 changed the theorem header of amsthm
(mdframed)              on input line 391.
Package mdframed Info: mdframed detected package amsthm 
 changed the theorem header of amsthm
(mdframed)              on input line 398.
Package mdframed Info: mdframed detected package amsthm 
 changed the theorem header of amsthm
(mdframed)              on input line 405.
 [142]
Package mdframed Info: Not enough space on this page on input line 406.

Overfull \hbox (1.94427pt too wide) in paragraph at lines 427--429
[]$\OMS/cmsy/m/n/12 ) []\OT1/cmr/m/n/12 (-20) ([] \OML/cmm/m/it/12 ^^Yz; n\OT1/
cmr/m/n/12 (-20) ) = []$ and thus, since $[]$ is an-a-lytic for ev-ery $\OML/cm
m/m/it/12 z \OMS/cmsy/m/n/12 6\OT1/cmr/m/n/12 (-20) = 0$, $[] [] =
 []

Package mdframed Info: mdframed detected package amsthm 
 changed the theorem header of amsthm
(mdframed)              on input line 430.
<./input/graphs/note11/img_graph2.pdf, id=2940, 248.127pt x 248.661pt>
File: ./input/graphs/note11/img_graph2.pdf Graphic file (type pdf)
<use ./input/graphs/note11/img_graph2.pdf>
Package pdftex.def Info: ./input/graphs/note11/img_graph2.pdf  used on input li
ne 452.
(pdftex.def)             Requested size: 248.12637pt x 248.66039pt.
[143]
Package mdframed Info: mdframed detected package amsthm 
 changed the theorem header of amsthm
(mdframed)              on input line 459.
 [144 <./input/graphs/note11/img_graph2.pdf>] [145]) [146] (./main.aux
(./input/note01.aux) (./input/note02.aux) (./input/note03.aux)
(./input/note04.aux) (./input/note05.aux) (./input/note06.aux)
(./input/note07.aux) (./input/note08.aux) (./input/note09.aux)
(./input/note10.aux) (./input/note11.aux))
 ***********
LaTeX2e <2023-11-01> patch level 1
L3 programming layer <2020/03/25>
 ***********


LaTeX Warning: There were multiply-defined labels.

Package rerunfilecheck Info: File `main.out' has not changed.
(rerunfilecheck)             Checksum: 328256B3DC0AD6809349D2168F977254;5690.
 ) 
Here is how much of TeX's memory you used:
 38323 strings out of 474228
 784705 string characters out of 5746458
 1953975 words of memory out of 5000000
 58632 multiletter control sequences out of 15000+600000
 588725 words of font info for 258 fonts, out of 8000000 for 9000
 1141 hyphenation exceptions out of 8191
 119i,16n,123p,1001b,1365s stack positions out of 10000i,1000n,20000p,200000b,200000s
</usr/local/texlive/2023/texmf-dist/fonts/type1/public/amsfonts/cm/cmbx10.pfb
></usr/local/texlive/2023/texmf-dist/fonts/type1/public/amsfonts/cm/cmbx12.pfb>
</usr/local/texlive/2023/texmf-dist/fonts/type1/public/amsfonts/cm/cmbxti10.pfb
></usr/local/texlive/2023/texmf-dist/fonts/type1/public/amsfonts/cm/cmex10.pfb>
</usr/local/texlive/2023/texmf-dist/fonts/type1/public/amsfonts/cm/cmmi10.pfb><
/usr/local/texlive/2023/texmf-dist/fonts/type1/public/amsfonts/cm/cmmi12.pfb></
usr/local/texlive/2023/texmf-dist/fonts/type1/public/amsfonts/cm/cmmi6.pfb></us
r/local/texlive/2023/texmf-dist/fonts/type1/public/amsfonts/cm/cmmi7.pfb></usr/
local/texlive/2023/texmf-dist/fonts/type1/public/amsfonts/cm/cmmi8.pfb></usr/lo
cal/texlive/2023/texmf-dist/fonts/type1/public/amsfonts/cm/cmmi9.pfb></usr/loca
l/texlive/2023/texmf-dist/fonts/type1/public/amsfonts/cm/cmr10.pfb></usr/local/
texlive/2023/texmf-dist/fonts/type1/public/amsfonts/cm/cmr12.pfb></usr/local/te
xlive/2023/texmf-dist/fonts/type1/public/amsfonts/cm/cmr17.pfb></usr/local/texl
ive/2023/texmf-dist/fonts/type1/public/amsfonts/cm/cmr5.pfb></usr/local/texlive
/2023/texmf-dist/fonts/type1/public/amsfonts/cm/cmr6.pfb></usr/local/texlive/20
23/texmf-dist/fonts/type1/public/amsfonts/cm/cmr7.pfb></usr/local/texlive/2023/
texmf-dist/fonts/type1/public/amsfonts/cm/cmr8.pfb></usr/local/texlive/2023/tex
mf-dist/fonts/type1/public/amsfonts/cm/cmr9.pfb></usr/local/texlive/2023/texmf-
dist/fonts/type1/public/amsfonts/cm/cmss12.pfb></usr/local/texlive/2023/texmf-d
ist/fonts/type1/public/amsfonts/cm/cmssbx10.pfb></usr/local/texlive/2023/texmf-
dist/fonts/type1/public/amsfonts/cm/cmsy10.pfb></usr/local/texlive/2023/texmf-d
ist/fonts/type1/public/amsfonts/cm/cmsy5.pfb></usr/local/texlive/2023/texmf-dis
t/fonts/type1/public/amsfonts/cm/cmsy6.pfb></usr/local/texlive/2023/texmf-dist/
fonts/type1/public/amsfonts/cm/cmsy7.pfb></usr/local/texlive/2023/texmf-dist/fo
nts/type1/public/amsfonts/cm/cmsy8.pfb></usr/local/texlive/2023/texmf-dist/font
s/type1/public/amsfonts/cm/cmsy9.pfb></usr/local/texlive/2023/texmf-dist/fonts/
type1/public/amsfonts/cm/cmti10.pfb></usr/local/texlive/2023/texmf-dist/fonts/t
ype1/public/amsfonts/cm/cmti12.pfb></usr/local/texlive/2023/texmf-dist/fonts/ty
pe1/public/amsfonts/cm/cmtt10.pfb></usr/local/texlive/2023/texmf-dist/fonts/typ
e1/public/amsfonts/cm/cmtt12.pfb></usr/local/texlive/2023/texmf-dist/fonts/type
1/public/amsfonts/symbols/msam10.pfb></usr/local/texlive/2023/texmf-dist/fonts/
type1/public/amsfonts/symbols/msbm10.pfb></usr/local/texlive/2023/texmf-dist/fo
nts/type1/public/cm-super/sfrm0700.pfb></usr/local/texlive/2023/texmf-dist/font
s/type1/public/cm-super/sfrm1000.pfb></usr/local/texlive/2023/texmf-dist/fonts/
type1/public/cm-super/sfrm1200.pfb>
Output written on main.pdf (146 pages, 1301797 bytes).
PDF statistics:
 3301 PDF objects out of 3580 (max. 8388607)
 2705 compressed objects within 28 object streams
 959 named destinations out of 1000 (max. 500000)
 55567 words of extra memory for PDF output out of 61914 (max. 10000000)

